sokol(level warn) (no message)
[gfx/info] GPU: llvmpipe (LLVM 22.1.8, 256 bits) (Mesa)
sokol-capacity: 65536 debug shapes and opaque instances per stream
GPU adapter: NVIDIA GeForce RTX 4070 SUPER | backend=Vulkan driver=NVIDIA
GPU features: subgroups
GPU limits: storage bind 2048.0 MiB, buffer 17592186044416.0 MiB
gpu-alloc scene generation=1 bodies=256 shapes=264 hull_points=64 hull_planes=64 hull_edges=64 hull_topology=64 mesh_vertices=33700 mesh_triangles=64000 mesh_nodes=15800 materials=264 joints=16 scene_heap_bytes=2304192 max=536870912
physics-pipeline-cache: loaded 0 bytes
gpu-alloc scene generation=0 bodies=256 shapes=264 hull_points=64 hull_planes=64 hull_edges=64 hull_topology=64 mesh_vertices=33700 mesh_triangles=64000 mesh_nodes=15800 materials=264 joints=16 scene_heap_bytes=2304192 max=536870912
gpu-scene-input shapes=200 mesh_vertices=33700 mesh_triangles=64000 scene_heap_bytes=2304192
GPU pose export: Vulkan opaque FD 37 (28672 bytes)
physics-pipeline-cache: save 6383773 bytes, success=true
gpu-loading: ready after 2.587 s, 76 loading frames, world 1:2 (no physics steps)
sokol-renderer: Mesa / llvmpipe (LLVM 22.1.8, 256 bits); framebuffer=640x360
phase-progress {"kind":"phase","phase":"setters","frame":1,"submitted":0,"completed":0,"bodies":0,"joints":0,"physics_ns":0,"draw_ns":0,"render_ns":0,"ui_ns":0,"commit_ns":0,"profile_ns":0,"health_ns":0,"query_wait_ms":0,"query_map_ms":0,"query_encode_ms":0,"query_copied_bytes":0}
phase-progress {"kind":"phase","phase":"physics","frame":1,"submitted":0,"completed":0,"bodies":0,"joints":0,"physics_ns":0,"draw_ns":0,"render_ns":0,"ui_ns":0,"commit_ns":0,"profile_ns":0,"health_ns":0,"query_wait_ms":0,"query_map_ms":0,"query_encode_ms":0,"query_copied_bytes":0}
gpu-alloc scene generation=1 bodies=520 shapes=620 hull_points=840 hull_planes=64 hull_edges=64 hull_topology=64 mesh_vertices=33700 mesh_triangles=64000 mesh_nodes=15800 materials=620 joints=420 scene_heap_bytes=2440064 max=536870912
gpu-alloc scene generation=0 bodies=520 shapes=620 hull_points=840 hull_planes=64 hull_edges=64 hull_topology=64 mesh_vertices=33700 mesh_triangles=64000 mesh_nodes=15800 materials=620 joints=420 scene_heap_bytes=2440064 max=536870912
gpu-scene-input shapes=620 mesh_vertices=33700 mesh_triangles=64000 scene_heap_bytes=2440064
GPU pose export: Vulkan opaque FD 38 (58368 bytes)
phase-progress {"kind":"health_begin","phase":"health","frame":1,"submitted":0,"completed":0,"bodies":520,"joints":420,"physics_ns":0,"draw_ns":0,"render_ns":0,"ui_ns":0,"commit_ns":0,"profile_ns":0,"health_ns":0,"query_wait_ms":0,"query_map_ms":0,"query_encode_ms":0,"query_copied_bytes":0}
phase-progress {"kind":"health_end","phase":"health","frame":1,"submitted":0,"completed":0,"bodies":520,"joints":420,"physics_ns":0,"draw_ns":0,"render_ns":0,"ui_ns":0,"commit_ns":0,"profile_ns":0,"health_ns":38076045,"query_wait_ms":0,"query_map_ms":0,"query_encode_ms":0,"query_copied_bytes":0}
phase-progress {"kind":"phase","phase":"profile","frame":1,"submitted":0,"completed":0,"bodies":520,"joints":420,"physics_ns":73575627,"draw_ns":0,"render_ns":0,"ui_ns":0,"commit_ns":0,"profile_ns":0,"health_ns":38076045,"query_wait_ms":0,"query_map_ms":0,"query_encode_ms":0,"query_copied_bytes":0}
phase-progress {"kind":"phase","phase":"pick","frame":1,"submitted":0,"completed":0,"bodies":520,"joints":420,"physics_ns":73575627,"draw_ns":0,"render_ns":0,"ui_ns":0,"commit_ns":0,"profile_ns":7950,"health_ns":38076045,"query_wait_ms":0,"query_map_ms":0,"query_encode_ms":0,"query_copied_bytes":0}
phase-progress {"kind":"phase","phase":"draw","frame":1,"submitted":0,"completed":0,"bodies":520,"joints":420,"physics_ns":73575627,"draw_ns":0,"render_ns":0,"ui_ns":0,"commit_ns":0,"profile_ns":7950,"health_ns":38076045,"query_wait_ms":6.50000002e-05,"query_map_ms":0.00245500007,"query_encode_ms":0.114518002,"query_copied_bytes":64}
GPU pose import skipped: different or unknown GPU UUID; using current CPU pose mirrors
phase-progress {"kind":"phase","phase":"render","frame":1,"submitted":1,"completed":1,"bodies":520,"joints":420,"physics_ns":73575627,"draw_ns":433859,"render_ns":0,"ui_ns":0,"commit_ns":0,"profile_ns":7950,"health_ns":38076045,"query_wait_ms":6.50000002e-05,"query_map_ms":0.00245500007,"query_encode_ms":0.114518002,"query_copied_bytes":64}
phase-progress {"kind":"phase","phase":"ui","frame":1,"submitted":1,"completed":1,"bodies":520,"joints":420,"physics_ns":73575627,"draw_ns":433859,"render_ns":310372530,"ui_ns":0,"commit_ns":0,"profile_ns":7950,"health_ns":38076045,"query_wait_ms":6.50000002e-05,"query_map_ms":0.00245500007,"query_encode_ms":0.114518002,"query_copied_bytes":64}
phase-progress {"kind":"phase","phase":"commit","frame":1,"submitted":1,"completed":1,"bodies":520,"joints":420,"physics_ns":73575627,"draw_ns":433859,"render_ns":310372530,"ui_ns":154654,"commit_ns":0,"profile_ns":7950,"health_ns":38076045,"query_wait_ms":6.50000002e-05,"query_map_ms":0.00245500007,"query_encode_ms":0.114518002,"query_copied_bytes":64}
startup: scene=27.198 ms gpu=1100.811 ms first-scene-frame=2972.416 ms loading-frames=76
phase-progress {"kind":"phase","phase":"limiter","frame":1,"submitted":1,"completed":1,"bodies":520,"joints":420,"physics_ns":73575627,"draw_ns":433859,"render_ns":310372530,"ui_ns":154654,"commit_ns":21996,"profile_ns":7950,"health_ns":38076045,"query_wait_ms":6.50000002e-05,"query_map_ms":0.00245500007,"query_encode_ms":0.114518002,"query_copied_bytes":64}
phase-progress {"kind":"phase","phase":"end","frame":1,"submitted":1,"completed":1,"bodies":520,"joints":420,"physics_ns":73575627,"draw_ns":433859,"render_ns":310372530,"ui_ns":154654,"commit_ns":21996,"profile_ns":7950,"health_ns":38076045,"query_wait_ms":6.50000002e-05,"query_map_ms":0.00245500007,"query_encode_ms":0.114518002,"query_copied_bytes":64}
phase-progress {"kind":"frame","phase":"end","frame":1,"submitted":1,"completed":1,"bodies":520,"joints":420,"physics_ns":73575627,"draw_ns":433859,"render_ns":310372530,"ui_ns":154654,"commit_ns":21996,"profile_ns":7950,"health_ns":38076045,"query_wait_ms":6.50000002e-05,"query_map_ms":0.00245500007,"query_encode_ms":0.114518002,"query_copied_bytes":64}
phase-progress {"kind":"phase","phase":"setters","frame":2,"submitted":1,"completed":1,"bodies":0,"joints":0,"physics_ns":0,"draw_ns":0,"render_ns":0,"ui_ns":0,"commit_ns":0,"profile_ns":0,"health_ns":0,"query_wait_ms":0,"query_map_ms":0,"query_encode_ms":0,"query_copied_bytes":0}
phase-progress {"kind":"phase","phase":"physics","frame":2,"submitted":1,"completed":1,"bodies":0,"joints":0,"physics_ns":0,"draw_ns":0,"render_ns":0,"ui_ns":0,"commit_ns":0,"profile_ns":0,"health_ns":0,"query_wait_ms":0,"query_map_ms":0,"query_encode_ms":0,"query_copied_bytes":0}
phase-progress {"kind":"health_begin","phase":"health","frame":2,"submitted":1,"completed":1,"bodies":520,"joints":420,"physics_ns":0,"draw_ns":0,"render_ns":0,"ui_ns":0,"commit_ns":0,"profile_ns":0,"health_ns":0,"query_wait_ms":0,"query_map_ms":0,"query_encode_ms":0,"query_copied_bytes":0}
phase-progress {"kind":"health_end","phase":"health","frame":2,"submitted":1,"completed":1,"bodies":520,"joints":420,"physics_ns":0,"draw_ns":0,"render_ns":0,"ui_ns":0,"commit_ns":0,"profile_ns":0,"health_ns":23638937,"query_wait_ms":0,"query_map_ms":0,"query_encode_ms":0,"query_copied_bytes":0}
phase-progress {"kind":"phase","phase":"profile","frame":2,"submitted":1,"completed":1,"bodies":520,"joints":420,"physics_ns":26057022,"draw_ns":0,"render_ns":0,"ui_ns":0,"commit_ns":0,"profile_ns":0,"health_ns":23638937,"query_wait_ms":0,"query_map_ms":0,"query_encode_ms":0,"query_copied_bytes":0}
phase-progress {"kind":"phase","phase":"pick","frame":2,"submitted":1,"completed":1,"bodies":520,"joints":420,"physics_ns":26057022,"draw_ns":0,"render_ns":0,"ui_ns":0,"commit_ns":0,"profile_ns":8126,"health_ns":23638937,"query_wait_ms":0,"query_map_ms":0,"query_encode_ms":0,"query_copied_bytes":0}
phase-progress {"kind":"phase","phase":"draw","frame":2,"submitted":1,"completed":1,"bodies":520,"joints":420,"physics_ns":26057022,"draw_ns":0,"render_ns":0,"ui_ns":0,"commit_ns":0,"profile_ns":8126,"health_ns":23638937,"query_wait_ms":6.80000012e-05,"query_map_ms":0.00237900019,"query_encode_ms":0.0536900014,"query_copied_bytes":64}
phase-progress {"kind":"phase","phase":"render","frame":2,"submitted":2,"completed":2,"bodies":520,"joints":420,"physics_ns":26057022,"draw_ns":124514,"render_ns":0,"ui_ns":0,"commit_ns":0,"profile_ns":8126,"health_ns":23638937,"query_wait_ms":6.80000012e-05,"query_map_ms":0.00237900019,"query_encode_ms":0.0536900014,"query_copied_bytes":64}
phase-progress {"kind":"phase","phase":"ui","frame":2,"submitted":2,"completed":2,"bodies":520,"joints":420,"physics_ns":26057022,"draw_ns":124514,"render_ns":252649872,"ui_ns":0,"commit_ns":0,"profile_ns":8126,"health_ns":23638937,"query_wait_ms":6.80000012e-05,"query_map_ms":0.00237900019,"query_encode_ms":0.0536900014,"query_copied_bytes":64}
phase-progress {"kind":"phase","phase":"commit","frame":2,"submitted":2,"completed":2,"bodies":520,"joints":420,"physics_ns":26057022,"draw_ns":124514,"render_ns":252649872,"ui_ns":92531,"commit_ns":0,"profile_ns":8126,"health_ns":23638937,"query_wait_ms":6.80000012e-05,"query_map_ms":0.00237900019,"query_encode_ms":0.0536900014,"query_copied_bytes":64}
phase-progress {"kind":"phase","phase":"limiter","frame":2,"submitted":2,"completed":2,"bodies":520,"joints":420,"physics_ns":26057022,"draw_ns":124514,"render_ns":252649872,"ui_ns":92531,"commit_ns":15958,"profile_ns":8126,"health_ns":23638937,"query_wait_ms":6.80000012e-05,"query_map_ms":0.00237900019,"query_encode_ms":0.0536900014,"query_copied_bytes":64}
phase-progress {"kind":"phase","phase":"end","frame":2,"submitted":2,"completed":2,"bodies":520,"joints":420,"physics_ns":26057022,"draw_ns":124514,"render_ns":252649872,"ui_ns":92531,"commit_ns":15958,"profile_ns":8126,"health_ns":23638937,"query_wait_ms":6.80000012e-05,"query_map_ms":0.00237900019,"query_encode_ms":0.0536900014,"query_copied_bytes":64}
phase-progress {"kind":"frame","phase":"end","frame":2,"submitted":2,"completed":2,"bodies":520,"joints":420,"physics_ns":26057022,"draw_ns":124514,"render_ns":252649872,"ui_ns":92531,"commit_ns":15958,"profile_ns":8126,"health_ns":23638937,"query_wait_ms":6.80000012e-05,"query_map_ms":0.00237900019,"query_encode_ms":0.0536900014,"query_copied_bytes":64}
phase-progress {"kind":"phase","phase":"setters","frame":3,"submitted":2,"completed":2,"bodies":0,"joints":0,"physics_ns":0,"draw_ns":0,"render_ns":0,"ui_ns":0,"commit_ns":0,"profile_ns":0,"health_ns":0,"query_wait_ms":0,"query_map_ms":0,"query_encode_ms":0,"query_copied_bytes":0}
phase-progress {"kind":"phase","phase":"physics","frame":3,"submitted":2,"completed":2,"bodies":0,"joints":0,"physics_ns":0,"draw_ns":0,"render_ns":0,"ui_ns":0,"commit_ns":0,"profile_ns":0,"health_ns":0,"query_wait_ms":0,"query_map_ms":0,"query_encode_ms":0,"query_copied_bytes":0}
phase-progress {"kind":"health_begin","phase":"health","frame":3,"submitted":2,"completed":2,"bodies":520,"joints":420,"physics_ns":0,"draw_ns":0,"render_ns":0,"ui_ns":0,"commit_ns":0,"profile_ns":0,"health_ns":0,"query_wait_ms":0,"query_map_ms":0,"query_encode_ms":0,"query_copied_bytes":0}
phase-progress {"kind":"health_end","phase":"health","frame":3,"submitted":2,"completed":2,"bodies":520,"joints":420,"physics_ns":0,"draw_ns":0,"render_ns":0,"ui_ns":0,"commit_ns":0,"profile_ns":0,"health_ns":24043565,"query_wait_ms":0,"query_map_ms":0,"query_encode_ms":0,"query_copied_bytes":0}
phase-progress {"kind":"phase","phase":"profile","frame":3,"submitted":2,"completed":2,"bodies":520,"joints":420,"physics_ns":26819372,"draw_ns":0,"render_ns":0,"ui_ns":0,"commit_ns":0,"profile_ns":0,"health_ns":24043565,"query_wait_ms":0,"query_map_ms":0,"query_encode_ms":0,"query_copied_bytes":0}
phase-progress {"kind":"phase","phase":"pick","frame":3,"submitted":2,"completed":2,"bodies":520,"joints":420,"physics_ns":26819372,"draw_ns":0,"render_ns":0,"ui_ns":0,"commit_ns":0,"profile_ns":8069,"health_ns":24043565,"query_wait_ms":0,"query_map_ms":0,"query_encode_ms":0,"query_copied_bytes":0}
phase-progress {"kind":"phase","phase":"draw","frame":3,"submitted":2,"completed":2,"bodies":520,"joints":420,"physics_ns":26819372,"draw_ns":0,"render_ns":0,"ui_ns":0,"commit_ns":0,"profile_ns":8069,"health_ns":24043565,"query_wait_ms":5.60000008e-05,"query_map_ms":0.00236100005,"query_encode_ms":0.0559289977,"query_copied_bytes":64}
phase-progress {"kind":"phase","phase":"render","frame":3,"submitted":3,"completed":3,"bodies":520,"joints":420,"physics_ns":26819372,"draw_ns":126185,"render_ns":0,"ui_ns":0,"commit_ns":0,"profile_ns":8069,"health_ns":24043565,"query_wait_ms":5.60000008e-05,"query_map_ms":0.00236100005,"query_encode_ms":0.0559289977,"query_copied_bytes":64}
phase-progress {"kind":"phase","phase":"ui","frame":3,"submitted":3,"completed":3,"bodies":520,"joints":420,"physics_ns":26819372,"draw_ns":126185,"render_ns":240928320,"ui_ns":0,"commit_ns":0,"profile_ns":8069,"health_ns":24043565,"query_wait_ms":5.60000008e-05,"query_map_ms":0.00236100005,"query_encode_ms":0.0559289977,"query_copied_bytes":64}
phase-progress {"kind":"phase","phase":"commit","frame":3,"submitted":3,"completed":3,"bodies":520,"joints":420,"physics_ns":26819372,"draw_ns":126185,"render_ns":240928320,"ui_ns":90683,"commit_ns":0,"profile_ns":8069,"health_ns":24043565,"query_wait_ms":5.60000008e-05,"query_map_ms":0.00236100005,"query_encode_ms":0.0559289977,"query_copied_bytes":64}
phase-progress {"kind":"phase","phase":"limiter","frame":3,"submitted":3,"completed":3,"bodies":520,"joints":420,"physics_ns":26819372,"draw_ns":126185,"render_ns":240928320,"ui_ns":90683,"commit_ns":16441,"profile_ns":8069,"health_ns":24043565,"query_wait_ms":5.60000008e-05,"query_map_ms":0.00236100005,"query_encode_ms":0.0559289977,"query_copied_bytes":64}
phase-progress {"kind":"phase","phase":"end","frame":3,"submitted":3,"completed":3,"bodies":520,"joints":420,"physics_ns":26819372,"draw_ns":126185,"render_ns":240928320,"ui_ns":90683,"commit_ns":16441,"profile_ns":8069,"health_ns":24043565,"query_wait_ms":5.60000008e-05,"query_map_ms":0.00236100005,"query_encode_ms":0.0559289977,"query_copied_bytes":64}
phase-progress {"kind":"frame","phase":"end","frame":3,"submitted":3,"completed":3,"bodies":520,"joints":420,"physics_ns":26819372,"draw_ns":126185,"render_ns":240928320,"ui_ns":90683,"commit_ns":16441,"profile_ns":8069,"health_ns":24043565,"query_wait_ms":5.60000008e-05,"query_map_ms":0.00236100005,"query_encode_ms":0.0559289977,"query_copied_bytes":64}
phase-progress {"kind":"phase","phase":"setters","frame":4,"submitted":3,"completed":3,"bodies":0,"joints":0,"physics_ns":0,"draw_ns":0,"render_ns":0,"ui_ns":0,"commit_ns":0,"profile_ns":0,"health_ns":0,"query_wait_ms":0,"query_map_ms":0,"query_encode_ms":0,"query_copied_bytes":0}
phase-progress {"kind":"phase","phase":"physics","frame":4,"submitted":3,"completed":3,"bodies":0,"joints":0,"physics_ns":0,"draw_ns":0,"render_ns":0,"ui_ns":0,"commit_ns":0,"profile_ns":0,"health_ns":0,"query_wait_ms":0,"query_map_ms":0,"query_encode_ms":0,"query_copied_bytes":0}
phase-progress {"kind":"health_begin","phase":"health","frame":4,"submitted":3,"completed":3,"bodies":520,"joints":420,"physics_ns":0,"draw_ns":0,"render_ns":0,"ui_ns":0,"commit_ns":0,"profile_ns":0,"health_ns":0,"query_wait_ms":0,"query_map_ms":0,"query_encode_ms":0,"query_copied_bytes":0}
phase-progress {"kind":"health_end","phase":"health","frame":4,"submitted":3,"completed":3,"bodies":520,"joints":420,"physics_ns":0,"draw_ns":0,"render_ns":0,"ui_ns":0,"commit_ns":0,"profile_ns":0,"health_ns":24362797,"query_wait_ms":0,"query_map_ms":0,"query_encode_ms":0,"query_copied_bytes":0}
phase-progress {"kind":"phase","phase":"profile","frame":4,"submitted":3,"completed":3,"bodies":520,"joints":420,"physics_ns":26594366,"draw_ns":0,"render_ns":0,"ui_ns":0,"commit_ns":0,"profile_ns":0,"health_ns":24362797,"query_wait_ms":0,"query_map_ms":0,"query_encode_ms":0,"query_copied_bytes":0}
phase-progress {"kind":"phase","phase":"pick","frame":4,"submitted":3,"completed":3,"bodies":520,"joints":420,"physics_ns":26594366,"draw_ns":0,"render_ns":0,"ui_ns":0,"commit_ns":0,"profile_ns":8275,"health_ns":24362797,"query_wait_ms":0,"query_map_ms":0,"query_encode_ms":0,"query_copied_bytes":0}
phase-progress {"kind":"phase","phase":"draw","frame":4,"submitted":3,"completed":3,"bodies":520,"joints":420,"physics_ns":26594366,"draw_ns":0,"render_ns":0,"ui_ns":0,"commit_ns":0,"profile_ns":8275,"health_ns":24362797,"query_wait_ms":7.00000019e-05,"query_map_ms":0.00240100012,"query_encode_ms":0.0666830018,"query_copied_bytes":64}
phase-progress {"kind":"phase","phase":"render","frame":4,"submitted":4,"completed":4,"bodies":520,"joints":420,"physics_ns":26594366,"draw_ns":121589,"render_ns":0,"ui_ns":0,"commit_ns":0,"profile_ns":8275,"health_ns":24362797,"query_wait_ms":7.00000019e-05,"query_map_ms":0.00240100012,"query_encode_ms":0.0666830018,"query_copied_bytes":64}
phase-progress {"kind":"phase","phase":"ui","frame":4,"submitted":4,"completed":4,"bodies":520,"joints":420,"physics_ns":26594366,"draw_ns":121589,"render_ns":249306100,"ui_ns":0,"commit_ns":0,"profile_ns":8275,"health_ns":24362797,"query_wait_ms":7.00000019e-05,"query_map_ms":0.00240100012,"query_encode_ms":0.0666830018,"query_copied_bytes":64}
phase-progress {"kind":"phase","phase":"commit","frame":4,"submitted":4,"completed":4,"bodies":520,"joints":420,"physics_ns":26594366,"draw_ns":121589,"render_ns":249306100,"ui_ns":92612,"commit_ns":0,"profile_ns":8275,"health_ns":24362797,"query_wait_ms":7.00000019e-05,"query_map_ms":0.00240100012,"query_encode_ms":0.0666830018,"query_copied_bytes":64}
phase-progress {"kind":"phase","phase":"limiter","frame":4,"submitted":4,"completed":4,"bodies":520,"joints":420,"physics_ns":26594366,"draw_ns":121589,"render_ns":249306100,"ui_ns":92612,"commit_ns":16556,"profile_ns":8275,"health_ns":24362797,"query_wait_ms":7.00000019e-05,"query_map_ms":0.00240100012,"query_encode_ms":0.0666830018,"query_copied_bytes":64}
phase-progress {"kind":"phase","phase":"end","frame":4,"submitted":4,"completed":4,"bodies":520,"joints":420,"physics_ns":26594366,"draw_ns":121589,"render_ns":249306100,"ui_ns":92612,"commit_ns":16556,"profile_ns":8275,"health_ns":24362797,"query_wait_ms":7.00000019e-05,"query_map_ms":0.00240100012,"query_encode_ms":0.0666830018,"query_copied_bytes":64}
phase-progress {"kind":"frame","phase":"end","frame":4,"submitted":4,"completed":4,"bodies":520,"joints":420,"physics_ns":26594366,"draw_ns":121589,"render_ns":249306100,"ui_ns":92612,"commit_ns":16556,"profile_ns":8275,"health_ns":24362797,"query_wait_ms":7.00000019e-05,"query_map_ms":0.00240100012,"query_encode_ms":0.0666830018,"query_copied_bytes":64}
phase-progress {"kind":"phase","phase":"setters","frame":5,"submitted":4,"completed":4,"bodies":0,"joints":0,"physics_ns":0,"draw_ns":0,"render_ns":0,"ui_ns":0,"commit_ns":0,"profile_ns":0,"health_ns":0,"query_wait_ms":0,"query_map_ms":0,"query_encode_ms":0,"query_copied_bytes":0}
phase-progress {"kind":"phase","phase":"physics","frame":5,"submitted":4,"completed":4,"bodies":0,"joints":0,"physics_ns":0,"draw_ns":0,"render_ns":0,"ui_ns":0,"commit_ns":0,"profile_ns":0,"health_ns":0,"query_wait_ms":0,"query_map_ms":0,"query_encode_ms":0,"query_copied_bytes":0}
phase-progress {"kind":"health_begin","phase":"health","frame":5,"submitted":4,"completed":4,"bodies":520,"joints":420,"physics_ns":0,"draw_ns":0,"render_ns":0,"ui_ns":0,"commit_ns":0,"profile_ns":0,"health_ns":0,"query_wait_ms":0,"query_map_ms":0,"query_encode_ms":0,"query_copied_bytes":0}
phase-progress {"kind":"health_end","phase":"health","frame":5,"submitted":4,"completed":4,"bodies":520,"joints":420,"physics_ns":0,"draw_ns":0,"render_ns":0,"ui_ns":0,"commit_ns":0,"profile_ns":0,"health_ns":23830450,"query_wait_ms":0,"query_map_ms":0,"query_encode_ms":0,"query_copied_bytes":0}
phase-progress {"kind":"phase","phase":"profile","frame":5,"submitted":4,"completed":4,"bodies":520,"joints":420,"physics_ns":27663410,"draw_ns":0,"render_ns":0,"ui_ns":0,"commit_ns":0,"profile_ns":0,"health_ns":23830450,"query_wait_ms":0,"query_map_ms":0,"query_encode_ms":0,"query_copied_bytes":0}
phase-progress {"kind":"phase","phase":"pick","frame":5,"submitted":4,"completed":4,"bodies":520,"joints":420,"physics_ns":27663410,"draw_ns":0,"render_ns":0,"ui_ns":0,"commit_ns":0,"profile_ns":8569,"health_ns":23830450,"query_wait_ms":0,"query_map_ms":0,"query_encode_ms":0,"query_copied_bytes":0}
phase-progress {"kind":"phase","phase":"draw","frame":5,"submitted":4,"completed":4,"bodies":520,"joints":420,"physics_ns":27663410,"draw_ns":0,"render_ns":0,"ui_ns":0,"commit_ns":0,"profile_ns":8569,"health_ns":23830450,"query_wait_ms":5.50000004e-05,"query_map_ms":0.00254000002,"query_encode_ms":0.0681110024,"query_copied_bytes":64}
phase-progress {"kind":"phase","phase":"render","frame":5,"submitted":5,"completed":5,"bodies":520,"joints":420,"physics_ns":27663410,"draw_ns":108275,"render_ns":0,"ui_ns":0,"commit_ns":0,"profile_ns":8569,"health_ns":23830450,"query_wait_ms":5.50000004e-05,"query_map_ms":0.00254000002,"query_encode_ms":0.0681110024,"query_copied_bytes":64}
phase-progress {"kind":"phase","phase":"ui","frame":5,"submitted":5,"completed":5,"bodies":520,"joints":420,"physics_ns":27663410,"draw_ns":108275,"render_ns":248347013,"ui_ns":0,"commit_ns":0,"profile_ns":8569,"health_ns":23830450,"query_wait_ms":5.50000004e-05,"query_map_ms":0.00254000002,"query_encode_ms":0.0681110024,"query_copied_bytes":64}
phase-progress {"kind":"phase","phase":"commit","frame":5,"submitted":5,"completed":5,"bodies":520,"joints":420,"physics_ns":27663410,"draw_ns":108275,"render_ns":248347013,"ui_ns":87373,"commit_ns":0,"profile_ns":8569,"health_ns":23830450,"query_wait_ms":5.50000004e-05,"query_map_ms":0.00254000002,"query_encode_ms":0.0681110024,"query_copied_bytes":64}
phase-progress {"kind":"phase","phase":"limiter","frame":5,"submitted":5,"completed":5,"bodies":520,"joints":420,"physics_ns":27663410,"draw_ns":108275,"render_ns":248347013,"ui_ns":87373,"commit_ns":16308,"profile_ns":8569,"health_ns":23830450,"query_wait_ms":5.50000004e-05,"query_map_ms":0.00254000002,"query_encode_ms":0.0681110024,"query_copied_bytes":64}
phase-progress {"kind":"phase","phase":"end","frame":5,"submitted":5,"completed":5,"bodies":520,"joints":420,"physics_ns":27663410,"draw_ns":108275,"render_ns":248347013,"ui_ns":87373,"commit_ns":16308,"profile_ns":8569,"health_ns":23830450,"query_wait_ms":5.50000004e-05,"query_map_ms":0.00254000002,"query_encode_ms":0.0681110024,"query_copied_bytes":64}
phase-progress {"kind":"frame","phase":"end","frame":5,"submitted":5,"completed":5,"bodies":520,"joints":420,"physics_ns":27663410,"draw_ns":108275,"render_ns":248347013,"ui_ns":87373,"commit_ns":16308,"profile_ns":8569,"health_ns":23830450,"query_wait_ms":5.50000004e-05,"query_map_ms":0.00254000002,"query_encode_ms":0.0681110024,"query_copied_bytes":64}
phase-progress {"kind":"phase","phase":"setters","frame":6,"submitted":5,"completed":5,"bodies":0,"joints":0,"physics_ns":0,"draw_ns":0,"render_ns":0,"ui_ns":0,"commit_ns":0,"profile_ns":0,"health_ns":0,"query_wait_ms":0,"query_map_ms":0,"query_encode_ms":0,"query_copied_bytes":0}
phase-progress {"kind":"phase","phase":"physics","frame":6,"submitted":5,"completed":5,"bodies":0,"joints":0,"physics_ns":0,"draw_ns":0,"render_ns":0,"ui_ns":0,"commit_ns":0,"profile_ns":0,"health_ns":0,"query_wait_ms":0,"query_map_ms":0,"query_encode_ms":0,"query_copied_bytes":0}
phase-progress {"kind":"health_begin","phase":"health","frame":6,"submitted":5,"completed":5,"bodies":520,"joints":420,"physics_ns":0,"draw_ns":0,"render_ns":0,"ui_ns":0,"commit_ns":0,"profile_ns":0,"health_ns":0,"query_wait_ms":0,"query_map_ms":0,"query_encode_ms":0,"query_copied_bytes":0}
phase-progress {"kind":"health_end","phase":"health","frame":6,"submitted":5,"completed":5,"bodies":520,"joints":420,"physics_ns":0,"draw_ns":0,"render_ns":0,"ui_ns":0,"commit_ns":0,"profile_ns":0,"health_ns":24270088,"query_wait_ms":0,"query_map_ms":0,"query_encode_ms":0,"query_copied_bytes":0}
phase-progress {"kind":"phase","phase":"profile","frame":6,"submitted":5,"completed":5,"bodies":520,"joints":420,"physics_ns":26490925,"draw_ns":0,"render_ns":0,"ui_ns":0,"commit_ns":0,"profile_ns":0,"health_ns":24270088,"query_wait_ms":0,"query_map_ms":0,"query_encode_ms":0,"query_copied_bytes":0}
phase-progress {"kind":"phase","phase":"pick","frame":6,"submitted":5,"completed":5,"bodies":520,"joints":420,"physics_ns":26490925,"draw_ns":0,"render_ns":0,"ui_ns":0,"commit_ns":0,"profile_ns":8594,"health_ns":24270088,"query_wait_ms":0,"query_map_ms":0,"query_encode_ms":0,"query_copied_bytes":0}
phase-progress {"kind":"phase","phase":"draw","frame":6,"submitted":5,"completed":5,"bodies":520,"joints":420,"physics_ns":26490925,"draw_ns":0,"render_ns":0,"ui_ns":0,"commit_ns":0,"profile_ns":8594,"health_ns":24270088,"query_wait_ms":5.80000014e-05,"query_map_ms":0.00240300014,"query_encode_ms":0.0568130016,"query_copied_bytes":64}
phase-progress {"kind":"phase","phase":"render","frame":6,"submitted":6,"completed":6,"bodies":520,"joints":420,"physics_ns":26490925,"draw_ns":109287,"render_ns":0,"ui_ns":0,"commit_ns":0,"profile_ns":8594,"health_ns":24270088,"query_wait_ms":5.80000014e-05,"query_map_ms":0.00240300014,"query_encode_ms":0.0568130016,"query_copied_bytes":64}
phase-progress {"kind":"phase","phase":"ui","frame":6,"submitted":6,"completed":6,"bodies":520,"joints":420,"physics_ns":26490925,"draw_ns":109287,"render_ns":241737972,"ui_ns":0,"commit_ns":0,"profile_ns":8594,"health_ns":24270088,"query_wait_ms":5.80000014e-05,"query_map_ms":0.00240300014,"query_encode_ms":0.0568130016,"query_copied_bytes":64}
phase-progress {"kind":"phase","phase":"commit","frame":6,"submitted":6,"completed":6,"bodies":520,"joints":420,"physics_ns":26490925,"draw_ns":109287,"render_ns":241737972,"ui_ns":89957,"commit_ns":0,"profile_ns":8594,"health_ns":24270088,"query_wait_ms":5.80000014e-05,"query_map_ms":0.00240300014,"query_encode_ms":0.0568130016,"query_copied_bytes":64}
phase-progress {"kind":"phase","phase":"limiter","frame":6,"submitted":6,"completed":6,"bodies":520,"joints":420,"physics_ns":26490925,"draw_ns":109287,"render_ns":241737972,"ui_ns":89957,"commit_ns":15841,"profile_ns":8594,"health_ns":24270088,"query_wait_ms":5.80000014e-05,"query_map_ms":0.00240300014,"query_encode_ms":0.0568130016,"query_copied_bytes":64}
phase-progress {"kind":"phase","phase":"end","frame":6,"submitted":6,"completed":6,"bodies":520,"joints":420,"physics_ns":26490925,"draw_ns":109287,"render_ns":241737972,"ui_ns":89957,"commit_ns":15841,"profile_ns":8594,"health_ns":24270088,"query_wait_ms":5.80000014e-05,"query_map_ms":0.00240300014,"query_encode_ms":0.0568130016,"query_copied_bytes":64}
phase-progress {"kind":"frame","phase":"end","frame":6,"submitted":6,"completed":6,"bodies":520,"joints":420,"physics_ns":26490925,"draw_ns":109287,"render_ns":241737972,"ui_ns":89957,"commit_ns":15841,"profile_ns":8594,"health_ns":24270088,"query_wait_ms":5.80000014e-05,"query_map_ms":0.00240300014,"query_encode_ms":0.0568130016,"query_copied_bytes":64}
phase-progress {"kind":"phase","phase":"setters","frame":7,"submitted":6,"completed":6,"bodies":0,"joints":0,"physics_ns":0,"draw_ns":0,"render_ns":0,"ui_ns":0,"commit_ns":0,"profile_ns":0,"health_ns":0,"query_wait_ms":0,"query_map_ms":0,"query_encode_ms":0,"query_copied_bytes":0}
phase-progress {"kind":"phase","phase":"physics","frame":7,"submitted":6,"completed":6,"bodies":0,"joints":0,"physics_ns":0,"draw_ns":0,"render_ns":0,"ui_ns":0,"commit_ns":0,"profile_ns":0,"health_ns":0,"query_wait_ms":0,"query_map_ms":0,"query_encode_ms":0,"query_copied_bytes":0}
phase-progress {"kind":"health_begin","phase":"health","frame":7,"submitted":6,"completed":6,"bodies":520,"joints":420,"physics_ns":0,"draw_ns":0,"render_ns":0,"ui_ns":0,"commit_ns":0,"profile_ns":0,"health_ns":0,"query_wait_ms":0,"query_map_ms":0,"query_encode_ms":0,"query_copied_bytes":0}
phase-progress {"kind":"health_end","phase":"health","frame":7,"submitted":6,"completed":6,"bodies":520,"joints":420,"physics_ns":0,"draw_ns":0,"render_ns":0,"ui_ns":0,"commit_ns":0,"profile_ns":0,"health_ns":29895917,"query_wait_ms":0,"query_map_ms":0,"query_encode_ms":0,"query_copied_bytes":0}
phase-progress {"kind":"phase","phase":"profile","frame":7,"submitted":6,"completed":6,"bodies":520,"joints":420,"physics_ns":32316507,"draw_ns":0,"render_ns":0,"ui_ns":0,"commit_ns":0,"profile_ns":0,"health_ns":29895917,"query_wait_ms":0,"query_map_ms":0,"query_encode_ms":0,"query_copied_bytes":0}
phase-progress {"kind":"phase","phase":"pick","frame":7,"submitted":6,"completed":6,"bodies":520,"joints":420,"physics_ns":32316507,"draw_ns":0,"render_ns":0,"ui_ns":0,"commit_ns":0,"profile_ns":13842,"health_ns":29895917,"query_wait_ms":0,"query_map_ms":0,"query_encode_ms":0,"query_copied_bytes":0}
phase-progress {"kind":"phase","phase":"draw","frame":7,"submitted":6,"completed":6,"bodies":520,"joints":420,"physics_ns":32316507,"draw_ns":0,"render_ns":0,"ui_ns":0,"commit_ns":0,"profile_ns":13842,"health_ns":29895917,"query_wait_ms":7.30000029e-05,"query_map_ms":0.00247199996,"query_encode_ms":0.0650549978,"query_copied_bytes":64}
phase-progress {"kind":"phase","phase":"render","frame":7,"submitted":7,"completed":7,"bodies":520,"joints":420,"physics_ns":32316507,"draw_ns":108965,"render_ns":0,"ui_ns":0,"commit_ns":0,"profile_ns":13842,"health_ns":29895917,"query_wait_ms":7.30000029e-05,"query_map_ms":0.00247199996,"query_encode_ms":0.0650549978,"query_copied_bytes":64}
phase-progress {"kind":"phase","phase":"ui","frame":7,"submitted":7,"completed":7,"bodies":520,"joints":420,"physics_ns":32316507,"draw_ns":108965,"render_ns":245310447,"ui_ns":0,"commit_ns":0,"profile_ns":13842,"health_ns":29895917,"query_wait_ms":7.30000029e-05,"query_map_ms":0.00247199996,"query_encode_ms":0.0650549978,"query_copied_bytes":64}
phase-progress {"kind":"phase","phase":"commit","frame":7,"submitted":7,"completed":7,"bodies":520,"joints":420,"physics_ns":32316507,"draw_ns":108965,"render_ns":245310447,"ui_ns":92026,"commit_ns":0,"profile_ns":13842,"health_ns":29895917,"query_wait_ms":7.30000029e-05,"query_map_ms":0.00247199996,"query_encode_ms":0.0650549978,"query_copied_bytes":64}
phase-progress {"kind":"phase","phase":"limiter","frame":7,"submitted":7,"completed":7,"bodies":520,"joints":420,"physics_ns":32316507,"draw_ns":108965,"render_ns":245310447,"ui_ns":92026,"commit_ns":15978,"profile_ns":13842,"health_ns":29895917,"query_wait_ms":7.30000029e-05,"query_map_ms":0.00247199996,"query_encode_ms":0.0650549978,"query_copied_bytes":64}
phase-progress {"kind":"phase","phase":"end","frame":7,"submitted":7,"completed":7,"bodies":520,"joints":420,"physics_ns":32316507,"draw_ns":108965,"render_ns":245310447,"ui_ns":92026,"commit_ns":15978,"profile_ns":13842,"health_ns":29895917,"query_wait_ms":7.30000029e-05,"query_map_ms":0.00247199996,"query_encode_ms":0.0650549978,"query_copied_bytes":64}
phase-progress {"kind":"frame","phase":"end","frame":7,"submitted":7,"completed":7,"bodies":520,"joints":420,"physics_ns":32316507,"draw_ns":108965,"render_ns":245310447,"ui_ns":92026,"commit_ns":15978,"profile_ns":13842,"health_ns":29895917,"query_wait_ms":7.30000029e-05,"query_map_ms":0.00247199996,"query_encode_ms":0.0650549978,"query_copied_bytes":64}
phase-progress {"kind":"phase","phase":"setters","frame":8,"submitted":7,"completed":7,"bodies":0,"joints":0,"physics_ns":0,"draw_ns":0,"render_ns":0,"ui_ns":0,"commit_ns":0,"profile_ns":0,"health_ns":0,"query_wait_ms":0,"query_map_ms":0,"query_encode_ms":0,"query_copied_bytes":0}
phase-progress {"kind":"phase","phase":"physics","frame":8,"submitted":7,"completed":7,"bodies":0,"joints":0,"physics_ns":0,"draw_ns":0,"render_ns":0,"ui_ns":0,"commit_ns":0,"profile_ns":0,"health_ns":0,"query_wait_ms":0,"query_map_ms":0,"query_encode_ms":0,"query_copied_bytes":0}
phase-progress {"kind":"health_begin","phase":"health","frame":8,"submitted":7,"completed":7,"bodies":520,"joints":420,"physics_ns":0,"draw_ns":0,"render_ns":0,"ui_ns":0,"commit_ns":0,"profile_ns":0,"health_ns":0,"query_wait_ms":0,"query_map_ms":0,"query_encode_ms":0,"query_copied_bytes":0}
phase-progress {"kind":"health_end","phase":"health","frame":8,"submitted":7,"completed":7,"bodies":520,"joints":420,"physics_ns":0,"draw_ns":0,"render_ns":0,"ui_ns":0,"commit_ns":0,"profile_ns":0,"health_ns":103483507,"query_wait_ms":0,"query_map_ms":0,"query_encode_ms":0,"query_copied_bytes":0}
phase-progress {"kind":"phase","phase":"profile","frame":8,"submitted":7,"completed":7,"bodies":520,"joints":420,"physics_ns":105714241,"draw_ns":0,"render_ns":0,"ui_ns":0,"commit_ns":0,"profile_ns":0,"health_ns":103483507,"query_wait_ms":0,"query_map_ms":0,"query_encode_ms":0,"query_copied_bytes":0}
phase-progress {"kind":"phase","phase":"pick","frame":8,"submitted":7,"completed":7,"bodies":520,"joints":420,"physics_ns":105714241,"draw_ns":0,"render_ns":0,"ui_ns":0,"commit_ns":0,"profile_ns":17245,"health_ns":103483507,"query_wait_ms":0,"query_map_ms":0,"query_encode_ms":0,"query_copied_bytes":0}
phase-progress {"kind":"phase","phase":"draw","frame":8,"submitted":7,"completed":7,"bodies":520,"joints":420,"physics_ns":105714241,"draw_ns":0,"render_ns":0,"ui_ns":0,"commit_ns":0,"profile_ns":17245,"health_ns":103483507,"query_wait_ms":6.50000002e-05,"query_map_ms":0.00315200002,"query_encode_ms":0.0802000016,"query_copied_bytes":64}
phase-progress {"kind":"phase","phase":"render","frame":8,"submitted":8,"completed":8,"bodies":520,"joints":420,"physics_ns":105714241,"draw_ns":116326,"render_ns":0,"ui_ns":0,"commit_ns":0,"profile_ns":17245,"health_ns":103483507,"query_wait_ms":6.50000002e-05,"query_map_ms":0.00315200002,"query_encode_ms":0.0802000016,"query_copied_bytes":64}
phase-progress {"kind":"phase","phase":"ui","frame":8,"submitted":8,"completed":8,"bodies":520,"joints":420,"physics_ns":105714241,"draw_ns":116326,"render_ns":240197339,"ui_ns":0,"commit_ns":0,"profile_ns":17245,"health_ns":103483507,"query_wait_ms":6.50000002e-05,"query_map_ms":0.00315200002,"query_encode_ms":0.0802000016,"query_copied_bytes":64}
phase-progress {"kind":"phase","phase":"commit","frame":8,"submitted":8,"completed":8,"bodies":520,"joints":420,"physics_ns":105714241,"draw_ns":116326,"render_ns":240197339,"ui_ns":93229,"commit_ns":0,"profile_ns":17245,"health_ns":103483507,"query_wait_ms":6.50000002e-05,"query_map_ms":0.00315200002,"query_encode_ms":0.0802000016,"query_copied_bytes":64}
phase-progress {"kind":"phase","phase":"limiter","frame":8,"submitted":8,"completed":8,"bodies":520,"joints":420,"physics_ns":105714241,"draw_ns":116326,"render_ns":240197339,"ui_ns":93229,"commit_ns":15243,"profile_ns":17245,"health_ns":103483507,"query_wait_ms":6.50000002e-05,"query_map_ms":0.00315200002,"query_encode_ms":0.0802000016,"query_copied_bytes":64}
phase-progress {"kind":"phase","phase":"end","frame":8,"submitted":8,"completed":8,"bodies":520,"joints":420,"physics_ns":105714241,"draw_ns":116326,"render_ns":240197339,"ui_ns":93229,"commit_ns":15243,"profile_ns":17245,"health_ns":103483507,"query_wait_ms":6.50000002e-05,"query_map_ms":0.00315200002,"query_encode_ms":0.0802000016,"query_copied_bytes":64}
phase-progress {"kind":"frame","phase":"end","frame":8,"submitted":8,"completed":8,"bodies":520,"joints":420,"physics_ns":105714241,"draw_ns":116326,"render_ns":240197339,"ui_ns":93229,"commit_ns":15243,"profile_ns":17245,"health_ns":103483507,"query_wait_ms":6.50000002e-05,"query_map_ms":0.00315200002,"query_encode_ms":0.0802000016,"query_copied_bytes":64}
phase-progress {"kind":"phase","phase":"setters","frame":9,"submitted":8,"completed":8,"bodies":0,"joints":0,"physics_ns":0,"draw_ns":0,"render_ns":0,"ui_ns":0,"commit_ns":0,"profile_ns":0,"health_ns":0,"query_wait_ms":0,"query_map_ms":0,"query_encode_ms":0,"query_copied_bytes":0}
phase-progress {"kind":"phase","phase":"physics","frame":9,"submitted":8,"completed":8,"bodies":0,"joints":0,"physics_ns":0,"draw_ns":0,"render_ns":0,"ui_ns":0,"commit_ns":0,"profile_ns":0,"health_ns":0,"query_wait_ms":0,"query_map_ms":0,"query_encode_ms":0,"query_copied_bytes":0}
phase-progress {"kind":"health_begin","phase":"health","frame":9,"submitted":8,"completed":8,"bodies":520,"joints":420,"physics_ns":0,"draw_ns":0,"render_ns":0,"ui_ns":0,"commit_ns":0,"profile_ns":0,"health_ns":0,"query_wait_ms":0,"query_map_ms":0,"query_encode_ms":0,"query_copied_bytes":0}
phase-progress {"kind":"health_end","phase":"health","frame":9,"submitted":8,"completed":8,"bodies":520,"joints":420,"physics_ns":0,"draw_ns":0,"render_ns":0,"ui_ns":0,"commit_ns":0,"profile_ns":0,"health_ns":130011316,"query_wait_ms":0,"query_map_ms":0,"query_encode_ms":0,"query_copied_bytes":0}
phase-progress {"kind":"phase","phase":"profile","frame":9,"submitted":8,"completed":8,"bodies":520,"joints":420,"physics_ns":132919197,"draw_ns":0,"render_ns":0,"ui_ns":0,"commit_ns":0,"profile_ns":0,"health_ns":130011316,"query_wait_ms":0,"query_map_ms":0,"query_encode_ms":0,"query_copied_bytes":0}
phase-progress {"kind":"phase","phase":"pick","frame":9,"submitted":8,"completed":8,"bodies":520,"joints":420,"physics_ns":132919197,"draw_ns":0,"render_ns":0,"ui_ns":0,"commit_ns":0,"profile_ns":29062,"health_ns":130011316,"query_wait_ms":0,"query_map_ms":0,"query_encode_ms":0,"query_copied_bytes":0}
phase-progress {"kind":"phase","phase":"draw","frame":9,"submitted":8,"completed":8,"bodies":520,"joints":420,"physics_ns":132919197,"draw_ns":0,"render_ns":0,"ui_ns":0,"commit_ns":0,"profile_ns":29062,"health_ns":130011316,"query_wait_ms":5.40000001e-05,"query_map_ms":0.00398400007,"query_encode_ms":0.0832299963,"query_copied_bytes":64}
phase-progress {"kind":"phase","phase":"render","frame":9,"submitted":9,"completed":9,"bodies":520,"joints":420,"physics_ns":132919197,"draw_ns":153448,"render_ns":0,"ui_ns":0,"commit_ns":0,"profile_ns":29062,"health_ns":130011316,"query_wait_ms":5.40000001e-05,"query_map_ms":0.00398400007,"query_encode_ms":0.0832299963,"query_copied_bytes":64}
phase-progress {"kind":"phase","phase":"ui","frame":9,"submitted":9,"completed":9,"bodies":520,"joints":420,"physics_ns":132919197,"draw_ns":153448,"render_ns":259108877,"ui_ns":0,"commit_ns":0,"profile_ns":29062,"health_ns":130011316,"query_wait_ms":5.40000001e-05,"query_map_ms":0.00398400007,"query_encode_ms":0.0832299963,"query_copied_bytes":64}
phase-progress {"kind":"phase","phase":"commit","frame":9,"submitted":9,"completed":9,"bodies":520,"joints":420,"physics_ns":132919197,"draw_ns":153448,"render_ns":259108877,"ui_ns":86950,"commit_ns":0,"profile_ns":29062,"health_ns":130011316,"query_wait_ms":5.40000001e-05,"query_map_ms":0.00398400007,"query_encode_ms":0.0832299963,"query_copied_bytes":64}
phase-progress {"kind":"phase","phase":"limiter","frame":9,"submitted":9,"completed":9,"bodies":520,"joints":420,"physics_ns":132919197,"draw_ns":153448,"render_ns":259108877,"ui_ns":86950,"commit_ns":15512,"profile_ns":29062,"health_ns":130011316,"query_wait_ms":5.40000001e-05,"query_map_ms":0.00398400007,"query_encode_ms":0.0832299963,"query_copied_bytes":64}
phase-progress {"kind":"phase","phase":"end","frame":9,"submitted":9,"completed":9,"bodies":520,"joints":420,"physics_ns":132919197,"draw_ns":153448,"render_ns":259108877,"ui_ns":86950,"commit_ns":15512,"profile_ns":29062,"health_ns":130011316,"query_wait_ms":5.40000001e-05,"query_map_ms":0.00398400007,"query_encode_ms":0.0832299963,"query_copied_bytes":64}
phase-progress {"kind":"frame","phase":"end","frame":9,"submitted":9,"completed":9,"bodies":520,"joints":420,"physics_ns":132919197,"draw_ns":153448,"render_ns":259108877,"ui_ns":86950,"commit_ns":15512,"profile_ns":29062,"health_ns":130011316,"query_wait_ms":5.40000001e-05,"query_map_ms":0.00398400007,"query_encode_ms":0.0832299963,"query_copied_bytes":64}
phase-progress {"kind":"phase","phase":"setters","frame":10,"submitted":9,"completed":9,"bodies":0,"joints":0,"physics_ns":0,"draw_ns":0,"render_ns":0,"ui_ns":0,"commit_ns":0,"profile_ns":0,"health_ns":0,"query_wait_ms":0,"query_map_ms":0,"query_encode_ms":0,"query_copied_bytes":0}
phase-progress {"kind":"phase","phase":"physics","frame":10,"submitted":9,"completed":9,"bodies":0,"joints":0,"physics_ns":0,"draw_ns":0,"render_ns":0,"ui_ns":0,"commit_ns":0,"profile_ns":0,"health_ns":0,"query_wait_ms":0,"query_map_ms":0,"query_encode_ms":0,"query_copied_bytes":0}
phase-progress {"kind":"health_begin","phase":"health","frame":10,"submitted":9,"completed":9,"bodies":520,"joints":420,"physics_ns":0,"draw_ns":0,"render_ns":0,"ui_ns":0,"commit_ns":0,"profile_ns":0,"health_ns":0,"query_wait_ms":0,"query_map_ms":0,"query_encode_ms":0,"query_copied_bytes":0}
phase-progress {"kind":"health_end","phase":"health","frame":10,"submitted":9,"completed":9,"bodies":520,"joints":420,"physics_ns":0,"draw_ns":0,"render_ns":0,"ui_ns":0,"commit_ns":0,"profile_ns":0,"health_ns":142209566,"query_wait_ms":0,"query_map_ms":0,"query_encode_ms":0,"query_copied_bytes":0}
phase-progress {"kind":"phase","phase":"profile","frame":10,"submitted":9,"completed":9,"bodies":520,"joints":420,"physics_ns":144423363,"draw_ns":0,"render_ns":0,"ui_ns":0,"commit_ns":0,"profile_ns":0,"health_ns":142209566,"query_wait_ms":0,"query_map_ms":0,"query_encode_ms":0,"query_copied_bytes":0}
phase-progress {"kind":"phase","phase":"pick","frame":10,"submitted":9,"completed":9,"bodies":520,"joints":420,"physics_ns":144423363,"draw_ns":0,"render_ns":0,"ui_ns":0,"commit_ns":0,"profile_ns":8469,"health_ns":142209566,"query_wait_ms":0,"query_map_ms":0,"query_encode_ms":0,"query_copied_bytes":0}
phase-progress {"kind":"phase","phase":"draw","frame":10,"submitted":9,"completed":9,"bodies":520,"joints":420,"physics_ns":144423363,"draw_ns":0,"render_ns":0,"ui_ns":0,"commit_ns":0,"profile_ns":8469,"health_ns":142209566,"query_wait_ms":5.60000008e-05,"query_map_ms":0.003241,"query_encode_ms":0.0793469995,"query_copied_bytes":64}
phase-progress {"kind":"phase","phase":"render","frame":10,"submitted":10,"completed":10,"bodies":520,"joints":420,"physics_ns":144423363,"draw_ns":109022,"render_ns":0,"ui_ns":0,"commit_ns":0,"profile_ns":8469,"health_ns":142209566,"query_wait_ms":5.60000008e-05,"query_map_ms":0.003241,"query_encode_ms":0.0793469995,"query_copied_bytes":64}
phase-progress {"kind":"phase","phase":"ui","frame":10,"submitted":10,"completed":10,"bodies":520,"joints":420,"physics_ns":144423363,"draw_ns":109022,"render_ns":246794979,"ui_ns":0,"commit_ns":0,"profile_ns":8469,"health_ns":142209566,"query_wait_ms":5.60000008e-05,"query_map_ms":0.003241,"query_encode_ms":0.0793469995,"query_copied_bytes":64}
phase-progress {"kind":"phase","phase":"commit","frame":10,"submitted":10,"completed":10,"bodies":520,"joints":420,"physics_ns":144423363,"draw_ns":109022,"render_ns":246794979,"ui_ns":86628,"commit_ns":0,"profile_ns":8469,"health_ns":142209566,"query_wait_ms":5.60000008e-05,"query_map_ms":0.003241,"query_encode_ms":0.0793469995,"query_copied_bytes":64}
phase-progress {"kind":"phase","phase":"limiter","frame":10,"submitted":10,"completed":10,"bodies":520,"joints":420,"physics_ns":144423363,"draw_ns":109022,"render_ns":246794979,"ui_ns":86628,"commit_ns":18595,"profile_ns":8469,"health_ns":142209566,"query_wait_ms":5.60000008e-05,"query_map_ms":0.003241,"query_encode_ms":0.0793469995,"query_copied_bytes":64}
phase-progress {"kind":"phase","phase":"end","frame":10,"submitted":10,"completed":10,"bodies":520,"joints":420,"physics_ns":144423363,"draw_ns":109022,"render_ns":246794979,"ui_ns":86628,"commit_ns":18595,"profile_ns":8469,"health_ns":142209566,"query_wait_ms":5.60000008e-05,"query_map_ms":0.003241,"query_encode_ms":0.0793469995,"query_copied_bytes":64}
phase-progress {"kind":"frame","phase":"end","frame":10,"submitted":10,"completed":10,"bodies":520,"joints":420,"physics_ns":144423363,"draw_ns":109022,"render_ns":246794979,"ui_ns":86628,"commit_ns":18595,"profile_ns":8469,"health_ns":142209566,"query_wait_ms":5.60000008e-05,"query_map_ms":0.003241,"query_encode_ms":0.0793469995,"query_copied_bytes":64}
phase-progress {"kind":"phase","phase":"setters","frame":11,"submitted":10,"completed":10,"bodies":0,"joints":0,"physics_ns":0,"draw_ns":0,"render_ns":0,"ui_ns":0,"commit_ns":0,"profile_ns":0,"health_ns":0,"query_wait_ms":0,"query_map_ms":0,"query_encode_ms":0,"query_copied_bytes":0}
phase-progress {"kind":"phase","phase":"physics","frame":11,"submitted":10,"completed":10,"bodies":0,"joints":0,"physics_ns":0,"draw_ns":0,"render_ns":0,"ui_ns":0,"commit_ns":0,"profile_ns":0,"health_ns":0,"query_wait_ms":0,"query_map_ms":0,"query_encode_ms":0,"query_copied_bytes":0}
phase-progress {"kind":"health_begin","phase":"health","frame":11,"submitted":10,"completed":10,"bodies":520,"joints":420,"physics_ns":0,"draw_ns":0,"render_ns":0,"ui_ns":0,"commit_ns":0,"profile_ns":0,"health_ns":0,"query_wait_ms":0,"query_map_ms":0,"query_encode_ms":0,"query_copied_bytes":0}
phase-progress {"kind":"health_end","phase":"health","frame":11,"submitted":10,"completed":10,"bodies":520,"joints":420,"physics_ns":0,"draw_ns":0,"render_ns":0,"ui_ns":0,"commit_ns":0,"profile_ns":0,"health_ns":164361144,"query_wait_ms":0,"query_map_ms":0,"query_encode_ms":0,"query_copied_bytes":0}
phase-progress {"kind":"phase","phase":"profile","frame":11,"submitted":10,"completed":10,"bodies":520,"joints":420,"physics_ns":166584563,"draw_ns":0,"render_ns":0,"ui_ns":0,"commit_ns":0,"profile_ns":0,"health_ns":164361144,"query_wait_ms":0,"query_map_ms":0,"query_encode_ms":0,"query_copied_bytes":0}
phase-progress {"kind":"phase","phase":"pick","frame":11,"submitted":10,"completed":10,"bodies":520,"joints":420,"physics_ns":166584563,"draw_ns":0,"render_ns":0,"ui_ns":0,"commit_ns":0,"profile_ns":7784,"health_ns":164361144,"query_wait_ms":0,"query_map_ms":0,"query_encode_ms":0,"query_copied_bytes":0}
phase-progress {"kind":"phase","phase":"draw","frame":11,"submitted":10,"completed":10,"bodies":520,"joints":420,"physics_ns":166584563,"draw_ns":0,"render_ns":0,"ui_ns":0,"commit_ns":0,"profile_ns":7784,"health_ns":164361144,"query_wait_ms":6.19999992e-05,"query_map_ms":0.00317099993,"query_encode_ms":0.0779509991,"query_copied_bytes":64}
phase-progress {"kind":"phase","phase":"render","frame":11,"submitted":11,"completed":11,"bodies":520,"joints":420,"physics_ns":166584563,"draw_ns":106642,"render_ns":0,"ui_ns":0,"commit_ns":0,"profile_ns":7784,"health_ns":164361144,"query_wait_ms":6.19999992e-05,"query_map_ms":0.00317099993,"query_encode_ms":0.0779509991,"query_copied_bytes":64}
phase-progress {"kind":"phase","phase":"ui","frame":11,"submitted":11,"completed":11,"bodies":520,"joints":420,"physics_ns":166584563,"draw_ns":106642,"render_ns":243551213,"ui_ns":0,"commit_ns":0,"profile_ns":7784,"health_ns":164361144,"query_wait_ms":6.19999992e-05,"query_map_ms":0.00317099993,"query_encode_ms":0.0779509991,"query_copied_bytes":64}
phase-progress {"kind":"phase","phase":"commit","frame":11,"submitted":11,"completed":11,"bodies":520,"joints":420,"physics_ns":166584563,"draw_ns":106642,"render_ns":243551213,"ui_ns":92953,"commit_ns":0,"profile_ns":7784,"health_ns":164361144,"query_wait_ms":6.19999992e-05,"query_map_ms":0.00317099993,"query_encode_ms":0.0779509991,"query_copied_bytes":64}
phase-progress {"kind":"phase","phase":"limiter","frame":11,"submitted":11,"completed":11,"bodies":520,"joints":420,"physics_ns":166584563,"draw_ns":106642,"render_ns":243551213,"ui_ns":92953,"commit_ns":15897,"profile_ns":7784,"health_ns":164361144,"query_wait_ms":6.19999992e-05,"query_map_ms":0.00317099993,"query_encode_ms":0.0779509991,"query_copied_bytes":64}
phase-progress {"kind":"phase","phase":"end","frame":11,"submitted":11,"completed":11,"bodies":520,"joints":420,"physics_ns":166584563,"draw_ns":106642,"render_ns":243551213,"ui_ns":92953,"commit_ns":15897,"profile_ns":7784,"health_ns":164361144,"query_wait_ms":6.19999992e-05,"query_map_ms":0.00317099993,"query_encode_ms":0.0779509991,"query_copied_bytes":64}
phase-progress {"kind":"frame","phase":"end","frame":11,"submitted":11,"completed":11,"bodies":520,"joints":420,"physics_ns":166584563,"draw_ns":106642,"render_ns":243551213,"ui_ns":92953,"commit_ns":15897,"profile_ns":7784,"health_ns":164361144,"query_wait_ms":6.19999992e-05,"query_map_ms":0.00317099993,"query_encode_ms":0.0779509991,"query_copied_bytes":64}
phase-progress {"kind":"phase","phase":"setters","frame":12,"submitted":11,"completed":11,"bodies":0,"joints":0,"physics_ns":0,"draw_ns":0,"render_ns":0,"ui_ns":0,"commit_ns":0,"profile_ns":0,"health_ns":0,"query_wait_ms":0,"query_map_ms":0,"query_encode_ms":0,"query_copied_bytes":0}
phase-progress {"kind":"phase","phase":"physics","frame":12,"submitted":11,"completed":11,"bodies":0,"joints":0,"physics_ns":0,"draw_ns":0,"render_ns":0,"ui_ns":0,"commit_ns":0,"profile_ns":0,"health_ns":0,"query_wait_ms":0,"query_map_ms":0,"query_encode_ms":0,"query_copied_bytes":0}
phase-progress {"kind":"health_begin","phase":"health","frame":12,"submitted":11,"completed":11,"bodies":520,"joints":420,"physics_ns":0,"draw_ns":0,"render_ns":0,"ui_ns":0,"commit_ns":0,"profile_ns":0,"health_ns":0,"query_wait_ms":0,"query_map_ms":0,"query_encode_ms":0,"query_copied_bytes":0}
phase-progress {"kind":"health_end","phase":"health","frame":12,"submitted":11,"completed":11,"bodies":520,"joints":420,"physics_ns":0,"draw_ns":0,"render_ns":0,"ui_ns":0,"commit_ns":0,"profile_ns":0,"health_ns":156740285,"query_wait_ms":0,"query_map_ms":0,"query_encode_ms":0,"query_copied_bytes":0}
phase-progress {"kind":"phase","phase":"profile","frame":12,"submitted":11,"completed":11,"bodies":520,"joints":420,"physics_ns":158951923,"draw_ns":0,"render_ns":0,"ui_ns":0,"commit_ns":0,"profile_ns":0,"health_ns":156740285,"query_wait_ms":0,"query_map_ms":0,"query_encode_ms":0,"query_copied_bytes":0}
phase-progress {"kind":"phase","phase":"pick","frame":12,"submitted":11,"completed":11,"bodies":520,"joints":420,"physics_ns":158951923,"draw_ns":0,"render_ns":0,"ui_ns":0,"commit_ns":0,"profile_ns":8397,"health_ns":156740285,"query_wait_ms":0,"query_map_ms":0,"query_encode_ms":0,"query_copied_bytes":0}
phase-progress {"kind":"phase","phase":"draw","frame":12,"submitted":11,"completed":11,"bodies":520,"joints":420,"physics_ns":158951923,"draw_ns":0,"render_ns":0,"ui_ns":0,"commit_ns":0,"profile_ns":8397,"health_ns":156740285,"query_wait_ms":5.99999985e-05,"query_map_ms":0.00311299996,"query_encode_ms":0.0781899989,"query_copied_bytes":64}
phase-progress {"kind":"phase","phase":"render","frame":12,"submitted":12,"completed":12,"bodies":520,"joints":420,"physics_ns":158951923,"draw_ns":109104,"render_ns":0,"ui_ns":0,"commit_ns":0,"profile_ns":8397,"health_ns":156740285,"query_wait_ms":5.99999985e-05,"query_map_ms":0.00311299996,"query_encode_ms":0.0781899989,"query_copied_bytes":64}
phase-progress {"kind":"phase","phase":"ui","frame":12,"submitted":12,"completed":12,"bodies":520,"joints":420,"physics_ns":158951923,"draw_ns":109104,"render_ns":241303648,"ui_ns":0,"commit_ns":0,"profile_ns":8397,"health_ns":156740285,"query_wait_ms":5.99999985e-05,"query_map_ms":0.00311299996,"query_encode_ms":0.0781899989,"query_copied_bytes":64}
phase-progress {"kind":"phase","phase":"commit","frame":12,"submitted":12,"completed":12,"bodies":520,"joints":420,"physics_ns":158951923,"draw_ns":109104,"render_ns":241303648,"ui_ns":101071,"commit_ns":0,"profile_ns":8397,"health_ns":156740285,"query_wait_ms":5.99999985e-05,"query_map_ms":0.00311299996,"query_encode_ms":0.0781899989,"query_copied_bytes":64}
phase-progress {"kind":"phase","phase":"limiter","frame":12,"submitted":12,"completed":12,"bodies":520,"joints":420,"physics_ns":158951923,"draw_ns":109104,"render_ns":241303648,"ui_ns":101071,"commit_ns":15481,"profile_ns":8397,"health_ns":156740285,"query_wait_ms":5.99999985e-05,"query_map_ms":0.00311299996,"query_encode_ms":0.0781899989,"query_copied_bytes":64}
phase-progress {"kind":"phase","phase":"end","frame":12,"submitted":12,"completed":12,"bodies":520,"joints":420,"physics_ns":158951923,"draw_ns":109104,"render_ns":241303648,"ui_ns":101071,"commit_ns":15481,"profile_ns":8397,"health_ns":156740285,"query_wait_ms":5.99999985e-05,"query_map_ms":0.00311299996,"query_encode_ms":0.0781899989,"query_copied_bytes":64}
phase-progress {"kind":"frame","phase":"end","frame":12,"submitted":12,"completed":12,"bodies":520,"joints":420,"physics_ns":158951923,"draw_ns":109104,"render_ns":241303648,"ui_ns":101071,"commit_ns":15481,"profile_ns":8397,"health_ns":156740285,"query_wait_ms":5.99999985e-05,"query_map_ms":0.00311299996,"query_encode_ms":0.0781899989,"query_copied_bytes":64}
phase-progress {"kind":"phase","phase":"setters","frame":13,"submitted":12,"completed":12,"bodies":0,"joints":0,"physics_ns":0,"draw_ns":0,"render_ns":0,"ui_ns":0,"commit_ns":0,"profile_ns":0,"health_ns":0,"query_wait_ms":0,"query_map_ms":0,"query_encode_ms":0,"query_copied_bytes":0}
phase-progress {"kind":"phase","phase":"physics","frame":13,"submitted":12,"completed":12,"bodies":0,"joints":0,"physics_ns":0,"draw_ns":0,"render_ns":0,"ui_ns":0,"commit_ns":0,"profile_ns":0,"health_ns":0,"query_wait_ms":0,"query_map_ms":0,"query_encode_ms":0,"query_copied_bytes":0}
phase-progress {"kind":"health_begin","phase":"health","frame":13,"submitted":12,"completed":12,"bodies":520,"joints":420,"physics_ns":0,"draw_ns":0,"render_ns":0,"ui_ns":0,"commit_ns":0,"profile_ns":0,"health_ns":0,"query_wait_ms":0,"query_map_ms":0,"query_encode_ms":0,"query_copied_bytes":0}
phase-progress {"kind":"health_end","phase":"health","frame":13,"submitted":12,"completed":12,"bodies":520,"joints":420,"physics_ns":0,"draw_ns":0,"render_ns":0,"ui_ns":0,"commit_ns":0,"profile_ns":0,"health_ns":132471949,"query_wait_ms":0,"query_map_ms":0,"query_encode_ms":0,"query_copied_bytes":0}
phase-progress {"kind":"phase","phase":"profile","frame":13,"submitted":12,"completed":12,"bodies":520,"joints":420,"physics_ns":135833408,"draw_ns":0,"render_ns":0,"ui_ns":0,"commit_ns":0,"profile_ns":0,"health_ns":132471949,"query_wait_ms":0,"query_map_ms":0,"query_encode_ms":0,"query_copied_bytes":0}
phase-progress {"kind":"phase","phase":"pick","frame":13,"submitted":12,"completed":12,"bodies":520,"joints":420,"physics_ns":135833408,"draw_ns":0,"render_ns":0,"ui_ns":0,"commit_ns":0,"profile_ns":8370,"health_ns":132471949,"query_wait_ms":0,"query_map_ms":0,"query_encode_ms":0,"query_copied_bytes":0}
phase-progress {"kind":"phase","phase":"draw","frame":13,"submitted":12,"completed":12,"bodies":520,"joints":420,"physics_ns":135833408,"draw_ns":0,"render_ns":0,"ui_ns":0,"commit_ns":0,"profile_ns":8370,"health_ns":132471949,"query_wait_ms":7.30000029e-05,"query_map_ms":0.00348900002,"query_encode_ms":0.0810500011,"query_copied_bytes":64}
phase-progress {"kind":"phase","phase":"render","frame":13,"submitted":13,"completed":13,"bodies":520,"joints":420,"physics_ns":135833408,"draw_ns":107684,"render_ns":0,"ui_ns":0,"commit_ns":0,"profile_ns":8370,"health_ns":132471949,"query_wait_ms":7.30000029e-05,"query_map_ms":0.00348900002,"query_encode_ms":0.0810500011,"query_copied_bytes":64}
phase-progress {"kind":"phase","phase":"ui","frame":13,"submitted":13,"completed":13,"bodies":520,"joints":420,"physics_ns":135833408,"draw_ns":107684,"render_ns":245559642,"ui_ns":0,"commit_ns":0,"profile_ns":8370,"health_ns":132471949,"query_wait_ms":7.30000029e-05,"query_map_ms":0.00348900002,"query_encode_ms":0.0810500011,"query_copied_bytes":64}
phase-progress {"kind":"phase","phase":"commit","frame":13,"submitted":13,"completed":13,"bodies":520,"joints":420,"physics_ns":135833408,"draw_ns":107684,"render_ns":245559642,"ui_ns":118715,"commit_ns":0,"profile_ns":8370,"health_ns":132471949,"query_wait_ms":7.30000029e-05,"query_map_ms":0.00348900002,"query_encode_ms":0.0810500011,"query_copied_bytes":64}
phase-progress {"kind":"phase","phase":"limiter","frame":13,"submitted":13,"completed":13,"bodies":520,"joints":420,"physics_ns":135833408,"draw_ns":107684,"render_ns":245559642,"ui_ns":118715,"commit_ns":23441,"profile_ns":8370,"health_ns":132471949,"query_wait_ms":7.30000029e-05,"query_map_ms":0.00348900002,"query_encode_ms":0.0810500011,"query_copied_bytes":64}
phase-progress {"kind":"phase","phase":"end","frame":13,"submitted":13,"completed":13,"bodies":520,"joints":420,"physics_ns":135833408,"draw_ns":107684,"render_ns":245559642,"ui_ns":118715,"commit_ns":23441,"profile_ns":8370,"health_ns":132471949,"query_wait_ms":7.30000029e-05,"query_map_ms":0.00348900002,"query_encode_ms":0.0810500011,"query_copied_bytes":64}
phase-progress {"kind":"frame","phase":"end","frame":13,"submitted":13,"completed":13,"bodies":520,"joints":420,"physics_ns":135833408,"draw_ns":107684,"render_ns":245559642,"ui_ns":118715,"commit_ns":23441,"profile_ns":8370,"health_ns":132471949,"query_wait_ms":7.30000029e-05,"query_map_ms":0.00348900002,"query_encode_ms":0.0810500011,"query_copied_bytes":64}
phase-progress {"kind":"phase","phase":"setters","frame":14,"submitted":13,"completed":13,"bodies":0,"joints":0,"physics_ns":0,"draw_ns":0,"render_ns":0,"ui_ns":0,"commit_ns":0,"profile_ns":0,"health_ns":0,"query_wait_ms":0,"query_map_ms":0,"query_encode_ms":0,"query_copied_bytes":0}
phase-progress {"kind":"phase","phase":"physics","frame":14,"submitted":13,"completed":13,"bodies":0,"joints":0,"physics_ns":0,"draw_ns":0,"render_ns":0,"ui_ns":0,"commit_ns":0,"profile_ns":0,"health_ns":0,"query_wait_ms":0,"query_map_ms":0,"query_encode_ms":0,"query_copied_bytes":0}
phase-progress {"kind":"health_begin","phase":"health","frame":14,"submitted":13,"completed":13,"bodies":520,"joints":420,"physics_ns":0,"draw_ns":0,"render_ns":0,"ui_ns":0,"commit_ns":0,"profile_ns":0,"health_ns":0,"query_wait_ms":0,"query_map_ms":0,"query_encode_ms":0,"query_copied_bytes":0}
phase-progress {"kind":"health_end","phase":"health","frame":14,"submitted":13,"completed":13,"bodies":520,"joints":420,"physics_ns":0,"draw_ns":0,"render_ns":0,"ui_ns":0,"commit_ns":0,"profile_ns":0,"health_ns":130238422,"query_wait_ms":0,"query_map_ms":0,"query_encode_ms":0,"query_copied_bytes":0}
phase-progress {"kind":"phase","phase":"profile","frame":14,"submitted":13,"completed":13,"bodies":520,"joints":420,"physics_ns":132464185,"draw_ns":0,"render_ns":0,"ui_ns":0,"commit_ns":0,"profile_ns":0,"health_ns":130238422,"query_wait_ms":0,"query_map_ms":0,"query_encode_ms":0,"query_copied_bytes":0}
phase-progress {"kind":"phase","phase":"pick","frame":14,"submitted":13,"completed":13,"bodies":520,"joints":420,"physics_ns":132464185,"draw_ns":0,"render_ns":0,"ui_ns":0,"commit_ns":0,"profile_ns":16890,"health_ns":130238422,"query_wait_ms":0,"query_map_ms":0,"query_encode_ms":0,"query_copied_bytes":0}
phase-progress {"kind":"phase","phase":"draw","frame":14,"submitted":13,"completed":13,"bodies":520,"joints":420,"physics_ns":132464185,"draw_ns":0,"render_ns":0,"ui_ns":0,"commit_ns":0,"profile_ns":16890,"health_ns":130238422,"query_wait_ms":6.50000002e-05,"query_map_ms":0.00328400009,"query_encode_ms":0.0804589987,"query_copied_bytes":64}
phase-progress {"kind":"phase","phase":"render","frame":14,"submitted":14,"completed":14,"bodies":520,"joints":420,"physics_ns":132464185,"draw_ns":107945,"render_ns":0,"ui_ns":0,"commit_ns":0,"profile_ns":16890,"health_ns":130238422,"query_wait_ms":6.50000002e-05,"query_map_ms":0.00328400009,"query_encode_ms":0.0804589987,"query_copied_bytes":64}
phase-progress {"kind":"phase","phase":"ui","frame":14,"submitted":14,"completed":14,"bodies":520,"joints":420,"physics_ns":132464185,"draw_ns":107945,"render_ns":240496144,"ui_ns":0,"commit_ns":0,"profile_ns":16890,"health_ns":130238422,"query_wait_ms":6.50000002e-05,"query_map_ms":0.00328400009,"query_encode_ms":0.0804589987,"query_copied_bytes":64}
phase-progress {"kind":"phase","phase":"commit","frame":14,"submitted":14,"completed":14,"bodies":520,"joints":420,"physics_ns":132464185,"draw_ns":107945,"render_ns":240496144,"ui_ns":87322,"commit_ns":0,"profile_ns":16890,"health_ns":130238422,"query_wait_ms":6.50000002e-05,"query_map_ms":0.00328400009,"query_encode_ms":0.0804589987,"query_copied_bytes":64}
phase-progress {"kind":"phase","phase":"limiter","frame":14,"submitted":14,"completed":14,"bodies":520,"joints":420,"physics_ns":132464185,"draw_ns":107945,"render_ns":240496144,"ui_ns":87322,"commit_ns":14947,"profile_ns":16890,"health_ns":130238422,"query_wait_ms":6.50000002e-05,"query_map_ms":0.00328400009,"query_encode_ms":0.0804589987,"query_copied_bytes":64}
phase-progress {"kind":"phase","phase":"end","frame":14,"submitted":14,"completed":14,"bodies":520,"joints":420,"physics_ns":132464185,"draw_ns":107945,"render_ns":240496144,"ui_ns":87322,"commit_ns":14947,"profile_ns":16890,"health_ns":130238422,"query_wait_ms":6.50000002e-05,"query_map_ms":0.00328400009,"query_encode_ms":0.0804589987,"query_copied_bytes":64}
phase-progress {"kind":"frame","phase":"end","frame":14,"submitted":14,"completed":14,"bodies":520,"joints":420,"physics_ns":132464185,"draw_ns":107945,"render_ns":240496144,"ui_ns":87322,"commit_ns":14947,"profile_ns":16890,"health_ns":130238422,"query_wait_ms":6.50000002e-05,"query_map_ms":0.00328400009,"query_encode_ms":0.0804589987,"query_copied_bytes":64}
phase-progress {"kind":"phase","phase":"setters","frame":15,"submitted":14,"completed":14,"bodies":0,"joints":0,"physics_ns":0,"draw_ns":0,"render_ns":0,"ui_ns":0,"commit_ns":0,"profile_ns":0,"health_ns":0,"query_wait_ms":0,"query_map_ms":0,"query_encode_ms":0,"query_copied_bytes":0}
phase-progress {"kind":"phase","phase":"physics","frame":15,"submitted":14,"completed":14,"bodies":0,"joints":0,"physics_ns":0,"draw_ns":0,"render_ns":0,"ui_ns":0,"commit_ns":0,"profile_ns":0,"health_ns":0,"query_wait_ms":0,"query_map_ms":0,"query_encode_ms":0,"query_copied_bytes":0}
phase-progress {"kind":"health_begin","phase":"health","frame":15,"submitted":14,"completed":14,"bodies":520,"joints":420,"physics_ns":0,"draw_ns":0,"render_ns":0,"ui_ns":0,"commit_ns":0,"profile_ns":0,"health_ns":0,"query_wait_ms":0,"query_map_ms":0,"query_encode_ms":0,"query_copied_bytes":0}
phase-progress {"kind":"health_end","phase":"health","frame":15,"submitted":14,"completed":14,"bodies":520,"joints":420,"physics_ns":0,"draw_ns":0,"render_ns":0,"ui_ns":0,"commit_ns":0,"profile_ns":0,"health_ns":128981236,"query_wait_ms":0,"query_map_ms":0,"query_encode_ms":0,"query_copied_bytes":0}
phase-progress {"kind":"phase","phase":"profile","frame":15,"submitted":14,"completed":14,"bodies":520,"joints":420,"physics_ns":131161651,"draw_ns":0,"render_ns":0,"ui_ns":0,"commit_ns":0,"profile_ns":0,"health_ns":128981236,"query_wait_ms":0,"query_map_ms":0,"query_encode_ms":0,"query_copied_bytes":0}
phase-progress {"kind":"phase","phase":"pick","frame":15,"submitted":14,"completed":14,"bodies":520,"joints":420,"physics_ns":131161651,"draw_ns":0,"render_ns":0,"ui_ns":0,"commit_ns":0,"profile_ns":7906,"health_ns":128981236,"query_wait_ms":0,"query_map_ms":0,"query_encode_ms":0,"query_copied_bytes":0}
phase-progress {"kind":"phase","phase":"draw","frame":15,"submitted":14,"completed":14,"bodies":520,"joints":420,"physics_ns":131161651,"draw_ns":0,"render_ns":0,"ui_ns":0,"commit_ns":0,"profile_ns":7906,"health_ns":128981236,"query_wait_ms":6.70000009e-05,"query_map_ms":0.003058,"query_encode_ms":0.0767050013,"query_copied_bytes":64}
phase-progress {"kind":"phase","phase":"render","frame":15,"submitted":15,"completed":15,"bodies":520,"joints":420,"physics_ns":131161651,"draw_ns":105863,"render_ns":0,"ui_ns":0,"commit_ns":0,"profile_ns":7906,"health_ns":128981236,"query_wait_ms":6.70000009e-05,"query_map_ms":0.003058,"query_encode_ms":0.0767050013,"query_copied_bytes":64}
phase-progress {"kind":"phase","phase":"ui","frame":15,"submitted":15,"completed":15,"bodies":520,"joints":420,"physics_ns":131161651,"draw_ns":105863,"render_ns":248343521,"ui_ns":0,"commit_ns":0,"profile_ns":7906,"health_ns":128981236,"query_wait_ms":6.70000009e-05,"query_map_ms":0.003058,"query_encode_ms":0.0767050013,"query_copied_bytes":64}
phase-progress {"kind":"phase","phase":"commit","frame":15,"submitted":15,"completed":15,"bodies":520,"joints":420,"physics_ns":131161651,"draw_ns":105863,"render_ns":248343521,"ui_ns":97186,"commit_ns":0,"profile_ns":7906,"health_ns":128981236,"query_wait_ms":6.70000009e-05,"query_map_ms":0.003058,"query_encode_ms":0.0767050013,"query_copied_bytes":64}
phase-progress {"kind":"phase","phase":"limiter","frame":15,"submitted":15,"completed":15,"bodies":520,"joints":420,"physics_ns":131161651,"draw_ns":105863,"render_ns":248343521,"ui_ns":97186,"commit_ns":21359,"profile_ns":7906,"health_ns":128981236,"query_wait_ms":6.70000009e-05,"query_map_ms":0.003058,"query_encode_ms":0.0767050013,"query_copied_bytes":64}
phase-progress {"kind":"phase","phase":"end","frame":15,"submitted":15,"completed":15,"bodies":520,"joints":420,"physics_ns":131161651,"draw_ns":105863,"render_ns":248343521,"ui_ns":97186,"commit_ns":21359,"profile_ns":7906,"health_ns":128981236,"query_wait_ms":6.70000009e-05,"query_map_ms":0.003058,"query_encode_ms":0.0767050013,"query_copied_bytes":64}
phase-progress {"kind":"frame","phase":"end","frame":15,"submitted":15,"completed":15,"bodies":520,"joints":420,"physics_ns":131161651,"draw_ns":105863,"render_ns":248343521,"ui_ns":97186,"commit_ns":21359,"profile_ns":7906,"health_ns":128981236,"query_wait_ms":6.70000009e-05,"query_map_ms":0.003058,"query_encode_ms":0.0767050013,"query_copied_bytes":64}
phase-progress {"kind":"phase","phase":"setters","frame":16,"submitted":15,"completed":15,"bodies":0,"joints":0,"physics_ns":0,"draw_ns":0,"render_ns":0,"ui_ns":0,"commit_ns":0,"profile_ns":0,"health_ns":0,"query_wait_ms":0,"query_map_ms":0,"query_encode_ms":0,"query_copied_bytes":0}
phase-progress {"kind":"phase","phase":"physics","frame":16,"submitted":15,"completed":15,"bodies":0,"joints":0,"physics_ns":0,"draw_ns":0,"render_ns":0,"ui_ns":0,"commit_ns":0,"profile_ns":0,"health_ns":0,"query_wait_ms":0,"query_map_ms":0,"query_encode_ms":0,"query_copied_bytes":0}
phase-progress {"kind":"health_begin","phase":"health","frame":16,"submitted":15,"completed":15,"bodies":520,"joints":420,"physics_ns":0,"draw_ns":0,"render_ns":0,"ui_ns":0,"commit_ns":0,"profile_ns":0,"health_ns":0,"query_wait_ms":0,"query_map_ms":0,"query_encode_ms":0,"query_copied_bytes":0}
phase-progress {"kind":"health_end","phase":"health","frame":16,"submitted":15,"completed":15,"bodies":520,"joints":420,"physics_ns":0,"draw_ns":0,"render_ns":0,"ui_ns":0,"commit_ns":0,"profile_ns":0,"health_ns":130598006,"query_wait_ms":0,"query_map_ms":0,"query_encode_ms":0,"query_copied_bytes":0}
phase-progress {"kind":"phase","phase":"profile","frame":16,"submitted":15,"completed":15,"bodies":520,"joints":420,"physics_ns":132809181,"draw_ns":0,"render_ns":0,"ui_ns":0,"commit_ns":0,"profile_ns":0,"health_ns":130598006,"query_wait_ms":0,"query_map_ms":0,"query_encode_ms":0,"query_copied_bytes":0}
phase-progress {"kind":"phase","phase":"pick","frame":16,"submitted":15,"completed":15,"bodies":520,"joints":420,"physics_ns":132809181,"draw_ns":0,"render_ns":0,"ui_ns":0,"commit_ns":0,"profile_ns":12682,"health_ns":130598006,"query_wait_ms":0,"query_map_ms":0,"query_encode_ms":0,"query_copied_bytes":0}
phase-progress {"kind":"phase","phase":"draw","frame":16,"submitted":15,"completed":15,"bodies":520,"joints":420,"physics_ns":132809181,"draw_ns":0,"render_ns":0,"ui_ns":0,"commit_ns":0,"profile_ns":12682,"health_ns":130598006,"query_wait_ms":7.39999959e-05,"query_map_ms":0.00329199992,"query_encode_ms":0.0775500014,"query_copied_bytes":64}
phase-progress {"kind":"phase","phase":"render","frame":16,"submitted":16,"completed":16,"bodies":520,"joints":420,"physics_ns":132809181,"draw_ns":113024,"render_ns":0,"ui_ns":0,"commit_ns":0,"profile_ns":12682,"health_ns":130598006,"query_wait_ms":7.39999959e-05,"query_map_ms":0.00329199992,"query_encode_ms":0.0775500014,"query_copied_bytes":64}
phase-progress {"kind":"phase","phase":"ui","frame":16,"submitted":16,"completed":16,"bodies":520,"joints":420,"physics_ns":132809181,"draw_ns":113024,"render_ns":245703679,"ui_ns":0,"commit_ns":0,"profile_ns":12682,"health_ns":130598006,"query_wait_ms":7.39999959e-05,"query_map_ms":0.00329199992,"query_encode_ms":0.0775500014,"query_copied_bytes":64}
phase-progress {"kind":"phase","phase":"commit","frame":16,"submitted":16,"completed":16,"bodies":520,"joints":420,"physics_ns":132809181,"draw_ns":113024,"render_ns":245703679,"ui_ns":91920,"commit_ns":0,"profile_ns":12682,"health_ns":130598006,"query_wait_ms":7.39999959e-05,"query_map_ms":0.00329199992,"query_encode_ms":0.0775500014,"query_copied_bytes":64}
phase-progress {"kind":"phase","phase":"limiter","frame":16,"submitted":16,"completed":16,"bodies":520,"joints":420,"physics_ns":132809181,"draw_ns":113024,"render_ns":245703679,"ui_ns":91920,"commit_ns":15692,"profile_ns":12682,"health_ns":130598006,"query_wait_ms":7.39999959e-05,"query_map_ms":0.00329199992,"query_encode_ms":0.0775500014,"query_copied_bytes":64}
phase-progress {"kind":"phase","phase":"end","frame":16,"submitted":16,"completed":16,"bodies":520,"joints":420,"physics_ns":132809181,"draw_ns":113024,"render_ns":245703679,"ui_ns":91920,"commit_ns":15692,"profile_ns":12682,"health_ns":130598006,"query_wait_ms":7.39999959e-05,"query_map_ms":0.00329199992,"query_encode_ms":0.0775500014,"query_copied_bytes":64}
phase-progress {"kind":"frame","phase":"end","frame":16,"submitted":16,"completed":16,"bodies":520,"joints":420,"physics_ns":132809181,"draw_ns":113024,"render_ns":245703679,"ui_ns":91920,"commit_ns":15692,"profile_ns":12682,"health_ns":130598006,"query_wait_ms":7.39999959e-05,"query_map_ms":0.00329199992,"query_encode_ms":0.0775500014,"query_copied_bytes":64}
phase-progress {"kind":"phase","phase":"setters","frame":17,"submitted":16,"completed":16,"bodies":0,"joints":0,"physics_ns":0,"draw_ns":0,"render_ns":0,"ui_ns":0,"commit_ns":0,"profile_ns":0,"health_ns":0,"query_wait_ms":0,"query_map_ms":0,"query_encode_ms":0,"query_copied_bytes":0}
phase-progress {"kind":"phase","phase":"physics","frame":17,"submitted":16,"completed":16,"bodies":0,"joints":0,"physics_ns":0,"draw_ns":0,"render_ns":0,"ui_ns":0,"commit_ns":0,"profile_ns":0,"health_ns":0,"query_wait_ms":0,"query_map_ms":0,"query_encode_ms":0,"query_copied_bytes":0}
gpu-alloc scene generation=17 bodies=1040 shapes=1240 hull_points=1680 hull_planes=64 hull_edges=64 hull_topology=64 mesh_vertices=33700 mesh_triangles=64000 mesh_nodes=15800 materials=1240 joints=840 scene_heap_bytes=2677184 max=536870912
gpu-alloc scene generation=0 bodies=1040 shapes=1240 hull_points=1680 hull_planes=64 hull_edges=64 hull_topology=64 mesh_vertices=33700 mesh_triangles=64000 mesh_nodes=15800 materials=1240 joints=840 scene_heap_bytes=2677184 max=536870912
gpu-scene-input shapes=1040 mesh_vertices=33700 mesh_triangles=64000 scene_heap_bytes=2677184
GPU pose export: Vulkan opaque FD 37 (116480 bytes)
phase-progress {"kind":"health_begin","phase":"health","frame":17,"submitted":16,"completed":16,"bodies":940,"joints":840,"physics_ns":0,"draw_ns":0,"render_ns":0,"ui_ns":0,"commit_ns":0,"profile_ns":0,"health_ns":0,"query_wait_ms":0,"query_map_ms":0,"query_encode_ms":0,"query_copied_bytes":0}
phase-progress {"kind":"health_end","phase":"health","frame":17,"submitted":16,"completed":16,"bodies":940,"joints":840,"physics_ns":0,"draw_ns":0,"render_ns":0,"ui_ns":0,"commit_ns":0,"profile_ns":0,"health_ns":229973174,"query_wait_ms":0,"query_map_ms":0,"query_encode_ms":0,"query_copied_bytes":0}
phase-progress {"kind":"phase","phase":"profile","frame":17,"submitted":16,"completed":16,"bodies":940,"joints":840,"physics_ns":251591824,"draw_ns":0,"render_ns":0,"ui_ns":0,"commit_ns":0,"profile_ns":0,"health_ns":229973174,"query_wait_ms":0,"query_map_ms":0,"query_encode_ms":0,"query_copied_bytes":0}
phase-progress {"kind":"phase","phase":"pick","frame":17,"submitted":16,"completed":16,"bodies":940,"joints":840,"physics_ns":251591824,"draw_ns":0,"render_ns":0,"ui_ns":0,"commit_ns":0,"profile_ns":8362,"health_ns":229973174,"query_wait_ms":0,"query_map_ms":0,"query_encode_ms":0,"query_copied_bytes":0}
phase-progress {"kind":"phase","phase":"draw","frame":17,"submitted":16,"completed":16,"bodies":940,"joints":840,"physics_ns":251591824,"draw_ns":0,"render_ns":0,"ui_ns":0,"commit_ns":0,"profile_ns":8362,"health_ns":229973174,"query_wait_ms":7.39999959e-05,"query_map_ms":0.00365000009,"query_encode_ms":0.0763869956,"query_copied_bytes":64}
phase-progress {"kind":"phase","phase":"render","frame":17,"submitted":17,"completed":17,"bodies":940,"joints":840,"physics_ns":251591824,"draw_ns":237239,"render_ns":0,"ui_ns":0,"commit_ns":0,"profile_ns":8362,"health_ns":229973174,"query_wait_ms":7.39999959e-05,"query_map_ms":0.00365000009,"query_encode_ms":0.0763869956,"query_copied_bytes":64}
phase-progress {"kind":"phase","phase":"ui","frame":17,"submitted":17,"completed":17,"bodies":940,"joints":840,"physics_ns":251591824,"draw_ns":237239,"render_ns":256146885,"ui_ns":0,"commit_ns":0,"profile_ns":8362,"health_ns":229973174,"query_wait_ms":7.39999959e-05,"query_map_ms":0.00365000009,"query_encode_ms":0.0763869956,"query_copied_bytes":64}
phase-progress {"kind":"phase","phase":"commit","frame":17,"submitted":17,"completed":17,"bodies":940,"joints":840,"physics_ns":251591824,"draw_ns":237239,"render_ns":256146885,"ui_ns":86831,"commit_ns":0,"profile_ns":8362,"health_ns":229973174,"query_wait_ms":7.39999959e-05,"query_map_ms":0.00365000009,"query_encode_ms":0.0763869956,"query_copied_bytes":64}
phase-progress {"kind":"phase","phase":"limiter","frame":17,"submitted":17,"completed":17,"bodies":940,"joints":840,"physics_ns":251591824,"draw_ns":237239,"render_ns":256146885,"ui_ns":86831,"commit_ns":15091,"profile_ns":8362,"health_ns":229973174,"query_wait_ms":7.39999959e-05,"query_map_ms":0.00365000009,"query_encode_ms":0.0763869956,"query_copied_bytes":64}
phase-progress {"kind":"phase","phase":"end","frame":17,"submitted":17,"completed":17,"bodies":940,"joints":840,"physics_ns":251591824,"draw_ns":237239,"render_ns":256146885,"ui_ns":86831,"commit_ns":15091,"profile_ns":8362,"health_ns":229973174,"query_wait_ms":7.39999959e-05,"query_map_ms":0.00365000009,"query_encode_ms":0.0763869956,"query_copied_bytes":64}
phase-progress {"kind":"frame","phase":"end","frame":17,"submitted":17,"completed":17,"bodies":940,"joints":840,"physics_ns":251591824,"draw_ns":237239,"render_ns":256146885,"ui_ns":86831,"commit_ns":15091,"profile_ns":8362,"health_ns":229973174,"query_wait_ms":7.39999959e-05,"query_map_ms":0.00365000009,"query_encode_ms":0.0763869956,"query_copied_bytes":64}
phase-progress {"kind":"phase","phase":"setters","frame":18,"submitted":17,"completed":17,"bodies":0,"joints":0,"physics_ns":0,"draw_ns":0,"render_ns":0,"ui_ns":0,"commit_ns":0,"profile_ns":0,"health_ns":0,"query_wait_ms":0,"query_map_ms":0,"query_encode_ms":0,"query_copied_bytes":0}
phase-progress {"kind":"phase","phase":"physics","frame":18,"submitted":17,"completed":17,"bodies":0,"joints":0,"physics_ns":0,"draw_ns":0,"render_ns":0,"ui_ns":0,"commit_ns":0,"profile_ns":0,"health_ns":0,"query_wait_ms":0,"query_map_ms":0,"query_encode_ms":0,"query_copied_bytes":0}
phase-progress {"kind":"health_begin","phase":"health","frame":18,"submitted":17,"completed":17,"bodies":940,"joints":840,"physics_ns":0,"draw_ns":0,"render_ns":0,"ui_ns":0,"commit_ns":0,"profile_ns":0,"health_ns":0,"query_wait_ms":0,"query_map_ms":0,"query_encode_ms":0,"query_copied_bytes":0}
phase-progress {"kind":"health_end","phase":"health","frame":18,"submitted":17,"completed":17,"bodies":940,"joints":840,"physics_ns":0,"draw_ns":0,"render_ns":0,"ui_ns":0,"commit_ns":0,"profile_ns":0,"health_ns":200301643,"query_wait_ms":0,"query_map_ms":0,"query_encode_ms":0,"query_copied_bytes":0}
phase-progress {"kind":"phase","phase":"profile","frame":18,"submitted":17,"completed":17,"bodies":940,"joints":840,"physics_ns":202591290,"draw_ns":0,"render_ns":0,"ui_ns":0,"commit_ns":0,"profile_ns":0,"health_ns":200301643,"query_wait_ms":0,"query_map_ms":0,"query_encode_ms":0,"query_copied_bytes":0}
phase-progress {"kind":"phase","phase":"pick","frame":18,"submitted":17,"completed":17,"bodies":940,"joints":840,"physics_ns":202591290,"draw_ns":0,"render_ns":0,"ui_ns":0,"commit_ns":0,"profile_ns":8605,"health_ns":200301643,"query_wait_ms":0,"query_map_ms":0,"query_encode_ms":0,"query_copied_bytes":0}
phase-progress {"kind":"phase","phase":"draw","frame":18,"submitted":17,"completed":17,"bodies":940,"joints":840,"physics_ns":202591290,"draw_ns":0,"render_ns":0,"ui_ns":0,"commit_ns":0,"profile_ns":8605,"health_ns":200301643,"query_wait_ms":0.000120999997,"query_map_ms":0.00306000002,"query_encode_ms":0.0832649991,"query_copied_bytes":64}
phase-progress {"kind":"phase","phase":"render","frame":18,"submitted":18,"completed":18,"bodies":940,"joints":840,"physics_ns":202591290,"draw_ns":170480,"render_ns":0,"ui_ns":0,"commit_ns":0,"profile_ns":8605,"health_ns":200301643,"query_wait_ms":0.000120999997,"query_map_ms":0.00306000002,"query_encode_ms":0.0832649991,"query_copied_bytes":64}
phase-progress {"kind":"phase","phase":"ui","frame":18,"submitted":18,"completed":18,"bodies":940,"joints":840,"physics_ns":202591290,"draw_ns":170480,"render_ns":254422156,"ui_ns":0,"commit_ns":0,"profile_ns":8605,"health_ns":200301643,"query_wait_ms":0.000120999997,"query_map_ms":0.00306000002,"query_encode_ms":0.0832649991,"query_copied_bytes":64}
phase-progress {"kind":"phase","phase":"commit","frame":18,"submitted":18,"completed":18,"bodies":940,"joints":840,"physics_ns":202591290,"draw_ns":170480,"render_ns":254422156,"ui_ns":86888,"commit_ns":0,"profile_ns":8605,"health_ns":200301643,"query_wait_ms":0.000120999997,"query_map_ms":0.00306000002,"query_encode_ms":0.0832649991,"query_copied_bytes":64}
phase-progress {"kind":"phase","phase":"limiter","frame":18,"submitted":18,"completed":18,"bodies":940,"joints":840,"physics_ns":202591290,"draw_ns":170480,"render_ns":254422156,"ui_ns":86888,"commit_ns":22287,"profile_ns":8605,"health_ns":200301643,"query_wait_ms":0.000120999997,"query_map_ms":0.00306000002,"query_encode_ms":0.0832649991,"query_copied_bytes":64}
phase-progress {"kind":"phase","phase":"end","frame":18,"submitted":18,"completed":18,"bodies":940,"joints":840,"physics_ns":202591290,"draw_ns":170480,"render_ns":254422156,"ui_ns":86888,"commit_ns":22287,"profile_ns":8605,"health_ns":200301643,"query_wait_ms":0.000120999997,"query_map_ms":0.00306000002,"query_encode_ms":0.0832649991,"query_copied_bytes":64}
phase-progress {"kind":"frame","phase":"end","frame":18,"submitted":18,"completed":18,"bodies":940,"joints":840,"physics_ns":202591290,"draw_ns":170480,"render_ns":254422156,"ui_ns":86888,"commit_ns":22287,"profile_ns":8605,"health_ns":200301643,"query_wait_ms":0.000120999997,"query_map_ms":0.00306000002,"query_encode_ms":0.0832649991,"query_copied_bytes":64}
phase-progress {"kind":"phase","phase":"setters","frame":19,"submitted":18,"completed":18,"bodies":0,"joints":0,"physics_ns":0,"draw_ns":0,"render_ns":0,"ui_ns":0,"commit_ns":0,"profile_ns":0,"health_ns":0,"query_wait_ms":0,"query_map_ms":0,"query_encode_ms":0,"query_copied_bytes":0}
phase-progress {"kind":"phase","phase":"physics","frame":19,"submitted":18,"completed":18,"bodies":0,"joints":0,"physics_ns":0,"draw_ns":0,"render_ns":0,"ui_ns":0,"commit_ns":0,"profile_ns":0,"health_ns":0,"query_wait_ms":0,"query_map_ms":0,"query_encode_ms":0,"query_copied_bytes":0}
phase-progress {"kind":"health_begin","phase":"health","frame":19,"submitted":18,"completed":18,"bodies":940,"joints":840,"physics_ns":0,"draw_ns":0,"render_ns":0,"ui_ns":0,"commit_ns":0,"profile_ns":0,"health_ns":0,"query_wait_ms":0,"query_map_ms":0,"query_encode_ms":0,"query_copied_bytes":0}
phase-progress {"kind":"health_end","phase":"health","frame":19,"submitted":18,"completed":18,"bodies":940,"joints":840,"physics_ns":0,"draw_ns":0,"render_ns":0,"ui_ns":0,"commit_ns":0,"profile_ns":0,"health_ns":197545695,"query_wait_ms":0,"query_map_ms":0,"query_encode_ms":0,"query_copied_bytes":0}
phase-progress {"kind":"phase","phase":"profile","frame":19,"submitted":18,"completed":18,"bodies":940,"joints":840,"physics_ns":200054684,"draw_ns":0,"render_ns":0,"ui_ns":0,"commit_ns":0,"profile_ns":0,"health_ns":197545695,"query_wait_ms":0,"query_map_ms":0,"query_encode_ms":0,"query_copied_bytes":0}
phase-progress {"kind":"phase","phase":"pick","frame":19,"submitted":18,"completed":18,"bodies":940,"joints":840,"physics_ns":200054684,"draw_ns":0,"render_ns":0,"ui_ns":0,"commit_ns":0,"profile_ns":8143,"health_ns":197545695,"query_wait_ms":0,"query_map_ms":0,"query_encode_ms":0,"query_copied_bytes":0}
phase-progress {"kind":"phase","phase":"draw","frame":19,"submitted":18,"completed":18,"bodies":940,"joints":840,"physics_ns":200054684,"draw_ns":0,"render_ns":0,"ui_ns":0,"commit_ns":0,"profile_ns":8143,"health_ns":197545695,"query_wait_ms":6.50000002e-05,"query_map_ms":0.00310700014,"query_encode_ms":0.0790120065,"query_copied_bytes":64}
phase-progress {"kind":"phase","phase":"render","frame":19,"submitted":19,"completed":19,"bodies":940,"joints":840,"physics_ns":200054684,"draw_ns":169759,"render_ns":0,"ui_ns":0,"commit_ns":0,"profile_ns":8143,"health_ns":197545695,"query_wait_ms":6.50000002e-05,"query_map_ms":0.00310700014,"query_encode_ms":0.0790120065,"query_copied_bytes":64}
phase-progress {"kind":"phase","phase":"ui","frame":19,"submitted":19,"completed":19,"bodies":940,"joints":840,"physics_ns":200054684,"draw_ns":169759,"render_ns":240234052,"ui_ns":0,"commit_ns":0,"profile_ns":8143,"health_ns":197545695,"query_wait_ms":6.50000002e-05,"query_map_ms":0.00310700014,"query_encode_ms":0.0790120065,"query_copied_bytes":64}
phase-progress {"kind":"phase","phase":"commit","frame":19,"submitted":19,"completed":19,"bodies":940,"joints":840,"physics_ns":200054684,"draw_ns":169759,"render_ns":240234052,"ui_ns":89783,"commit_ns":0,"profile_ns":8143,"health_ns":197545695,"query_wait_ms":6.50000002e-05,"query_map_ms":0.00310700014,"query_encode_ms":0.0790120065,"query_copied_bytes":64}
phase-progress {"kind":"phase","phase":"limiter","frame":19,"submitted":19,"completed":19,"bodies":940,"joints":840,"physics_ns":200054684,"draw_ns":169759,"render_ns":240234052,"ui_ns":89783,"commit_ns":29168,"profile_ns":8143,"health_ns":197545695,"query_wait_ms":6.50000002e-05,"query_map_ms":0.00310700014,"query_encode_ms":0.0790120065,"query_copied_bytes":64}
phase-progress {"kind":"phase","phase":"end","frame":19,"submitted":19,"completed":19,"bodies":940,"joints":840,"physics_ns":200054684,"draw_ns":169759,"render_ns":240234052,"ui_ns":89783,"commit_ns":29168,"profile_ns":8143,"health_ns":197545695,"query_wait_ms":6.50000002e-05,"query_map_ms":0.00310700014,"query_encode_ms":0.0790120065,"query_copied_bytes":64}
phase-progress {"kind":"frame","phase":"end","frame":19,"submitted":19,"completed":19,"bodies":940,"joints":840,"physics_ns":200054684,"draw_ns":169759,"render_ns":240234052,"ui_ns":89783,"commit_ns":29168,"profile_ns":8143,"health_ns":197545695,"query_wait_ms":6.50000002e-05,"query_map_ms":0.00310700014,"query_encode_ms":0.0790120065,"query_copied_bytes":64}
phase-progress {"kind":"phase","phase":"setters","frame":20,"submitted":19,"completed":19,"bodies":0,"joints":0,"physics_ns":0,"draw_ns":0,"render_ns":0,"ui_ns":0,"commit_ns":0,"profile_ns":0,"health_ns":0,"query_wait_ms":0,"query_map_ms":0,"query_encode_ms":0,"query_copied_bytes":0}
phase-progress {"kind":"phase","phase":"physics","frame":20,"submitted":19,"completed":19,"bodies":0,"joints":0,"physics_ns":0,"draw_ns":0,"render_ns":0,"ui_ns":0,"commit_ns":0,"profile_ns":0,"health_ns":0,"query_wait_ms":0,"query_map_ms":0,"query_encode_ms":0,"query_copied_bytes":0}
phase-progress {"kind":"health_begin","phase":"health","frame":20,"submitted":19,"completed":19,"bodies":940,"joints":840,"physics_ns":0,"draw_ns":0,"render_ns":0,"ui_ns":0,"commit_ns":0,"profile_ns":0,"health_ns":0,"query_wait_ms":0,"query_map_ms":0,"query_encode_ms":0,"query_copied_bytes":0}
phase-progress {"kind":"health_end","phase":"health","frame":20,"submitted":19,"completed":19,"bodies":940,"joints":840,"physics_ns":0,"draw_ns":0,"render_ns":0,"ui_ns":0,"commit_ns":0,"profile_ns":0,"health_ns":213381911,"query_wait_ms":0,"query_map_ms":0,"query_encode_ms":0,"query_copied_bytes":0}
phase-progress {"kind":"phase","phase":"profile","frame":20,"submitted":19,"completed":19,"bodies":940,"joints":840,"physics_ns":215648400,"draw_ns":0,"render_ns":0,"ui_ns":0,"commit_ns":0,"profile_ns":0,"health_ns":213381911,"query_wait_ms":0,"query_map_ms":0,"query_encode_ms":0,"query_copied_bytes":0}
phase-progress {"kind":"phase","phase":"pick","frame":20,"submitted":19,"completed":19,"bodies":940,"joints":840,"physics_ns":215648400,"draw_ns":0,"render_ns":0,"ui_ns":0,"commit_ns":0,"profile_ns":8481,"health_ns":213381911,"query_wait_ms":0,"query_map_ms":0,"query_encode_ms":0,"query_copied_bytes":0}
phase-progress {"kind":"phase","phase":"draw","frame":20,"submitted":19,"completed":19,"bodies":940,"joints":840,"physics_ns":215648400,"draw_ns":0,"render_ns":0,"ui_ns":0,"commit_ns":0,"profile_ns":8481,"health_ns":213381911,"query_wait_ms":6.39999998e-05,"query_map_ms":0.00328999991,"query_encode_ms":0.0789010003,"query_copied_bytes":64}
phase-progress {"kind":"phase","phase":"render","frame":20,"submitted":20,"completed":20,"bodies":940,"joints":840,"physics_ns":215648400,"draw_ns":168816,"render_ns":0,"ui_ns":0,"commit_ns":0,"profile_ns":8481,"health_ns":213381911,"query_wait_ms":6.39999998e-05,"query_map_ms":0.00328999991,"query_encode_ms":0.0789010003,"query_copied_bytes":64}
phase-progress {"kind":"phase","phase":"ui","frame":20,"submitted":20,"completed":20,"bodies":940,"joints":840,"physics_ns":215648400,"draw_ns":168816,"render_ns":240895530,"ui_ns":0,"commit_ns":0,"profile_ns":8481,"health_ns":213381911,"query_wait_ms":6.39999998e-05,"query_map_ms":0.00328999991,"query_encode_ms":0.0789010003,"query_copied_bytes":64}
phase-progress {"kind":"phase","phase":"commit","frame":20,"submitted":20,"completed":20,"bodies":940,"joints":840,"physics_ns":215648400,"draw_ns":168816,"render_ns":240895530,"ui_ns":96529,"commit_ns":0,"profile_ns":8481,"health_ns":213381911,"query_wait_ms":6.39999998e-05,"query_map_ms":0.00328999991,"query_encode_ms":0.0789010003,"query_copied_bytes":64}
phase-progress {"kind":"phase","phase":"limiter","frame":20,"submitted":20,"completed":20,"bodies":940,"joints":840,"physics_ns":215648400,"draw_ns":168816,"render_ns":240895530,"ui_ns":96529,"commit_ns":22528,"profile_ns":8481,"health_ns":213381911,"query_wait_ms":6.39999998e-05,"query_map_ms":0.00328999991,"query_encode_ms":0.0789010003,"query_copied_bytes":64}
phase-progress {"kind":"phase","phase":"end","frame":20,"submitted":20,"completed":20,"bodies":940,"joints":840,"physics_ns":215648400,"draw_ns":168816,"render_ns":240895530,"ui_ns":96529,"commit_ns":22528,"profile_ns":8481,"health_ns":213381911,"query_wait_ms":6.39999998e-05,"query_map_ms":0.00328999991,"query_encode_ms":0.0789010003,"query_copied_bytes":64}
phase-progress {"kind":"frame","phase":"end","frame":20,"submitted":20,"completed":20,"bodies":940,"joints":840,"physics_ns":215648400,"draw_ns":168816,"render_ns":240895530,"ui_ns":96529,"commit_ns":22528,"profile_ns":8481,"health_ns":213381911,"query_wait_ms":6.39999998e-05,"query_map_ms":0.00328999991,"query_encode_ms":0.0789010003,"query_copied_bytes":64}
phase-progress {"kind":"phase","phase":"setters","frame":21,"submitted":20,"completed":20,"bodies":0,"joints":0,"physics_ns":0,"draw_ns":0,"render_ns":0,"ui_ns":0,"commit_ns":0,"profile_ns":0,"health_ns":0,"query_wait_ms":0,"query_map_ms":0,"query_encode_ms":0,"query_copied_bytes":0}
phase-progress {"kind":"phase","phase":"physics","frame":21,"submitted":20,"completed":20,"bodies":0,"joints":0,"physics_ns":0,"draw_ns":0,"render_ns":0,"ui_ns":0,"commit_ns":0,"profile_ns":0,"health_ns":0,"query_wait_ms":0,"query_map_ms":0,"query_encode_ms":0,"query_copied_bytes":0}
phase-progress {"kind":"health_begin","phase":"health","frame":21,"submitted":20,"completed":20,"bodies":940,"joints":840,"physics_ns":0,"draw_ns":0,"render_ns":0,"ui_ns":0,"commit_ns":0,"profile_ns":0,"health_ns":0,"query_wait_ms":0,"query_map_ms":0,"query_encode_ms":0,"query_copied_bytes":0}
phase-progress {"kind":"health_end","phase":"health","frame":21,"submitted":20,"completed":20,"bodies":940,"joints":840,"physics_ns":0,"draw_ns":0,"render_ns":0,"ui_ns":0,"commit_ns":0,"profile_ns":0,"health_ns":220519860,"query_wait_ms":0,"query_map_ms":0,"query_encode_ms":0,"query_copied_bytes":0}
phase-progress {"kind":"phase","phase":"profile","frame":21,"submitted":20,"completed":20,"bodies":940,"joints":840,"physics_ns":222769256,"draw_ns":0,"render_ns":0,"ui_ns":0,"commit_ns":0,"profile_ns":0,"health_ns":220519860,"query_wait_ms":0,"query_map_ms":0,"query_encode_ms":0,"query_copied_bytes":0}
phase-progress {"kind":"phase","phase":"pick","frame":21,"submitted":20,"completed":20,"bodies":940,"joints":840,"physics_ns":222769256,"draw_ns":0,"render_ns":0,"ui_ns":0,"commit_ns":0,"profile_ns":8196,"health_ns":220519860,"query_wait_ms":0,"query_map_ms":0,"query_encode_ms":0,"query_copied_bytes":0}
phase-progress {"kind":"phase","phase":"draw","frame":21,"submitted":20,"completed":20,"bodies":940,"joints":840,"physics_ns":222769256,"draw_ns":0,"render_ns":0,"ui_ns":0,"commit_ns":0,"profile_ns":8196,"health_ns":220519860,"query_wait_ms":5.19999994e-05,"query_map_ms":0.00313000008,"query_encode_ms":0.0803169981,"query_copied_bytes":64}
phase-progress {"kind":"phase","phase":"render","frame":21,"submitted":21,"completed":21,"bodies":940,"joints":840,"physics_ns":222769256,"draw_ns":169629,"render_ns":0,"ui_ns":0,"commit_ns":0,"profile_ns":8196,"health_ns":220519860,"query_wait_ms":5.19999994e-05,"query_map_ms":0.00313000008,"query_encode_ms":0.0803169981,"query_copied_bytes":64}
phase-progress {"kind":"phase","phase":"ui","frame":21,"submitted":21,"completed":21,"bodies":940,"joints":840,"physics_ns":222769256,"draw_ns":169629,"render_ns":253011373,"ui_ns":0,"commit_ns":0,"profile_ns":8196,"health_ns":220519860,"query_wait_ms":5.19999994e-05,"query_map_ms":0.00313000008,"query_encode_ms":0.0803169981,"query_copied_bytes":64}
phase-progress {"kind":"phase","phase":"commit","frame":21,"submitted":21,"completed":21,"bodies":940,"joints":840,"physics_ns":222769256,"draw_ns":169629,"render_ns":253011373,"ui_ns":101917,"commit_ns":0,"profile_ns":8196,"health_ns":220519860,"query_wait_ms":5.19999994e-05,"query_map_ms":0.00313000008,"query_encode_ms":0.0803169981,"query_copied_bytes":64}
phase-progress {"kind":"phase","phase":"limiter","frame":21,"submitted":21,"completed":21,"bodies":940,"joints":840,"physics_ns":222769256,"draw_ns":169629,"render_ns":253011373,"ui_ns":101917,"commit_ns":15657,"profile_ns":8196,"health_ns":220519860,"query_wait_ms":5.19999994e-05,"query_map_ms":0.00313000008,"query_encode_ms":0.0803169981,"query_copied_bytes":64}
phase-progress {"kind":"phase","phase":"end","frame":21,"submitted":21,"completed":21,"bodies":940,"joints":840,"physics_ns":222769256,"draw_ns":169629,"render_ns":253011373,"ui_ns":101917,"commit_ns":15657,"profile_ns":8196,"health_ns":220519860,"query_wait_ms":5.19999994e-05,"query_map_ms":0.00313000008,"query_encode_ms":0.0803169981,"query_copied_bytes":64}
phase-progress {"kind":"frame","phase":"end","frame":21,"submitted":21,"completed":21,"bodies":940,"joints":840,"physics_ns":222769256,"draw_ns":169629,"render_ns":253011373,"ui_ns":101917,"commit_ns":15657,"profile_ns":8196,"health_ns":220519860,"query_wait_ms":5.19999994e-05,"query_map_ms":0.00313000008,"query_encode_ms":0.0803169981,"query_copied_bytes":64}
phase-progress {"kind":"phase","phase":"setters","frame":22,"submitted":21,"completed":21,"bodies":0,"joints":0,"physics_ns":0,"draw_ns":0,"render_ns":0,"ui_ns":0,"commit_ns":0,"profile_ns":0,"health_ns":0,"query_wait_ms":0,"query_map_ms":0,"query_encode_ms":0,"query_copied_bytes":0}
phase-progress {"kind":"phase","phase":"physics","frame":22,"submitted":21,"completed":21,"bodies":0,"joints":0,"physics_ns":0,"draw_ns":0,"render_ns":0,"ui_ns":0,"commit_ns":0,"profile_ns":0,"health_ns":0,"query_wait_ms":0,"query_map_ms":0,"query_encode_ms":0,"query_copied_bytes":0}
phase-progress {"kind":"health_begin","phase":"health","frame":22,"submitted":21,"completed":21,"bodies":940,"joints":840,"physics_ns":0,"draw_ns":0,"render_ns":0,"ui_ns":0,"commit_ns":0,"profile_ns":0,"health_ns":0,"query_wait_ms":0,"query_map_ms":0,"query_encode_ms":0,"query_copied_bytes":0}
phase-progress {"kind":"health_end","phase":"health","frame":22,"submitted":21,"completed":21,"bodies":940,"joints":840,"physics_ns":0,"draw_ns":0,"render_ns":0,"ui_ns":0,"commit_ns":0,"profile_ns":0,"health_ns":187281803,"query_wait_ms":0,"query_map_ms":0,"query_encode_ms":0,"query_copied_bytes":0}
phase-progress {"kind":"phase","phase":"profile","frame":22,"submitted":21,"completed":21,"bodies":940,"joints":840,"physics_ns":189619577,"draw_ns":0,"render_ns":0,"ui_ns":0,"commit_ns":0,"profile_ns":0,"health_ns":187281803,"query_wait_ms":0,"query_map_ms":0,"query_encode_ms":0,"query_copied_bytes":0}
phase-progress {"kind":"phase","phase":"pick","frame":22,"submitted":21,"completed":21,"bodies":940,"joints":840,"physics_ns":189619577,"draw_ns":0,"render_ns":0,"ui_ns":0,"commit_ns":0,"profile_ns":8302,"health_ns":187281803,"query_wait_ms":0,"query_map_ms":0,"query_encode_ms":0,"query_copied_bytes":0}
phase-progress {"kind":"phase","phase":"draw","frame":22,"submitted":21,"completed":21,"bodies":940,"joints":840,"physics_ns":189619577,"draw_ns":0,"render_ns":0,"ui_ns":0,"commit_ns":0,"profile_ns":8302,"health_ns":187281803,"query_wait_ms":0.000116999996,"query_map_ms":0.003577,"query_encode_ms":0.0810699984,"query_copied_bytes":64}
phase-progress {"kind":"phase","phase":"render","frame":22,"submitted":22,"completed":22,"bodies":940,"joints":840,"physics_ns":189619577,"draw_ns":169014,"render_ns":0,"ui_ns":0,"commit_ns":0,"profile_ns":8302,"health_ns":187281803,"query_wait_ms":0.000116999996,"query_map_ms":0.003577,"query_encode_ms":0.0810699984,"query_copied_bytes":64}
phase-progress {"kind":"phase","phase":"ui","frame":22,"submitted":22,"completed":22,"bodies":940,"joints":840,"physics_ns":189619577,"draw_ns":169014,"render_ns":263109426,"ui_ns":0,"commit_ns":0,"profile_ns":8302,"health_ns":187281803,"query_wait_ms":0.000116999996,"query_map_ms":0.003577,"query_encode_ms":0.0810699984,"query_copied_bytes":64}
phase-progress {"kind":"phase","phase":"commit","frame":22,"submitted":22,"completed":22,"bodies":940,"joints":840,"physics_ns":189619577,"draw_ns":169014,"render_ns":263109426,"ui_ns":96172,"commit_ns":0,"profile_ns":8302,"health_ns":187281803,"query_wait_ms":0.000116999996,"query_map_ms":0.003577,"query_encode_ms":0.0810699984,"query_copied_bytes":64}
phase-progress {"kind":"phase","phase":"limiter","frame":22,"submitted":22,"completed":22,"bodies":940,"joints":840,"physics_ns":189619577,"draw_ns":169014,"render_ns":263109426,"ui_ns":96172,"commit_ns":15365,"profile_ns":8302,"health_ns":187281803,"query_wait_ms":0.000116999996,"query_map_ms":0.003577,"query_encode_ms":0.0810699984,"query_copied_bytes":64}
phase-progress {"kind":"phase","phase":"end","frame":22,"submitted":22,"completed":22,"bodies":940,"joints":840,"physics_ns":189619577,"draw_ns":169014,"render_ns":263109426,"ui_ns":96172,"commit_ns":15365,"profile_ns":8302,"health_ns":187281803,"query_wait_ms":0.000116999996,"query_map_ms":0.003577,"query_encode_ms":0.0810699984,"query_copied_bytes":64}
phase-progress {"kind":"frame","phase":"end","frame":22,"submitted":22,"completed":22,"bodies":940,"joints":840,"physics_ns":189619577,"draw_ns":169014,"render_ns":263109426,"ui_ns":96172,"commit_ns":15365,"profile_ns":8302,"health_ns":187281803,"query_wait_ms":0.000116999996,"query_map_ms":0.003577,"query_encode_ms":0.0810699984,"query_copied_bytes":64}
phase-progress {"kind":"phase","phase":"setters","frame":23,"submitted":22,"completed":22,"bodies":0,"joints":0,"physics_ns":0,"draw_ns":0,"render_ns":0,"ui_ns":0,"commit_ns":0,"profile_ns":0,"health_ns":0,"query_wait_ms":0,"query_map_ms":0,"query_encode_ms":0,"query_copied_bytes":0}
phase-progress {"kind":"phase","phase":"physics","frame":23,"submitted":22,"completed":22,"bodies":0,"joints":0,"physics_ns":0,"draw_ns":0,"render_ns":0,"ui_ns":0,"commit_ns":0,"profile_ns":0,"health_ns":0,"query_wait_ms":0,"query_map_ms":0,"query_encode_ms":0,"query_copied_bytes":0}
phase-progress {"kind":"health_begin","phase":"health","frame":23,"submitted":22,"completed":22,"bodies":940,"joints":840,"physics_ns":0,"draw_ns":0,"render_ns":0,"ui_ns":0,"commit_ns":0,"profile_ns":0,"health_ns":0,"query_wait_ms":0,"query_map_ms":0,"query_encode_ms":0,"query_copied_bytes":0}
phase-progress {"kind":"health_end","phase":"health","frame":23,"submitted":22,"completed":22,"bodies":940,"joints":840,"physics_ns":0,"draw_ns":0,"render_ns":0,"ui_ns":0,"commit_ns":0,"profile_ns":0,"health_ns":188703379,"query_wait_ms":0,"query_map_ms":0,"query_encode_ms":0,"query_copied_bytes":0}
phase-progress {"kind":"phase","phase":"profile","frame":23,"submitted":22,"completed":22,"bodies":940,"joints":840,"physics_ns":190983719,"draw_ns":0,"render_ns":0,"ui_ns":0,"commit_ns":0,"profile_ns":0,"health_ns":188703379,"query_wait_ms":0,"query_map_ms":0,"query_encode_ms":0,"query_copied_bytes":0}
phase-progress {"kind":"phase","phase":"pick","frame":23,"submitted":22,"completed":22,"bodies":940,"joints":840,"physics_ns":190983719,"draw_ns":0,"render_ns":0,"ui_ns":0,"commit_ns":0,"profile_ns":11428,"health_ns":188703379,"query_wait_ms":0,"query_map_ms":0,"query_encode_ms":0,"query_copied_bytes":0}
phase-progress {"kind":"phase","phase":"draw","frame":23,"submitted":22,"completed":22,"bodies":940,"joints":840,"physics_ns":190983719,"draw_ns":0,"render_ns":0,"ui_ns":0,"commit_ns":0,"profile_ns":11428,"health_ns":188703379,"query_wait_ms":6.80000012e-05,"query_map_ms":0.00336800003,"query_encode_ms":0.0801379979,"query_copied_bytes":64}
phase-progress {"kind":"phase","phase":"render","frame":23,"submitted":23,"completed":23,"bodies":940,"joints":840,"physics_ns":190983719,"draw_ns":184368,"render_ns":0,"ui_ns":0,"commit_ns":0,"profile_ns":11428,"health_ns":188703379,"query_wait_ms":6.80000012e-05,"query_map_ms":0.00336800003,"query_encode_ms":0.0801379979,"query_copied_bytes":64}
phase-progress {"kind":"phase","phase":"ui","frame":23,"submitted":23,"completed":23,"bodies":940,"joints":840,"physics_ns":190983719,"draw_ns":184368,"render_ns":242949304,"ui_ns":0,"commit_ns":0,"profile_ns":11428,"health_ns":188703379,"query_wait_ms":6.80000012e-05,"query_map_ms":0.00336800003,"query_encode_ms":0.0801379979,"query_copied_bytes":64}
phase-progress {"kind":"phase","phase":"commit","frame":23,"submitted":23,"completed":23,"bodies":940,"joints":840,"physics_ns":190983719,"draw_ns":184368,"render_ns":242949304,"ui_ns":87974,"commit_ns":0,"profile_ns":11428,"health_ns":188703379,"query_wait_ms":6.80000012e-05,"query_map_ms":0.00336800003,"query_encode_ms":0.0801379979,"query_copied_bytes":64}
phase-progress {"kind":"phase","phase":"limiter","frame":23,"submitted":23,"completed":23,"bodies":940,"joints":840,"physics_ns":190983719,"draw_ns":184368,"render_ns":242949304,"ui_ns":87974,"commit_ns":15126,"profile_ns":11428,"health_ns":188703379,"query_wait_ms":6.80000012e-05,"query_map_ms":0.00336800003,"query_encode_ms":0.0801379979,"query_copied_bytes":64}
phase-progress {"kind":"phase","phase":"end","frame":23,"submitted":23,"completed":23,"bodies":940,"joints":840,"physics_ns":190983719,"draw_ns":184368,"render_ns":242949304,"ui_ns":87974,"commit_ns":15126,"profile_ns":11428,"health_ns":188703379,"query_wait_ms":6.80000012e-05,"query_map_ms":0.00336800003,"query_encode_ms":0.0801379979,"query_copied_bytes":64}
phase-progress {"kind":"frame","phase":"end","frame":23,"submitted":23,"completed":23,"bodies":940,"joints":840,"physics_ns":190983719,"draw_ns":184368,"render_ns":242949304,"ui_ns":87974,"commit_ns":15126,"profile_ns":11428,"health_ns":188703379,"query_wait_ms":6.80000012e-05,"query_map_ms":0.00336800003,"query_encode_ms":0.0801379979,"query_copied_bytes":64}
phase-progress {"kind":"phase","phase":"setters","frame":24,"submitted":23,"completed":23,"bodies":0,"joints":0,"physics_ns":0,"draw_ns":0,"render_ns":0,"ui_ns":0,"commit_ns":0,"profile_ns":0,"health_ns":0,"query_wait_ms":0,"query_map_ms":0,"query_encode_ms":0,"query_copied_bytes":0}
phase-progress {"kind":"phase","phase":"physics","frame":24,"submitted":23,"completed":23,"bodies":0,"joints":0,"physics_ns":0,"draw_ns":0,"render_ns":0,"ui_ns":0,"commit_ns":0,"profile_ns":0,"health_ns":0,"query_wait_ms":0,"query_map_ms":0,"query_encode_ms":0,"query_copied_bytes":0}
phase-progress {"kind":"health_begin","phase":"health","frame":24,"submitted":23,"completed":23,"bodies":940,"joints":840,"physics_ns":0,"draw_ns":0,"render_ns":0,"ui_ns":0,"commit_ns":0,"profile_ns":0,"health_ns":0,"query_wait_ms":0,"query_map_ms":0,"query_encode_ms":0,"query_copied_bytes":0}
phase-progress {"kind":"health_end","phase":"health","frame":24,"submitted":23,"completed":23,"bodies":940,"joints":840,"physics_ns":0,"draw_ns":0,"render_ns":0,"ui_ns":0,"commit_ns":0,"profile_ns":0,"health_ns":354826020,"query_wait_ms":0,"query_map_ms":0,"query_encode_ms":0,"query_copied_bytes":0}
phase-progress {"kind":"phase","phase":"profile","frame":24,"submitted":23,"completed":23,"bodies":940,"joints":840,"physics_ns":357046907,"draw_ns":0,"render_ns":0,"ui_ns":0,"commit_ns":0,"profile_ns":0,"health_ns":354826020,"query_wait_ms":0,"query_map_ms":0,"query_encode_ms":0,"query_copied_bytes":0}
phase-progress {"kind":"phase","phase":"pick","frame":24,"submitted":23,"completed":23,"bodies":940,"joints":840,"physics_ns":357046907,"draw_ns":0,"render_ns":0,"ui_ns":0,"commit_ns":0,"profile_ns":8048,"health_ns":354826020,"query_wait_ms":0,"query_map_ms":0,"query_encode_ms":0,"query_copied_bytes":0}
phase-progress {"kind":"phase","phase":"draw","frame":24,"submitted":23,"completed":23,"bodies":940,"joints":840,"physics_ns":357046907,"draw_ns":0,"render_ns":0,"ui_ns":0,"commit_ns":0,"profile_ns":8048,"health_ns":354826020,"query_wait_ms":6.50000002e-05,"query_map_ms":0.00305699999,"query_encode_ms":0.078410998,"query_copied_bytes":64}
phase-progress {"kind":"phase","phase":"render","frame":24,"submitted":24,"completed":24,"bodies":940,"joints":840,"physics_ns":357046907,"draw_ns":171141,"render_ns":0,"ui_ns":0,"commit_ns":0,"profile_ns":8048,"health_ns":354826020,"query_wait_ms":6.50000002e-05,"query_map_ms":0.00305699999,"query_encode_ms":0.078410998,"query_copied_bytes":64}
phase-progress {"kind":"phase","phase":"ui","frame":24,"submitted":24,"completed":24,"bodies":940,"joints":840,"physics_ns":357046907,"draw_ns":171141,"render_ns":242546837,"ui_ns":0,"commit_ns":0,"profile_ns":8048,"health_ns":354826020,"query_wait_ms":6.50000002e-05,"query_map_ms":0.00305699999,"query_encode_ms":0.078410998,"query_copied_bytes":64}
phase-progress {"kind":"phase","phase":"commit","frame":24,"submitted":24,"completed":24,"bodies":940,"joints":840,"physics_ns":357046907,"draw_ns":171141,"render_ns":242546837,"ui_ns":96700,"commit_ns":0,"profile_ns":8048,"health_ns":354826020,"query_wait_ms":6.50000002e-05,"query_map_ms":0.00305699999,"query_encode_ms":0.078410998,"query_copied_bytes":64}
phase-progress {"kind":"phase","phase":"limiter","frame":24,"submitted":24,"completed":24,"bodies":940,"joints":840,"physics_ns":357046907,"draw_ns":171141,"render_ns":242546837,"ui_ns":96700,"commit_ns":26129,"profile_ns":8048,"health_ns":354826020,"query_wait_ms":6.50000002e-05,"query_map_ms":0.00305699999,"query_encode_ms":0.078410998,"query_copied_bytes":64}
phase-progress {"kind":"phase","phase":"end","frame":24,"submitted":24,"completed":24,"bodies":940,"joints":840,"physics_ns":357046907,"draw_ns":171141,"render_ns":242546837,"ui_ns":96700,"commit_ns":26129,"profile_ns":8048,"health_ns":354826020,"query_wait_ms":6.50000002e-05,"query_map_ms":0.00305699999,"query_encode_ms":0.078410998,"query_copied_bytes":64}
phase-progress {"kind":"frame","phase":"end","frame":24,"submitted":24,"completed":24,"bodies":940,"joints":840,"physics_ns":357046907,"draw_ns":171141,"render_ns":242546837,"ui_ns":96700,"commit_ns":26129,"profile_ns":8048,"health_ns":354826020,"query_wait_ms":6.50000002e-05,"query_map_ms":0.00305699999,"query_encode_ms":0.078410998,"query_copied_bytes":64}
phase-progress {"kind":"phase","phase":"setters","frame":25,"submitted":24,"completed":24,"bodies":0,"joints":0,"physics_ns":0,"draw_ns":0,"render_ns":0,"ui_ns":0,"commit_ns":0,"profile_ns":0,"health_ns":0,"query_wait_ms":0,"query_map_ms":0,"query_encode_ms":0,"query_copied_bytes":0}
phase-progress {"kind":"phase","phase":"physics","frame":25,"submitted":24,"completed":24,"bodies":0,"joints":0,"physics_ns":0,"draw_ns":0,"render_ns":0,"ui_ns":0,"commit_ns":0,"profile_ns":0,"health_ns":0,"query_wait_ms":0,"query_map_ms":0,"query_encode_ms":0,"query_copied_bytes":0}
phase-progress {"kind":"health_begin","phase":"health","frame":25,"submitted":24,"completed":24,"bodies":940,"joints":840,"physics_ns":0,"draw_ns":0,"render_ns":0,"ui_ns":0,"commit_ns":0,"profile_ns":0,"health_ns":0,"query_wait_ms":0,"query_map_ms":0,"query_encode_ms":0,"query_copied_bytes":0}
phase-progress {"kind":"health_end","phase":"health","frame":25,"submitted":24,"completed":24,"bodies":940,"joints":840,"physics_ns":0,"draw_ns":0,"render_ns":0,"ui_ns":0,"commit_ns":0,"profile_ns":0,"health_ns":543217088,"query_wait_ms":0,"query_map_ms":0,"query_encode_ms":0,"query_copied_bytes":0}
phase-progress {"kind":"phase","phase":"profile","frame":25,"submitted":24,"completed":24,"bodies":940,"joints":840,"physics_ns":545477228,"draw_ns":0,"render_ns":0,"ui_ns":0,"commit_ns":0,"profile_ns":0,"health_ns":543217088,"query_wait_ms":0,"query_map_ms":0,"query_encode_ms":0,"query_copied_bytes":0}
phase-progress {"kind":"phase","phase":"pick","frame":25,"submitted":24,"completed":24,"bodies":940,"joints":840,"physics_ns":545477228,"draw_ns":0,"render_ns":0,"ui_ns":0,"commit_ns":0,"profile_ns":8240,"health_ns":543217088,"query_wait_ms":0,"query_map_ms":0,"query_encode_ms":0,"query_copied_bytes":0}
phase-progress {"kind":"phase","phase":"draw","frame":25,"submitted":24,"completed":24,"bodies":940,"joints":840,"physics_ns":545477228,"draw_ns":0,"render_ns":0,"ui_ns":0,"commit_ns":0,"profile_ns":8240,"health_ns":543217088,"query_wait_ms":5.70000011e-05,"query_map_ms":0.00309600006,"query_encode_ms":0.0775189996,"query_copied_bytes":64}
phase-progress {"kind":"phase","phase":"render","frame":25,"submitted":25,"completed":25,"bodies":940,"joints":840,"physics_ns":545477228,"draw_ns":177767,"render_ns":0,"ui_ns":0,"commit_ns":0,"profile_ns":8240,"health_ns":543217088,"query_wait_ms":5.70000011e-05,"query_map_ms":0.00309600006,"query_encode_ms":0.0775189996,"query_copied_bytes":64}
phase-progress {"kind":"phase","phase":"ui","frame":25,"submitted":25,"completed":25,"bodies":940,"joints":840,"physics_ns":545477228,"draw_ns":177767,"render_ns":245818865,"ui_ns":0,"commit_ns":0,"profile_ns":8240,"health_ns":543217088,"query_wait_ms":5.70000011e-05,"query_map_ms":0.00309600006,"query_encode_ms":0.0775189996,"query_copied_bytes":64}
phase-progress {"kind":"phase","phase":"commit","frame":25,"submitted":25,"completed":25,"bodies":940,"joints":840,"physics_ns":545477228,"draw_ns":177767,"render_ns":245818865,"ui_ns":89248,"commit_ns":0,"profile_ns":8240,"health_ns":543217088,"query_wait_ms":5.70000011e-05,"query_map_ms":0.00309600006,"query_encode_ms":0.0775189996,"query_copied_bytes":64}
phase-progress {"kind":"phase","phase":"limiter","frame":25,"submitted":25,"completed":25,"bodies":940,"joints":840,"physics_ns":545477228,"draw_ns":177767,"render_ns":245818865,"ui_ns":89248,"commit_ns":15176,"profile_ns":8240,"health_ns":543217088,"query_wait_ms":5.70000011e-05,"query_map_ms":0.00309600006,"query_encode_ms":0.0775189996,"query_copied_bytes":64}
phase-progress {"kind":"phase","phase":"end","frame":25,"submitted":25,"completed":25,"bodies":940,"joints":840,"physics_ns":545477228,"draw_ns":177767,"render_ns":245818865,"ui_ns":89248,"commit_ns":15176,"profile_ns":8240,"health_ns":543217088,"query_wait_ms":5.70000011e-05,"query_map_ms":0.00309600006,"query_encode_ms":0.0775189996,"query_copied_bytes":64}
phase-progress {"kind":"frame","phase":"end","frame":25,"submitted":25,"completed":25,"bodies":940,"joints":840,"physics_ns":545477228,"draw_ns":177767,"render_ns":245818865,"ui_ns":89248,"commit_ns":15176,"profile_ns":8240,"health_ns":543217088,"query_wait_ms":5.70000011e-05,"query_map_ms":0.00309600006,"query_encode_ms":0.0775189996,"query_copied_bytes":64}
phase-progress {"kind":"phase","phase":"setters","frame":26,"submitted":25,"completed":25,"bodies":0,"joints":0,"physics_ns":0,"draw_ns":0,"render_ns":0,"ui_ns":0,"commit_ns":0,"profile_ns":0,"health_ns":0,"query_wait_ms":0,"query_map_ms":0,"query_encode_ms":0,"query_copied_bytes":0}
phase-progress {"kind":"phase","phase":"physics","frame":26,"submitted":25,"completed":25,"bodies":0,"joints":0,"physics_ns":0,"draw_ns":0,"render_ns":0,"ui_ns":0,"commit_ns":0,"profile_ns":0,"health_ns":0,"query_wait_ms":0,"query_map_ms":0,"query_encode_ms":0,"query_copied_bytes":0}
phase-progress {"kind":"health_begin","phase":"health","frame":26,"submitted":25,"completed":25,"bodies":940,"joints":840,"physics_ns":0,"draw_ns":0,"render_ns":0,"ui_ns":0,"commit_ns":0,"profile_ns":0,"health_ns":0,"query_wait_ms":0,"query_map_ms":0,"query_encode_ms":0,"query_copied_bytes":0}
phase-progress {"kind":"health_end","phase":"health","frame":26,"submitted":25,"completed":25,"bodies":940,"joints":840,"physics_ns":0,"draw_ns":0,"render_ns":0,"ui_ns":0,"commit_ns":0,"profile_ns":0,"health_ns":437789506,"query_wait_ms":0,"query_map_ms":0,"query_encode_ms":0,"query_copied_bytes":0}
phase-progress {"kind":"phase","phase":"profile","frame":26,"submitted":25,"completed":25,"bodies":940,"joints":840,"physics_ns":440009476,"draw_ns":0,"render_ns":0,"ui_ns":0,"commit_ns":0,"profile_ns":0,"health_ns":437789506,"query_wait_ms":0,"query_map_ms":0,"query_encode_ms":0,"query_copied_bytes":0}
phase-progress {"kind":"phase","phase":"pick","frame":26,"submitted":25,"completed":25,"bodies":940,"joints":840,"physics_ns":440009476,"draw_ns":0,"render_ns":0,"ui_ns":0,"commit_ns":0,"profile_ns":8075,"health_ns":437789506,"query_wait_ms":0,"query_map_ms":0,"query_encode_ms":0,"query_copied_bytes":0}
phase-progress {"kind":"phase","phase":"draw","frame":26,"submitted":25,"completed":25,"bodies":940,"joints":840,"physics_ns":440009476,"draw_ns":0,"render_ns":0,"ui_ns":0,"commit_ns":0,"profile_ns":8075,"health_ns":437789506,"query_wait_ms":5.90000018e-05,"query_map_ms":0.00306500006,"query_encode_ms":0.0779929981,"query_copied_bytes":64}
phase-progress {"kind":"phase","phase":"render","frame":26,"submitted":26,"completed":26,"bodies":940,"joints":840,"physics_ns":440009476,"draw_ns":173343,"render_ns":0,"ui_ns":0,"commit_ns":0,"profile_ns":8075,"health_ns":437789506,"query_wait_ms":5.90000018e-05,"query_map_ms":0.00306500006,"query_encode_ms":0.0779929981,"query_copied_bytes":64}
phase-progress {"kind":"phase","phase":"ui","frame":26,"submitted":26,"completed":26,"bodies":940,"joints":840,"physics_ns":440009476,"draw_ns":173343,"render_ns":241941117,"ui_ns":0,"commit_ns":0,"profile_ns":8075,"health_ns":437789506,"query_wait_ms":5.90000018e-05,"query_map_ms":0.00306500006,"query_encode_ms":0.0779929981,"query_copied_bytes":64}
phase-progress {"kind":"phase","phase":"commit","frame":26,"submitted":26,"completed":26,"bodies":940,"joints":840,"physics_ns":440009476,"draw_ns":173343,"render_ns":241941117,"ui_ns":95309,"commit_ns":0,"profile_ns":8075,"health_ns":437789506,"query_wait_ms":5.90000018e-05,"query_map_ms":0.00306500006,"query_encode_ms":0.0779929981,"query_copied_bytes":64}
phase-progress {"kind":"phase","phase":"limiter","frame":26,"submitted":26,"completed":26,"bodies":940,"joints":840,"physics_ns":440009476,"draw_ns":173343,"render_ns":241941117,"ui_ns":95309,"commit_ns":27255,"profile_ns":8075,"health_ns":437789506,"query_wait_ms":5.90000018e-05,"query_map_ms":0.00306500006,"query_encode_ms":0.0779929981,"query_copied_bytes":64}
phase-progress {"kind":"phase","phase":"end","frame":26,"submitted":26,"completed":26,"bodies":940,"joints":840,"physics_ns":440009476,"draw_ns":173343,"render_ns":241941117,"ui_ns":95309,"commit_ns":27255,"profile_ns":8075,"health_ns":437789506,"query_wait_ms":5.90000018e-05,"query_map_ms":0.00306500006,"query_encode_ms":0.0779929981,"query_copied_bytes":64}
phase-progress {"kind":"frame","phase":"end","frame":26,"submitted":26,"completed":26,"bodies":940,"joints":840,"physics_ns":440009476,"draw_ns":173343,"render_ns":241941117,"ui_ns":95309,"commit_ns":27255,"profile_ns":8075,"health_ns":437789506,"query_wait_ms":5.90000018e-05,"query_map_ms":0.00306500006,"query_encode_ms":0.0779929981,"query_copied_bytes":64}
phase-progress {"kind":"phase","phase":"setters","frame":27,"submitted":26,"completed":26,"bodies":0,"joints":0,"physics_ns":0,"draw_ns":0,"render_ns":0,"ui_ns":0,"commit_ns":0,"profile_ns":0,"health_ns":0,"query_wait_ms":0,"query_map_ms":0,"query_encode_ms":0,"query_copied_bytes":0}
phase-progress {"kind":"phase","phase":"physics","frame":27,"submitted":26,"completed":26,"bodies":0,"joints":0,"physics_ns":0,"draw_ns":0,"render_ns":0,"ui_ns":0,"commit_ns":0,"profile_ns":0,"health_ns":0,"query_wait_ms":0,"query_map_ms":0,"query_encode_ms":0,"query_copied_bytes":0}
phase-progress {"kind":"health_begin","phase":"health","frame":27,"submitted":26,"completed":26,"bodies":940,"joints":840,"physics_ns":0,"draw_ns":0,"render_ns":0,"ui_ns":0,"commit_ns":0,"profile_ns":0,"health_ns":0,"query_wait_ms":0,"query_map_ms":0,"query_encode_ms":0,"query_copied_bytes":0}
phase-progress {"kind":"health_end","phase":"health","frame":27,"submitted":26,"completed":26,"bodies":940,"joints":840,"physics_ns":0,"draw_ns":0,"render_ns":0,"ui_ns":0,"commit_ns":0,"profile_ns":0,"health_ns":544175708,"query_wait_ms":0,"query_map_ms":0,"query_encode_ms":0,"query_copied_bytes":0}
phase-progress {"kind":"phase","phase":"profile","frame":27,"submitted":26,"completed":26,"bodies":940,"joints":840,"physics_ns":546440874,"draw_ns":0,"render_ns":0,"ui_ns":0,"commit_ns":0,"profile_ns":0,"health_ns":544175708,"query_wait_ms":0,"query_map_ms":0,"query_encode_ms":0,"query_copied_bytes":0}
phase-progress {"kind":"phase","phase":"pick","frame":27,"submitted":26,"completed":26,"bodies":940,"joints":840,"physics_ns":546440874,"draw_ns":0,"render_ns":0,"ui_ns":0,"commit_ns":0,"profile_ns":8102,"health_ns":544175708,"query_wait_ms":0,"query_map_ms":0,"query_encode_ms":0,"query_copied_bytes":0}
phase-progress {"kind":"phase","phase":"draw","frame":27,"submitted":26,"completed":26,"bodies":940,"joints":840,"physics_ns":546440874,"draw_ns":0,"render_ns":0,"ui_ns":0,"commit_ns":0,"profile_ns":8102,"health_ns":544175708,"query_wait_ms":5.40000001e-05,"query_map_ms":0.00332600018,"query_encode_ms":0.0794640034,"query_copied_bytes":64}
phase-progress {"kind":"phase","phase":"render","frame":27,"submitted":27,"completed":27,"bodies":940,"joints":840,"physics_ns":546440874,"draw_ns":167895,"render_ns":0,"ui_ns":0,"commit_ns":0,"profile_ns":8102,"health_ns":544175708,"query_wait_ms":5.40000001e-05,"query_map_ms":0.00332600018,"query_encode_ms":0.0794640034,"query_copied_bytes":64}
phase-progress {"kind":"phase","phase":"ui","frame":27,"submitted":27,"completed":27,"bodies":940,"joints":840,"physics_ns":546440874,"draw_ns":167895,"render_ns":258449718,"ui_ns":0,"commit_ns":0,"profile_ns":8102,"health_ns":544175708,"query_wait_ms":5.40000001e-05,"query_map_ms":0.00332600018,"query_encode_ms":0.0794640034,"query_copied_bytes":64}
phase-progress {"kind":"phase","phase":"commit","frame":27,"submitted":27,"completed":27,"bodies":940,"joints":840,"physics_ns":546440874,"draw_ns":167895,"render_ns":258449718,"ui_ns":116154,"commit_ns":0,"profile_ns":8102,"health_ns":544175708,"query_wait_ms":5.40000001e-05,"query_map_ms":0.00332600018,"query_encode_ms":0.0794640034,"query_copied_bytes":64}
phase-progress {"kind":"phase","phase":"limiter","frame":27,"submitted":27,"completed":27,"bodies":940,"joints":840,"physics_ns":546440874,"draw_ns":167895,"render_ns":258449718,"ui_ns":116154,"commit_ns":24112,"profile_ns":8102,"health_ns":544175708,"query_wait_ms":5.40000001e-05,"query_map_ms":0.00332600018,"query_encode_ms":0.0794640034,"query_copied_bytes":64}
phase-progress {"kind":"phase","phase":"end","frame":27,"submitted":27,"completed":27,"bodies":940,"joints":840,"physics_ns":546440874,"draw_ns":167895,"render_ns":258449718,"ui_ns":116154,"commit_ns":24112,"profile_ns":8102,"health_ns":544175708,"query_wait_ms":5.40000001e-05,"query_map_ms":0.00332600018,"query_encode_ms":0.0794640034,"query_copied_bytes":64}
phase-progress {"kind":"frame","phase":"end","frame":27,"submitted":27,"completed":27,"bodies":940,"joints":840,"physics_ns":546440874,"draw_ns":167895,"render_ns":258449718,"ui_ns":116154,"commit_ns":24112,"profile_ns":8102,"health_ns":544175708,"query_wait_ms":5.40000001e-05,"query_map_ms":0.00332600018,"query_encode_ms":0.0794640034,"query_copied_bytes":64}
phase-progress {"kind":"phase","phase":"setters","frame":28,"submitted":27,"completed":27,"bodies":0,"joints":0,"physics_ns":0,"draw_ns":0,"render_ns":0,"ui_ns":0,"commit_ns":0,"profile_ns":0,"health_ns":0,"query_wait_ms":0,"query_map_ms":0,"query_encode_ms":0,"query_copied_bytes":0}
phase-progress {"kind":"phase","phase":"physics","frame":28,"submitted":27,"completed":27,"bodies":0,"joints":0,"physics_ns":0,"draw_ns":0,"render_ns":0,"ui_ns":0,"commit_ns":0,"profile_ns":0,"health_ns":0,"query_wait_ms":0,"query_map_ms":0,"query_encode_ms":0,"query_copied_bytes":0}
phase-progress {"kind":"health_begin","phase":"health","frame":28,"submitted":27,"completed":27,"bodies":940,"joints":840,"physics_ns":0,"draw_ns":0,"render_ns":0,"ui_ns":0,"commit_ns":0,"profile_ns":0,"health_ns":0,"query_wait_ms":0,"query_map_ms":0,"query_encode_ms":0,"query_copied_bytes":0}
phase-progress {"kind":"health_end","phase":"health","frame":28,"submitted":27,"completed":27,"bodies":940,"joints":840,"physics_ns":0,"draw_ns":0,"render_ns":0,"ui_ns":0,"commit_ns":0,"profile_ns":0,"health_ns":462658230,"query_wait_ms":0,"query_map_ms":0,"query_encode_ms":0,"query_copied_bytes":0}
phase-progress {"kind":"phase","phase":"profile","frame":28,"submitted":27,"completed":27,"bodies":940,"joints":840,"physics_ns":465694246,"draw_ns":0,"render_ns":0,"ui_ns":0,"commit_ns":0,"profile_ns":0,"health_ns":462658230,"query_wait_ms":0,"query_map_ms":0,"query_encode_ms":0,"query_copied_bytes":0}
phase-progress {"kind":"phase","phase":"pick","frame":28,"submitted":27,"completed":27,"bodies":940,"joints":840,"physics_ns":465694246,"draw_ns":0,"render_ns":0,"ui_ns":0,"commit_ns":0,"profile_ns":29365,"health_ns":462658230,"query_wait_ms":0,"query_map_ms":0,"query_encode_ms":0,"query_copied_bytes":0}
phase-progress {"kind":"phase","phase":"draw","frame":28,"submitted":27,"completed":27,"bodies":940,"joints":840,"physics_ns":465694246,"draw_ns":0,"render_ns":0,"ui_ns":0,"commit_ns":0,"profile_ns":29365,"health_ns":462658230,"query_wait_ms":6.60000005e-05,"query_map_ms":0.00382099999,"query_encode_ms":0.103127003,"query_copied_bytes":64}
phase-progress {"kind":"phase","phase":"render","frame":28,"submitted":28,"completed":28,"bodies":940,"joints":840,"physics_ns":465694246,"draw_ns":234336,"render_ns":0,"ui_ns":0,"commit_ns":0,"profile_ns":29365,"health_ns":462658230,"query_wait_ms":6.60000005e-05,"query_map_ms":0.00382099999,"query_encode_ms":0.103127003,"query_copied_bytes":64}
phase-progress {"kind":"phase","phase":"ui","frame":28,"submitted":28,"completed":28,"bodies":940,"joints":840,"physics_ns":465694246,"draw_ns":234336,"render_ns":259965399,"ui_ns":0,"commit_ns":0,"profile_ns":29365,"health_ns":462658230,"query_wait_ms":6.60000005e-05,"query_map_ms":0.00382099999,"query_encode_ms":0.103127003,"query_copied_bytes":64}
phase-progress {"kind":"phase","phase":"commit","frame":28,"submitted":28,"completed":28,"bodies":940,"joints":840,"physics_ns":465694246,"draw_ns":234336,"render_ns":259965399,"ui_ns":100716,"commit_ns":0,"profile_ns":29365,"health_ns":462658230,"query_wait_ms":6.60000005e-05,"query_map_ms":0.00382099999,"query_encode_ms":0.103127003,"query_copied_bytes":64}
phase-progress {"kind":"phase","phase":"limiter","frame":28,"submitted":28,"completed":28,"bodies":940,"joints":840,"physics_ns":465694246,"draw_ns":234336,"render_ns":259965399,"ui_ns":100716,"commit_ns":21297,"profile_ns":29365,"health_ns":462658230,"query_wait_ms":6.60000005e-05,"query_map_ms":0.00382099999,"query_encode_ms":0.103127003,"query_copied_bytes":64}
phase-progress {"kind":"phase","phase":"end","frame":28,"submitted":28,"completed":28,"bodies":940,"joints":840,"physics_ns":465694246,"draw_ns":234336,"render_ns":259965399,"ui_ns":100716,"commit_ns":21297,"profile_ns":29365,"health_ns":462658230,"query_wait_ms":6.60000005e-05,"query_map_ms":0.00382099999,"query_encode_ms":0.103127003,"query_copied_bytes":64}
phase-progress {"kind":"frame","phase":"end","frame":28,"submitted":28,"completed":28,"bodies":940,"joints":840,"physics_ns":465694246,"draw_ns":234336,"render_ns":259965399,"ui_ns":100716,"commit_ns":21297,"profile_ns":29365,"health_ns":462658230,"query_wait_ms":6.60000005e-05,"query_map_ms":0.00382099999,"query_encode_ms":0.103127003,"query_copied_bytes":64}
phase-progress {"kind":"phase","phase":"setters","frame":29,"submitted":28,"completed":28,"bodies":0,"joints":0,"physics_ns":0,"draw_ns":0,"render_ns":0,"ui_ns":0,"commit_ns":0,"profile_ns":0,"health_ns":0,"query_wait_ms":0,"query_map_ms":0,"query_encode_ms":0,"query_copied_bytes":0}
phase-progress {"kind":"phase","phase":"physics","frame":29,"submitted":28,"completed":28,"bodies":0,"joints":0,"physics_ns":0,"draw_ns":0,"render_ns":0,"ui_ns":0,"commit_ns":0,"profile_ns":0,"health_ns":0,"query_wait_ms":0,"query_map_ms":0,"query_encode_ms":0,"query_copied_bytes":0}
phase-progress {"kind":"health_begin","phase":"health","frame":29,"submitted":28,"completed":28,"bodies":940,"joints":840,"physics_ns":0,"draw_ns":0,"render_ns":0,"ui_ns":0,"commit_ns":0,"profile_ns":0,"health_ns":0,"query_wait_ms":0,"query_map_ms":0,"query_encode_ms":0,"query_copied_bytes":0}
phase-progress {"kind":"health_end","phase":"health","frame":29,"submitted":28,"completed":28,"bodies":940,"joints":840,"physics_ns":0,"draw_ns":0,"render_ns":0,"ui_ns":0,"commit_ns":0,"profile_ns":0,"health_ns":403347879,"query_wait_ms":0,"query_map_ms":0,"query_encode_ms":0,"query_copied_bytes":0}
phase-progress {"kind":"phase","phase":"profile","frame":29,"submitted":28,"completed":28,"bodies":940,"joints":840,"physics_ns":405598608,"draw_ns":0,"render_ns":0,"ui_ns":0,"commit_ns":0,"profile_ns":0,"health_ns":403347879,"query_wait_ms":0,"query_map_ms":0,"query_encode_ms":0,"query_copied_bytes":0}
phase-progress {"kind":"phase","phase":"pick","frame":29,"submitted":28,"completed":28,"bodies":940,"joints":840,"physics_ns":405598608,"draw_ns":0,"render_ns":0,"ui_ns":0,"commit_ns":0,"profile_ns":19493,"health_ns":403347879,"query_wait_ms":0,"query_map_ms":0,"query_encode_ms":0,"query_copied_bytes":0}
phase-progress {"kind":"phase","phase":"draw","frame":29,"submitted":28,"completed":28,"bodies":940,"joints":840,"physics_ns":405598608,"draw_ns":0,"render_ns":0,"ui_ns":0,"commit_ns":0,"profile_ns":19493,"health_ns":403347879,"query_wait_ms":6.80000012e-05,"query_map_ms":0.00336600002,"query_encode_ms":0.0876599997,"query_copied_bytes":64}
phase-progress {"kind":"phase","phase":"render","frame":29,"submitted":29,"completed":29,"bodies":940,"joints":840,"physics_ns":405598608,"draw_ns":171737,"render_ns":0,"ui_ns":0,"commit_ns":0,"profile_ns":19493,"health_ns":403347879,"query_wait_ms":6.80000012e-05,"query_map_ms":0.00336600002,"query_encode_ms":0.0876599997,"query_copied_bytes":64}
phase-progress {"kind":"phase","phase":"ui","frame":29,"submitted":29,"completed":29,"bodies":940,"joints":840,"physics_ns":405598608,"draw_ns":171737,"render_ns":237337006,"ui_ns":0,"commit_ns":0,"profile_ns":19493,"health_ns":403347879,"query_wait_ms":6.80000012e-05,"query_map_ms":0.00336600002,"query_encode_ms":0.0876599997,"query_copied_bytes":64}
phase-progress {"kind":"phase","phase":"commit","frame":29,"submitted":29,"completed":29,"bodies":940,"joints":840,"physics_ns":405598608,"draw_ns":171737,"render_ns":237337006,"ui_ns":87596,"commit_ns":0,"profile_ns":19493,"health_ns":403347879,"query_wait_ms":6.80000012e-05,"query_map_ms":0.00336600002,"query_encode_ms":0.0876599997,"query_copied_bytes":64}
phase-progress {"kind":"phase","phase":"limiter","frame":29,"submitted":29,"completed":29,"bodies":940,"joints":840,"physics_ns":405598608,"draw_ns":171737,"render_ns":237337006,"ui_ns":87596,"commit_ns":19818,"profile_ns":19493,"health_ns":403347879,"query_wait_ms":6.80000012e-05,"query_map_ms":0.00336600002,"query_encode_ms":0.0876599997,"query_copied_bytes":64}
phase-progress {"kind":"phase","phase":"end","frame":29,"submitted":29,"completed":29,"bodies":940,"joints":840,"physics_ns":405598608,"draw_ns":171737,"render_ns":237337006,"ui_ns":87596,"commit_ns":19818,"profile_ns":19493,"health_ns":403347879,"query_wait_ms":6.80000012e-05,"query_map_ms":0.00336600002,"query_encode_ms":0.0876599997,"query_copied_bytes":64}
phase-progress {"kind":"frame","phase":"end","frame":29,"submitted":29,"completed":29,"bodies":940,"joints":840,"physics_ns":405598608,"draw_ns":171737,"render_ns":237337006,"ui_ns":87596,"commit_ns":19818,"profile_ns":19493,"health_ns":403347879,"query_wait_ms":6.80000012e-05,"query_map_ms":0.00336600002,"query_encode_ms":0.0876599997,"query_copied_bytes":64}
phase-progress {"kind":"phase","phase":"setters","frame":30,"submitted":29,"completed":29,"bodies":0,"joints":0,"physics_ns":0,"draw_ns":0,"render_ns":0,"ui_ns":0,"commit_ns":0,"profile_ns":0,"health_ns":0,"query_wait_ms":0,"query_map_ms":0,"query_encode_ms":0,"query_copied_bytes":0}
phase-progress {"kind":"phase","phase":"physics","frame":30,"submitted":29,"completed":29,"bodies":0,"joints":0,"physics_ns":0,"draw_ns":0,"render_ns":0,"ui_ns":0,"commit_ns":0,"profile_ns":0,"health_ns":0,"query_wait_ms":0,"query_map_ms":0,"query_encode_ms":0,"query_copied_bytes":0}
phase-progress {"kind":"health_begin","phase":"health","frame":30,"submitted":29,"completed":29,"bodies":940,"joints":840,"physics_ns":0,"draw_ns":0,"render_ns":0,"ui_ns":0,"commit_ns":0,"profile_ns":0,"health_ns":0,"query_wait_ms":0,"query_map_ms":0,"query_encode_ms":0,"query_copied_bytes":0}
phase-progress {"kind":"health_end","phase":"health","frame":30,"submitted":29,"completed":29,"bodies":940,"joints":840,"physics_ns":0,"draw_ns":0,"render_ns":0,"ui_ns":0,"commit_ns":0,"profile_ns":0,"health_ns":378847375,"query_wait_ms":0,"query_map_ms":0,"query_encode_ms":0,"query_copied_bytes":0}
phase-progress {"kind":"phase","phase":"profile","frame":30,"submitted":29,"completed":29,"bodies":940,"joints":840,"physics_ns":381182701,"draw_ns":0,"render_ns":0,"ui_ns":0,"commit_ns":0,"profile_ns":0,"health_ns":378847375,"query_wait_ms":0,"query_map_ms":0,"query_encode_ms":0,"query_copied_bytes":0}
phase-progress {"kind":"phase","phase":"pick","frame":30,"submitted":29,"completed":29,"bodies":940,"joints":840,"physics_ns":381182701,"draw_ns":0,"render_ns":0,"ui_ns":0,"commit_ns":0,"profile_ns":8624,"health_ns":378847375,"query_wait_ms":0,"query_map_ms":0,"query_encode_ms":0,"query_copied_bytes":0}
phase-progress {"kind":"phase","phase":"draw","frame":30,"submitted":29,"completed":29,"bodies":940,"joints":840,"physics_ns":381182701,"draw_ns":0,"render_ns":0,"ui_ns":0,"commit_ns":0,"profile_ns":8624,"health_ns":378847375,"query_wait_ms":6.19999992e-05,"query_map_ms":0.00329599995,"query_encode_ms":0.0797390044,"query_copied_bytes":64}
phase-progress {"kind":"phase","phase":"render","frame":30,"submitted":30,"completed":30,"bodies":940,"joints":840,"physics_ns":381182701,"draw_ns":170430,"render_ns":0,"ui_ns":0,"commit_ns":0,"profile_ns":8624,"health_ns":378847375,"query_wait_ms":6.19999992e-05,"query_map_ms":0.00329599995,"query_encode_ms":0.0797390044,"query_copied_bytes":64}
phase-progress {"kind":"phase","phase":"ui","frame":30,"submitted":30,"completed":30,"bodies":940,"joints":840,"physics_ns":381182701,"draw_ns":170430,"render_ns":300035765,"ui_ns":0,"commit_ns":0,"profile_ns":8624,"health_ns":378847375,"query_wait_ms":6.19999992e-05,"query_map_ms":0.00329599995,"query_encode_ms":0.0797390044,"query_copied_bytes":64}
phase-progress {"kind":"phase","phase":"commit","frame":30,"submitted":30,"completed":30,"bodies":940,"joints":840,"physics_ns":381182701,"draw_ns":170430,"render_ns":300035765,"ui_ns":108606,"commit_ns":0,"profile_ns":8624,"health_ns":378847375,"query_wait_ms":6.19999992e-05,"query_map_ms":0.00329599995,"query_encode_ms":0.0797390044,"query_copied_bytes":64}
phase-progress {"kind":"phase","phase":"limiter","frame":30,"submitted":30,"completed":30,"bodies":940,"joints":840,"physics_ns":381182701,"draw_ns":170430,"render_ns":300035765,"ui_ns":108606,"commit_ns":17180,"profile_ns":8624,"health_ns":378847375,"query_wait_ms":6.19999992e-05,"query_map_ms":0.00329599995,"query_encode_ms":0.0797390044,"query_copied_bytes":64}
phase-progress {"kind":"phase","phase":"end","frame":30,"submitted":30,"completed":30,"bodies":940,"joints":840,"physics_ns":381182701,"draw_ns":170430,"render_ns":300035765,"ui_ns":108606,"commit_ns":17180,"profile_ns":8624,"health_ns":378847375,"query_wait_ms":6.19999992e-05,"query_map_ms":0.00329599995,"query_encode_ms":0.0797390044,"query_copied_bytes":64}
phase-progress {"kind":"frame","phase":"end","frame":30,"submitted":30,"completed":30,"bodies":940,"joints":840,"physics_ns":381182701,"draw_ns":170430,"render_ns":300035765,"ui_ns":108606,"commit_ns":17180,"profile_ns":8624,"health_ns":378847375,"query_wait_ms":6.19999992e-05,"query_map_ms":0.00329599995,"query_encode_ms":0.0797390044,"query_copied_bytes":64}
phase-progress {"kind":"phase","phase":"setters","frame":31,"submitted":30,"completed":30,"bodies":0,"joints":0,"physics_ns":0,"draw_ns":0,"render_ns":0,"ui_ns":0,"commit_ns":0,"profile_ns":0,"health_ns":0,"query_wait_ms":0,"query_map_ms":0,"query_encode_ms":0,"query_copied_bytes":0}
phase-progress {"kind":"phase","phase":"physics","frame":31,"submitted":30,"completed":30,"bodies":0,"joints":0,"physics_ns":0,"draw_ns":0,"render_ns":0,"ui_ns":0,"commit_ns":0,"profile_ns":0,"health_ns":0,"query_wait_ms":0,"query_map_ms":0,"query_encode_ms":0,"query_copied_bytes":0}
phase-progress {"kind":"health_begin","phase":"health","frame":31,"submitted":30,"completed":30,"bodies":940,"joints":840,"physics_ns":0,"draw_ns":0,"render_ns":0,"ui_ns":0,"commit_ns":0,"profile_ns":0,"health_ns":0,"query_wait_ms":0,"query_map_ms":0,"query_encode_ms":0,"query_copied_bytes":0}
phase-progress {"kind":"health_end","phase":"health","frame":31,"submitted":30,"completed":30,"bodies":940,"joints":840,"physics_ns":0,"draw_ns":0,"render_ns":0,"ui_ns":0,"commit_ns":0,"profile_ns":0,"health_ns":409016604,"query_wait_ms":0,"query_map_ms":0,"query_encode_ms":0,"query_copied_bytes":0}
phase-progress {"kind":"phase","phase":"profile","frame":31,"submitted":30,"completed":30,"bodies":940,"joints":840,"physics_ns":412834576,"draw_ns":0,"render_ns":0,"ui_ns":0,"commit_ns":0,"profile_ns":0,"health_ns":409016604,"query_wait_ms":0,"query_map_ms":0,"query_encode_ms":0,"query_copied_bytes":0}
phase-progress {"kind":"phase","phase":"pick","frame":31,"submitted":30,"completed":30,"bodies":940,"joints":840,"physics_ns":412834576,"draw_ns":0,"render_ns":0,"ui_ns":0,"commit_ns":0,"profile_ns":8715,"health_ns":409016604,"query_wait_ms":0,"query_map_ms":0,"query_encode_ms":0,"query_copied_bytes":0}
phase-progress {"kind":"phase","phase":"draw","frame":31,"submitted":30,"completed":30,"bodies":940,"joints":840,"physics_ns":412834576,"draw_ns":0,"render_ns":0,"ui_ns":0,"commit_ns":0,"profile_ns":8715,"health_ns":409016604,"query_wait_ms":7.70000042e-05,"query_map_ms":0.00348099996,"query_encode_ms":0.085359998,"query_copied_bytes":64}
phase-progress {"kind":"phase","phase":"render","frame":31,"submitted":31,"completed":31,"bodies":940,"joints":840,"physics_ns":412834576,"draw_ns":172269,"render_ns":0,"ui_ns":0,"commit_ns":0,"profile_ns":8715,"health_ns":409016604,"query_wait_ms":7.70000042e-05,"query_map_ms":0.00348099996,"query_encode_ms":0.085359998,"query_copied_bytes":64}
phase-progress {"kind":"phase","phase":"ui","frame":31,"submitted":31,"completed":31,"bodies":940,"joints":840,"physics_ns":412834576,"draw_ns":172269,"render_ns":254502905,"ui_ns":0,"commit_ns":0,"profile_ns":8715,"health_ns":409016604,"query_wait_ms":7.70000042e-05,"query_map_ms":0.00348099996,"query_encode_ms":0.085359998,"query_copied_bytes":64}
phase-progress {"kind":"phase","phase":"commit","frame":31,"submitted":31,"completed":31,"bodies":940,"joints":840,"physics_ns":412834576,"draw_ns":172269,"render_ns":254502905,"ui_ns":122556,"commit_ns":0,"profile_ns":8715,"health_ns":409016604,"query_wait_ms":7.70000042e-05,"query_map_ms":0.00348099996,"query_encode_ms":0.085359998,"query_copied_bytes":64}
phase-progress {"kind":"phase","phase":"limiter","frame":31,"submitted":31,"completed":31,"bodies":940,"joints":840,"physics_ns":412834576,"draw_ns":172269,"render_ns":254502905,"ui_ns":122556,"commit_ns":21962,"profile_ns":8715,"health_ns":409016604,"query_wait_ms":7.70000042e-05,"query_map_ms":0.00348099996,"query_encode_ms":0.085359998,"query_copied_bytes":64}
phase-progress {"kind":"phase","phase":"end","frame":31,"submitted":31,"completed":31,"bodies":940,"joints":840,"physics_ns":412834576,"draw_ns":172269,"render_ns":254502905,"ui_ns":122556,"commit_ns":21962,"profile_ns":8715,"health_ns":409016604,"query_wait_ms":7.70000042e-05,"query_map_ms":0.00348099996,"query_encode_ms":0.085359998,"query_copied_bytes":64}
phase-progress {"kind":"frame","phase":"end","frame":31,"submitted":31,"completed":31,"bodies":940,"joints":840,"physics_ns":412834576,"draw_ns":172269,"render_ns":254502905,"ui_ns":122556,"commit_ns":21962,"profile_ns":8715,"health_ns":409016604,"query_wait_ms":7.70000042e-05,"query_map_ms":0.00348099996,"query_encode_ms":0.085359998,"query_copied_bytes":64}
phase-progress {"kind":"phase","phase":"setters","frame":32,"submitted":31,"completed":31,"bodies":0,"joints":0,"physics_ns":0,"draw_ns":0,"render_ns":0,"ui_ns":0,"commit_ns":0,"profile_ns":0,"health_ns":0,"query_wait_ms":0,"query_map_ms":0,"query_encode_ms":0,"query_copied_bytes":0}
phase-progress {"kind":"phase","phase":"physics","frame":32,"submitted":31,"completed":31,"bodies":0,"joints":0,"physics_ns":0,"draw_ns":0,"render_ns":0,"ui_ns":0,"commit_ns":0,"profile_ns":0,"health_ns":0,"query_wait_ms":0,"query_map_ms":0,"query_encode_ms":0,"query_copied_bytes":0}
phase-progress {"kind":"health_begin","phase":"health","frame":32,"submitted":31,"completed":31,"bodies":940,"joints":840,"physics_ns":0,"draw_ns":0,"render_ns":0,"ui_ns":0,"commit_ns":0,"profile_ns":0,"health_ns":0,"query_wait_ms":0,"query_map_ms":0,"query_encode_ms":0,"query_copied_bytes":0}
phase-progress {"kind":"health_end","phase":"health","frame":32,"submitted":31,"completed":31,"bodies":940,"joints":840,"physics_ns":0,"draw_ns":0,"render_ns":0,"ui_ns":0,"commit_ns":0,"profile_ns":0,"health_ns":385818609,"query_wait_ms":0,"query_map_ms":0,"query_encode_ms":0,"query_copied_bytes":0}
phase-progress {"kind":"phase","phase":"profile","frame":32,"submitted":31,"completed":31,"bodies":940,"joints":840,"physics_ns":389615144,"draw_ns":0,"render_ns":0,"ui_ns":0,"commit_ns":0,"profile_ns":0,"health_ns":385818609,"query_wait_ms":0,"query_map_ms":0,"query_encode_ms":0,"query_copied_bytes":0}
phase-progress {"kind":"phase","phase":"pick","frame":32,"submitted":31,"completed":31,"bodies":940,"joints":840,"physics_ns":389615144,"draw_ns":0,"render_ns":0,"ui_ns":0,"commit_ns":0,"profile_ns":8261,"health_ns":385818609,"query_wait_ms":0,"query_map_ms":0,"query_encode_ms":0,"query_copied_bytes":0}
phase-progress {"kind":"phase","phase":"draw","frame":32,"submitted":31,"completed":31,"bodies":940,"joints":840,"physics_ns":389615144,"draw_ns":0,"render_ns":0,"ui_ns":0,"commit_ns":0,"profile_ns":8261,"health_ns":385818609,"query_wait_ms":7.00000019e-05,"query_map_ms":0.00344499992,"query_encode_ms":0.0791459978,"query_copied_bytes":64}
phase-progress {"kind":"phase","phase":"render","frame":32,"submitted":32,"completed":32,"bodies":940,"joints":840,"physics_ns":389615144,"draw_ns":165721,"render_ns":0,"ui_ns":0,"commit_ns":0,"profile_ns":8261,"health_ns":385818609,"query_wait_ms":7.00000019e-05,"query_map_ms":0.00344499992,"query_encode_ms":0.0791459978,"query_copied_bytes":64}
phase-progress {"kind":"phase","phase":"ui","frame":32,"submitted":32,"completed":32,"bodies":940,"joints":840,"physics_ns":389615144,"draw_ns":165721,"render_ns":261092409,"ui_ns":0,"commit_ns":0,"profile_ns":8261,"health_ns":385818609,"query_wait_ms":7.00000019e-05,"query_map_ms":0.00344499992,"query_encode_ms":0.0791459978,"query_copied_bytes":64}
phase-progress {"kind":"phase","phase":"commit","frame":32,"submitted":32,"completed":32,"bodies":940,"joints":840,"physics_ns":389615144,"draw_ns":165721,"render_ns":261092409,"ui_ns":90053,"commit_ns":0,"profile_ns":8261,"health_ns":385818609,"query_wait_ms":7.00000019e-05,"query_map_ms":0.00344499992,"query_encode_ms":0.0791459978,"query_copied_bytes":64}
phase-progress {"kind":"phase","phase":"limiter","frame":32,"submitted":32,"completed":32,"bodies":940,"joints":840,"physics_ns":389615144,"draw_ns":165721,"render_ns":261092409,"ui_ns":90053,"commit_ns":16137,"profile_ns":8261,"health_ns":385818609,"query_wait_ms":7.00000019e-05,"query_map_ms":0.00344499992,"query_encode_ms":0.0791459978,"query_copied_bytes":64}
phase-progress {"kind":"phase","phase":"end","frame":32,"submitted":32,"completed":32,"bodies":940,"joints":840,"physics_ns":389615144,"draw_ns":165721,"render_ns":261092409,"ui_ns":90053,"commit_ns":16137,"profile_ns":8261,"health_ns":385818609,"query_wait_ms":7.00000019e-05,"query_map_ms":0.00344499992,"query_encode_ms":0.0791459978,"query_copied_bytes":64}
phase-progress {"kind":"frame","phase":"end","frame":32,"submitted":32,"completed":32,"bodies":940,"joints":840,"physics_ns":389615144,"draw_ns":165721,"render_ns":261092409,"ui_ns":90053,"commit_ns":16137,"profile_ns":8261,"health_ns":385818609,"query_wait_ms":7.00000019e-05,"query_map_ms":0.00344499992,"query_encode_ms":0.0791459978,"query_copied_bytes":64}
phase-progress {"kind":"phase","phase":"setters","frame":33,"submitted":32,"completed":32,"bodies":0,"joints":0,"physics_ns":0,"draw_ns":0,"render_ns":0,"ui_ns":0,"commit_ns":0,"profile_ns":0,"health_ns":0,"query_wait_ms":0,"query_map_ms":0,"query_encode_ms":0,"query_copied_bytes":0}
phase-progress {"kind":"phase","phase":"physics","frame":33,"submitted":32,"completed":32,"bodies":0,"joints":0,"physics_ns":0,"draw_ns":0,"render_ns":0,"ui_ns":0,"commit_ns":0,"profile_ns":0,"health_ns":0,"query_wait_ms":0,"query_map_ms":0,"query_encode_ms":0,"query_copied_bytes":0}
phase-progress {"kind":"health_begin","phase":"health","frame":33,"submitted":32,"completed":32,"bodies":940,"joints":840,"physics_ns":0,"draw_ns":0,"render_ns":0,"ui_ns":0,"commit_ns":0,"profile_ns":0,"health_ns":0,"query_wait_ms":0,"query_map_ms":0,"query_encode_ms":0,"query_copied_bytes":0}
phase-progress {"kind":"health_end","phase":"health","frame":33,"submitted":32,"completed":32,"bodies":940,"joints":840,"physics_ns":0,"draw_ns":0,"render_ns":0,"ui_ns":0,"commit_ns":0,"profile_ns":0,"health_ns":387601767,"query_wait_ms":0,"query_map_ms":0,"query_encode_ms":0,"query_copied_bytes":0}
phase-progress {"kind":"phase","phase":"profile","frame":33,"submitted":32,"completed":32,"bodies":940,"joints":840,"physics_ns":389896755,"draw_ns":0,"render_ns":0,"ui_ns":0,"commit_ns":0,"profile_ns":0,"health_ns":387601767,"query_wait_ms":0,"query_map_ms":0,"query_encode_ms":0,"query_copied_bytes":0}
phase-progress {"kind":"phase","phase":"pick","frame":33,"submitted":32,"completed":32,"bodies":940,"joints":840,"physics_ns":389896755,"draw_ns":0,"render_ns":0,"ui_ns":0,"commit_ns":0,"profile_ns":8641,"health_ns":387601767,"query_wait_ms":0,"query_map_ms":0,"query_encode_ms":0,"query_copied_bytes":0}
phase-progress {"kind":"phase","phase":"draw","frame":33,"submitted":32,"completed":32,"bodies":940,"joints":840,"physics_ns":389896755,"draw_ns":0,"render_ns":0,"ui_ns":0,"commit_ns":0,"profile_ns":8641,"health_ns":387601767,"query_wait_ms":5.29999998e-05,"query_map_ms":0.003119,"query_encode_ms":0.0765189976,"query_copied_bytes":64}
phase-progress {"kind":"phase","phase":"render","frame":33,"submitted":33,"completed":33,"bodies":940,"joints":840,"physics_ns":389896755,"draw_ns":169872,"render_ns":0,"ui_ns":0,"commit_ns":0,"profile_ns":8641,"health_ns":387601767,"query_wait_ms":5.29999998e-05,"query_map_ms":0.003119,"query_encode_ms":0.0765189976,"query_copied_bytes":64}
phase-progress {"kind":"phase","phase":"ui","frame":33,"submitted":33,"completed":33,"bodies":940,"joints":840,"physics_ns":389896755,"draw_ns":169872,"render_ns":239701289,"ui_ns":0,"commit_ns":0,"profile_ns":8641,"health_ns":387601767,"query_wait_ms":5.29999998e-05,"query_map_ms":0.003119,"query_encode_ms":0.0765189976,"query_copied_bytes":64}
phase-progress {"kind":"phase","phase":"commit","frame":33,"submitted":33,"completed":33,"bodies":940,"joints":840,"physics_ns":389896755,"draw_ns":169872,"render_ns":239701289,"ui_ns":89417,"commit_ns":0,"profile_ns":8641,"health_ns":387601767,"query_wait_ms":5.29999998e-05,"query_map_ms":0.003119,"query_encode_ms":0.0765189976,"query_copied_bytes":64}
phase-progress {"kind":"phase","phase":"limiter","frame":33,"submitted":33,"completed":33,"bodies":940,"joints":840,"physics_ns":389896755,"draw_ns":169872,"render_ns":239701289,"ui_ns":89417,"commit_ns":15497,"profile_ns":8641,"health_ns":387601767,"query_wait_ms":5.29999998e-05,"query_map_ms":0.003119,"query_encode_ms":0.0765189976,"query_copied_bytes":64}
phase-progress {"kind":"phase","phase":"end","frame":33,"submitted":33,"completed":33,"bodies":940,"joints":840,"physics_ns":389896755,"draw_ns":169872,"render_ns":239701289,"ui_ns":89417,"commit_ns":15497,"profile_ns":8641,"health_ns":387601767,"query_wait_ms":5.29999998e-05,"query_map_ms":0.003119,"query_encode_ms":0.0765189976,"query_copied_bytes":64}
phase-progress {"kind":"frame","phase":"end","frame":33,"submitted":33,"completed":33,"bodies":940,"joints":840,"physics_ns":389896755,"draw_ns":169872,"render_ns":239701289,"ui_ns":89417,"commit_ns":15497,"profile_ns":8641,"health_ns":387601767,"query_wait_ms":5.29999998e-05,"query_map_ms":0.003119,"query_encode_ms":0.0765189976,"query_copied_bytes":64}
phase-progress {"kind":"phase","phase":"setters","frame":34,"submitted":33,"completed":33,"bodies":0,"joints":0,"physics_ns":0,"draw_ns":0,"render_ns":0,"ui_ns":0,"commit_ns":0,"profile_ns":0,"health_ns":0,"query_wait_ms":0,"query_map_ms":0,"query_encode_ms":0,"query_copied_bytes":0}
phase-progress {"kind":"phase","phase":"physics","frame":34,"submitted":33,"completed":33,"bodies":0,"joints":0,"physics_ns":0,"draw_ns":0,"render_ns":0,"ui_ns":0,"commit_ns":0,"profile_ns":0,"health_ns":0,"query_wait_ms":0,"query_map_ms":0,"query_encode_ms":0,"query_copied_bytes":0}
phase-progress {"kind":"health_begin","phase":"health","frame":34,"submitted":33,"completed":33,"bodies":940,"joints":840,"physics_ns":0,"draw_ns":0,"render_ns":0,"ui_ns":0,"commit_ns":0,"profile_ns":0,"health_ns":0,"query_wait_ms":0,"query_map_ms":0,"query_encode_ms":0,"query_copied_bytes":0}
phase-progress {"kind":"health_end","phase":"health","frame":34,"submitted":33,"completed":33,"bodies":940,"joints":840,"physics_ns":0,"draw_ns":0,"render_ns":0,"ui_ns":0,"commit_ns":0,"profile_ns":0,"health_ns":362373654,"query_wait_ms":0,"query_map_ms":0,"query_encode_ms":0,"query_copied_bytes":0}
phase-progress {"kind":"phase","phase":"profile","frame":34,"submitted":33,"completed":33,"bodies":940,"joints":840,"physics_ns":364648893,"draw_ns":0,"render_ns":0,"ui_ns":0,"commit_ns":0,"profile_ns":0,"health_ns":362373654,"query_wait_ms":0,"query_map_ms":0,"query_encode_ms":0,"query_copied_bytes":0}
phase-progress {"kind":"phase","phase":"pick","frame":34,"submitted":33,"completed":33,"bodies":940,"joints":840,"physics_ns":364648893,"draw_ns":0,"render_ns":0,"ui_ns":0,"commit_ns":0,"profile_ns":8487,"health_ns":362373654,"query_wait_ms":0,"query_map_ms":0,"query_encode_ms":0,"query_copied_bytes":0}
phase-progress {"kind":"phase","phase":"draw","frame":34,"submitted":33,"completed":33,"bodies":940,"joints":840,"physics_ns":364648893,"draw_ns":0,"render_ns":0,"ui_ns":0,"commit_ns":0,"profile_ns":8487,"health_ns":362373654,"query_wait_ms":6.60000005e-05,"query_map_ms":0.00316399988,"query_encode_ms":0.091178,"query_copied_bytes":64}
phase-progress {"kind":"phase","phase":"render","frame":34,"submitted":34,"completed":34,"bodies":940,"joints":840,"physics_ns":364648893,"draw_ns":179848,"render_ns":0,"ui_ns":0,"commit_ns":0,"profile_ns":8487,"health_ns":362373654,"query_wait_ms":6.60000005e-05,"query_map_ms":0.00316399988,"query_encode_ms":0.091178,"query_copied_bytes":64}
phase-progress {"kind":"phase","phase":"ui","frame":34,"submitted":34,"completed":34,"bodies":940,"joints":840,"physics_ns":364648893,"draw_ns":179848,"render_ns":266444486,"ui_ns":0,"commit_ns":0,"profile_ns":8487,"health_ns":362373654,"query_wait_ms":6.60000005e-05,"query_map_ms":0.00316399988,"query_encode_ms":0.091178,"query_copied_bytes":64}
phase-progress {"kind":"phase","phase":"commit","frame":34,"submitted":34,"completed":34,"bodies":940,"joints":840,"physics_ns":364648893,"draw_ns":179848,"render_ns":266444486,"ui_ns":90274,"commit_ns":0,"profile_ns":8487,"health_ns":362373654,"query_wait_ms":6.60000005e-05,"query_map_ms":0.00316399988,"query_encode_ms":0.091178,"query_copied_bytes":64}
phase-progress {"kind":"phase","phase":"limiter","frame":34,"submitted":34,"completed":34,"bodies":940,"joints":840,"physics_ns":364648893,"draw_ns":179848,"render_ns":266444486,"ui_ns":90274,"commit_ns":15859,"profile_ns":8487,"health_ns":362373654,"query_wait_ms":6.60000005e-05,"query_map_ms":0.00316399988,"query_encode_ms":0.091178,"query_copied_bytes":64}
phase-progress {"kind":"phase","phase":"end","frame":34,"submitted":34,"completed":34,"bodies":940,"joints":840,"physics_ns":364648893,"draw_ns":179848,"render_ns":266444486,"ui_ns":90274,"commit_ns":15859,"profile_ns":8487,"health_ns":362373654,"query_wait_ms":6.60000005e-05,"query_map_ms":0.00316399988,"query_encode_ms":0.091178,"query_copied_bytes":64}
phase-progress {"kind":"frame","phase":"end","frame":34,"submitted":34,"completed":34,"bodies":940,"joints":840,"physics_ns":364648893,"draw_ns":179848,"render_ns":266444486,"ui_ns":90274,"commit_ns":15859,"profile_ns":8487,"health_ns":362373654,"query_wait_ms":6.60000005e-05,"query_map_ms":0.00316399988,"query_encode_ms":0.091178,"query_copied_bytes":64}
phase-progress {"kind":"phase","phase":"setters","frame":35,"submitted":34,"completed":34,"bodies":0,"joints":0,"physics_ns":0,"draw_ns":0,"render_ns":0,"ui_ns":0,"commit_ns":0,"profile_ns":0,"health_ns":0,"query_wait_ms":0,"query_map_ms":0,"query_encode_ms":0,"query_copied_bytes":0}
phase-progress {"kind":"phase","phase":"physics","frame":35,"submitted":34,"completed":34,"bodies":0,"joints":0,"physics_ns":0,"draw_ns":0,"render_ns":0,"ui_ns":0,"commit_ns":0,"profile_ns":0,"health_ns":0,"query_wait_ms":0,"query_map_ms":0,"query_encode_ms":0,"query_copied_bytes":0}
phase-progress {"kind":"health_begin","phase":"health","frame":35,"submitted":34,"completed":34,"bodies":940,"joints":840,"physics_ns":0,"draw_ns":0,"render_ns":0,"ui_ns":0,"commit_ns":0,"profile_ns":0,"health_ns":0,"query_wait_ms":0,"query_map_ms":0,"query_encode_ms":0,"query_copied_bytes":0}
phase-progress {"kind":"health_end","phase":"health","frame":35,"submitted":34,"completed":34,"bodies":940,"joints":840,"physics_ns":0,"draw_ns":0,"render_ns":0,"ui_ns":0,"commit_ns":0,"profile_ns":0,"health_ns":354805550,"query_wait_ms":0,"query_map_ms":0,"query_encode_ms":0,"query_copied_bytes":0}
phase-progress {"kind":"phase","phase":"profile","frame":35,"submitted":34,"completed":34,"bodies":940,"joints":840,"physics_ns":357129378,"draw_ns":0,"render_ns":0,"ui_ns":0,"commit_ns":0,"profile_ns":0,"health_ns":354805550,"query_wait_ms":0,"query_map_ms":0,"query_encode_ms":0,"query_copied_bytes":0}
phase-progress {"kind":"phase","phase":"pick","frame":35,"submitted":34,"completed":34,"bodies":940,"joints":840,"physics_ns":357129378,"draw_ns":0,"render_ns":0,"ui_ns":0,"commit_ns":0,"profile_ns":8200,"health_ns":354805550,"query_wait_ms":0,"query_map_ms":0,"query_encode_ms":0,"query_copied_bytes":0}
phase-progress {"kind":"phase","phase":"draw","frame":35,"submitted":34,"completed":34,"bodies":940,"joints":840,"physics_ns":357129378,"draw_ns":0,"render_ns":0,"ui_ns":0,"commit_ns":0,"profile_ns":8200,"health_ns":354805550,"query_wait_ms":6.50000002e-05,"query_map_ms":0.00292499992,"query_encode_ms":0.0774540007,"query_copied_bytes":64}
phase-progress {"kind":"phase","phase":"render","frame":35,"submitted":35,"completed":35,"bodies":940,"joints":840,"physics_ns":357129378,"draw_ns":168690,"render_ns":0,"ui_ns":0,"commit_ns":0,"profile_ns":8200,"health_ns":354805550,"query_wait_ms":6.50000002e-05,"query_map_ms":0.00292499992,"query_encode_ms":0.0774540007,"query_copied_bytes":64}
phase-progress {"kind":"phase","phase":"ui","frame":35,"submitted":35,"completed":35,"bodies":940,"joints":840,"physics_ns":357129378,"draw_ns":168690,"render_ns":252332718,"ui_ns":0,"commit_ns":0,"profile_ns":8200,"health_ns":354805550,"query_wait_ms":6.50000002e-05,"query_map_ms":0.00292499992,"query_encode_ms":0.0774540007,"query_copied_bytes":64}
phase-progress {"kind":"phase","phase":"commit","frame":35,"submitted":35,"completed":35,"bodies":940,"joints":840,"physics_ns":357129378,"draw_ns":168690,"render_ns":252332718,"ui_ns":88646,"commit_ns":0,"profile_ns":8200,"health_ns":354805550,"query_wait_ms":6.50000002e-05,"query_map_ms":0.00292499992,"query_encode_ms":0.0774540007,"query_copied_bytes":64}
phase-progress {"kind":"phase","phase":"limiter","frame":35,"submitted":35,"completed":35,"bodies":940,"joints":840,"physics_ns":357129378,"draw_ns":168690,"render_ns":252332718,"ui_ns":88646,"commit_ns":15592,"profile_ns":8200,"health_ns":354805550,"query_wait_ms":6.50000002e-05,"query_map_ms":0.00292499992,"query_encode_ms":0.0774540007,"query_copied_bytes":64}
phase-progress {"kind":"phase","phase":"end","frame":35,"submitted":35,"completed":35,"bodies":940,"joints":840,"physics_ns":357129378,"draw_ns":168690,"render_ns":252332718,"ui_ns":88646,"commit_ns":15592,"profile_ns":8200,"health_ns":354805550,"query_wait_ms":6.50000002e-05,"query_map_ms":0.00292499992,"query_encode_ms":0.0774540007,"query_copied_bytes":64}
phase-progress {"kind":"frame","phase":"end","frame":35,"submitted":35,"completed":35,"bodies":940,"joints":840,"physics_ns":357129378,"draw_ns":168690,"render_ns":252332718,"ui_ns":88646,"commit_ns":15592,"profile_ns":8200,"health_ns":354805550,"query_wait_ms":6.50000002e-05,"query_map_ms":0.00292499992,"query_encode_ms":0.0774540007,"query_copied_bytes":64}
phase-progress {"kind":"phase","phase":"setters","frame":36,"submitted":35,"completed":35,"bodies":0,"joints":0,"physics_ns":0,"draw_ns":0,"render_ns":0,"ui_ns":0,"commit_ns":0,"profile_ns":0,"health_ns":0,"query_wait_ms":0,"query_map_ms":0,"query_encode_ms":0,"query_copied_bytes":0}
phase-progress {"kind":"phase","phase":"physics","frame":36,"submitted":35,"completed":35,"bodies":0,"joints":0,"physics_ns":0,"draw_ns":0,"render_ns":0,"ui_ns":0,"commit_ns":0,"profile_ns":0,"health_ns":0,"query_wait_ms":0,"query_map_ms":0,"query_encode_ms":0,"query_copied_bytes":0}
phase-progress {"kind":"health_begin","phase":"health","frame":36,"submitted":35,"completed":35,"bodies":940,"joints":840,"physics_ns":0,"draw_ns":0,"render_ns":0,"ui_ns":0,"commit_ns":0,"profile_ns":0,"health_ns":0,"query_wait_ms":0,"query_map_ms":0,"query_encode_ms":0,"query_copied_bytes":0}
phase-progress {"kind":"health_end","phase":"health","frame":36,"submitted":35,"completed":35,"bodies":940,"joints":840,"physics_ns":0,"draw_ns":0,"render_ns":0,"ui_ns":0,"commit_ns":0,"profile_ns":0,"health_ns":349730077,"query_wait_ms":0,"query_map_ms":0,"query_encode_ms":0,"query_copied_bytes":0}
phase-progress {"kind":"phase","phase":"profile","frame":36,"submitted":35,"completed":35,"bodies":940,"joints":840,"physics_ns":352023886,"draw_ns":0,"render_ns":0,"ui_ns":0,"commit_ns":0,"profile_ns":0,"health_ns":349730077,"query_wait_ms":0,"query_map_ms":0,"query_encode_ms":0,"query_copied_bytes":0}
phase-progress {"kind":"phase","phase":"pick","frame":36,"submitted":35,"completed":35,"bodies":940,"joints":840,"physics_ns":352023886,"draw_ns":0,"render_ns":0,"ui_ns":0,"commit_ns":0,"profile_ns":8084,"health_ns":349730077,"query_wait_ms":0,"query_map_ms":0,"query_encode_ms":0,"query_copied_bytes":0}
phase-progress {"kind":"phase","phase":"draw","frame":36,"submitted":35,"completed":35,"bodies":940,"joints":840,"physics_ns":352023886,"draw_ns":0,"render_ns":0,"ui_ns":0,"commit_ns":0,"profile_ns":8084,"health_ns":349730077,"query_wait_ms":6.19999992e-05,"query_map_ms":0.0033760001,"query_encode_ms":0.0773169994,"query_copied_bytes":64}
phase-progress {"kind":"phase","phase":"render","frame":36,"submitted":36,"completed":36,"bodies":940,"joints":840,"physics_ns":352023886,"draw_ns":170607,"render_ns":0,"ui_ns":0,"commit_ns":0,"profile_ns":8084,"health_ns":349730077,"query_wait_ms":6.19999992e-05,"query_map_ms":0.0033760001,"query_encode_ms":0.0773169994,"query_copied_bytes":64}
phase-progress {"kind":"phase","phase":"ui","frame":36,"submitted":36,"completed":36,"bodies":940,"joints":840,"physics_ns":352023886,"draw_ns":170607,"render_ns":256131813,"ui_ns":0,"commit_ns":0,"profile_ns":8084,"health_ns":349730077,"query_wait_ms":6.19999992e-05,"query_map_ms":0.0033760001,"query_encode_ms":0.0773169994,"query_copied_bytes":64}
phase-progress {"kind":"phase","phase":"commit","frame":36,"submitted":36,"completed":36,"bodies":940,"joints":840,"physics_ns":352023886,"draw_ns":170607,"render_ns":256131813,"ui_ns":84155,"commit_ns":0,"profile_ns":8084,"health_ns":349730077,"query_wait_ms":6.19999992e-05,"query_map_ms":0.0033760001,"query_encode_ms":0.0773169994,"query_copied_bytes":64}
phase-progress {"kind":"phase","phase":"limiter","frame":36,"submitted":36,"completed":36,"bodies":940,"joints":840,"physics_ns":352023886,"draw_ns":170607,"render_ns":256131813,"ui_ns":84155,"commit_ns":16129,"profile_ns":8084,"health_ns":349730077,"query_wait_ms":6.19999992e-05,"query_map_ms":0.0033760001,"query_encode_ms":0.0773169994,"query_copied_bytes":64}
phase-progress {"kind":"phase","phase":"end","frame":36,"submitted":36,"completed":36,"bodies":940,"joints":840,"physics_ns":352023886,"draw_ns":170607,"render_ns":256131813,"ui_ns":84155,"commit_ns":16129,"profile_ns":8084,"health_ns":349730077,"query_wait_ms":6.19999992e-05,"query_map_ms":0.0033760001,"query_encode_ms":0.0773169994,"query_copied_bytes":64}
phase-progress {"kind":"frame","phase":"end","frame":36,"submitted":36,"completed":36,"bodies":940,"joints":840,"physics_ns":352023886,"draw_ns":170607,"render_ns":256131813,"ui_ns":84155,"commit_ns":16129,"profile_ns":8084,"health_ns":349730077,"query_wait_ms":6.19999992e-05,"query_map_ms":0.0033760001,"query_encode_ms":0.0773169994,"query_copied_bytes":64}
phase-progress {"kind":"phase","phase":"setters","frame":37,"submitted":36,"completed":36,"bodies":0,"joints":0,"physics_ns":0,"draw_ns":0,"render_ns":0,"ui_ns":0,"commit_ns":0,"profile_ns":0,"health_ns":0,"query_wait_ms":0,"query_map_ms":0,"query_encode_ms":0,"query_copied_bytes":0}
phase-progress {"kind":"phase","phase":"physics","frame":37,"submitted":36,"completed":36,"bodies":0,"joints":0,"physics_ns":0,"draw_ns":0,"render_ns":0,"ui_ns":0,"commit_ns":0,"profile_ns":0,"health_ns":0,"query_wait_ms":0,"query_map_ms":0,"query_encode_ms":0,"query_copied_bytes":0}
phase-progress {"kind":"health_begin","phase":"health","frame":37,"submitted":36,"completed":36,"bodies":940,"joints":840,"physics_ns":0,"draw_ns":0,"render_ns":0,"ui_ns":0,"commit_ns":0,"profile_ns":0,"health_ns":0,"query_wait_ms":0,"query_map_ms":0,"query_encode_ms":0,"query_copied_bytes":0}
phase-progress {"kind":"health_end","phase":"health","frame":37,"submitted":36,"completed":36,"bodies":940,"joints":840,"physics_ns":0,"draw_ns":0,"render_ns":0,"ui_ns":0,"commit_ns":0,"profile_ns":0,"health_ns":429481585,"query_wait_ms":0,"query_map_ms":0,"query_encode_ms":0,"query_copied_bytes":0}
phase-progress {"kind":"phase","phase":"profile","frame":37,"submitted":36,"completed":36,"bodies":940,"joints":840,"physics_ns":431746834,"draw_ns":0,"render_ns":0,"ui_ns":0,"commit_ns":0,"profile_ns":0,"health_ns":429481585,"query_wait_ms":0,"query_map_ms":0,"query_encode_ms":0,"query_copied_bytes":0}
phase-progress {"kind":"phase","phase":"pick","frame":37,"submitted":36,"completed":36,"bodies":940,"joints":840,"physics_ns":431746834,"draw_ns":0,"render_ns":0,"ui_ns":0,"commit_ns":0,"profile_ns":8463,"health_ns":429481585,"query_wait_ms":0,"query_map_ms":0,"query_encode_ms":0,"query_copied_bytes":0}
phase-progress {"kind":"phase","phase":"draw","frame":37,"submitted":36,"completed":36,"bodies":940,"joints":840,"physics_ns":431746834,"draw_ns":0,"render_ns":0,"ui_ns":0,"commit_ns":0,"profile_ns":8463,"health_ns":429481585,"query_wait_ms":5.00000024e-05,"query_map_ms":0.00309999986,"query_encode_ms":0.0788999945,"query_copied_bytes":64}
phase-progress {"kind":"phase","phase":"render","frame":37,"submitted":37,"completed":37,"bodies":940,"joints":840,"physics_ns":431746834,"draw_ns":169152,"render_ns":0,"ui_ns":0,"commit_ns":0,"profile_ns":8463,"health_ns":429481585,"query_wait_ms":5.00000024e-05,"query_map_ms":0.00309999986,"query_encode_ms":0.0788999945,"query_copied_bytes":64}
phase-progress {"kind":"phase","phase":"ui","frame":37,"submitted":37,"completed":37,"bodies":940,"joints":840,"physics_ns":431746834,"draw_ns":169152,"render_ns":247393731,"ui_ns":0,"commit_ns":0,"profile_ns":8463,"health_ns":429481585,"query_wait_ms":5.00000024e-05,"query_map_ms":0.00309999986,"query_encode_ms":0.0788999945,"query_copied_bytes":64}
phase-progress {"kind":"phase","phase":"commit","frame":37,"submitted":37,"completed":37,"bodies":940,"joints":840,"physics_ns":431746834,"draw_ns":169152,"render_ns":247393731,"ui_ns":89358,"commit_ns":0,"profile_ns":8463,"health_ns":429481585,"query_wait_ms":5.00000024e-05,"query_map_ms":0.00309999986,"query_encode_ms":0.0788999945,"query_copied_bytes":64}
phase-progress {"kind":"phase","phase":"limiter","frame":37,"submitted":37,"completed":37,"bodies":940,"joints":840,"physics_ns":431746834,"draw_ns":169152,"render_ns":247393731,"ui_ns":89358,"commit_ns":15817,"profile_ns":8463,"health_ns":429481585,"query_wait_ms":5.00000024e-05,"query_map_ms":0.00309999986,"query_encode_ms":0.0788999945,"query_copied_bytes":64}
phase-progress {"kind":"phase","phase":"end","frame":37,"submitted":37,"completed":37,"bodies":940,"joints":840,"physics_ns":431746834,"draw_ns":169152,"render_ns":247393731,"ui_ns":89358,"commit_ns":15817,"profile_ns":8463,"health_ns":429481585,"query_wait_ms":5.00000024e-05,"query_map_ms":0.00309999986,"query_encode_ms":0.0788999945,"query_copied_bytes":64}
phase-progress {"kind":"frame","phase":"end","frame":37,"submitted":37,"completed":37,"bodies":940,"joints":840,"physics_ns":431746834,"draw_ns":169152,"render_ns":247393731,"ui_ns":89358,"commit_ns":15817,"profile_ns":8463,"health_ns":429481585,"query_wait_ms":5.00000024e-05,"query_map_ms":0.00309999986,"query_encode_ms":0.0788999945,"query_copied_bytes":64}
phase-progress {"kind":"phase","phase":"setters","frame":38,"submitted":37,"completed":37,"bodies":0,"joints":0,"physics_ns":0,"draw_ns":0,"render_ns":0,"ui_ns":0,"commit_ns":0,"profile_ns":0,"health_ns":0,"query_wait_ms":0,"query_map_ms":0,"query_encode_ms":0,"query_copied_bytes":0}
phase-progress {"kind":"phase","phase":"physics","frame":38,"submitted":37,"completed":37,"bodies":0,"joints":0,"physics_ns":0,"draw_ns":0,"render_ns":0,"ui_ns":0,"commit_ns":0,"profile_ns":0,"health_ns":0,"query_wait_ms":0,"query_map_ms":0,"query_encode_ms":0,"query_copied_bytes":0}
phase-progress {"kind":"health_begin","phase":"health","frame":38,"submitted":37,"completed":37,"bodies":940,"joints":840,"physics_ns":0,"draw_ns":0,"render_ns":0,"ui_ns":0,"commit_ns":0,"profile_ns":0,"health_ns":0,"query_wait_ms":0,"query_map_ms":0,"query_encode_ms":0,"query_copied_bytes":0}
phase-progress {"kind":"health_end","phase":"health","frame":38,"submitted":37,"completed":37,"bodies":940,"joints":840,"physics_ns":0,"draw_ns":0,"render_ns":0,"ui_ns":0,"commit_ns":0,"profile_ns":0,"health_ns":360839664,"query_wait_ms":0,"query_map_ms":0,"query_encode_ms":0,"query_copied_bytes":0}
phase-progress {"kind":"phase","phase":"profile","frame":38,"submitted":37,"completed":37,"bodies":940,"joints":840,"physics_ns":363101816,"draw_ns":0,"render_ns":0,"ui_ns":0,"commit_ns":0,"profile_ns":0,"health_ns":360839664,"query_wait_ms":0,"query_map_ms":0,"query_encode_ms":0,"query_copied_bytes":0}
phase-progress {"kind":"phase","phase":"pick","frame":38,"submitted":37,"completed":37,"bodies":940,"joints":840,"physics_ns":363101816,"draw_ns":0,"render_ns":0,"ui_ns":0,"commit_ns":0,"profile_ns":8326,"health_ns":360839664,"query_wait_ms":0,"query_map_ms":0,"query_encode_ms":0,"query_copied_bytes":0}
phase-progress {"kind":"phase","phase":"draw","frame":38,"submitted":37,"completed":37,"bodies":940,"joints":840,"physics_ns":363101816,"draw_ns":0,"render_ns":0,"ui_ns":0,"commit_ns":0,"profile_ns":8326,"health_ns":360839664,"query_wait_ms":6.90000015e-05,"query_map_ms":0.00349199981,"query_encode_ms":0.0859280005,"query_copied_bytes":64}
phase-progress {"kind":"phase","phase":"render","frame":38,"submitted":38,"completed":38,"bodies":940,"joints":840,"physics_ns":363101816,"draw_ns":169288,"render_ns":0,"ui_ns":0,"commit_ns":0,"profile_ns":8326,"health_ns":360839664,"query_wait_ms":6.90000015e-05,"query_map_ms":0.00349199981,"query_encode_ms":0.0859280005,"query_copied_bytes":64}
phase-progress {"kind":"phase","phase":"ui","frame":38,"submitted":38,"completed":38,"bodies":940,"joints":840,"physics_ns":363101816,"draw_ns":169288,"render_ns":256207525,"ui_ns":0,"commit_ns":0,"profile_ns":8326,"health_ns":360839664,"query_wait_ms":6.90000015e-05,"query_map_ms":0.00349199981,"query_encode_ms":0.0859280005,"query_copied_bytes":64}
phase-progress {"kind":"phase","phase":"commit","frame":38,"submitted":38,"completed":38,"bodies":940,"joints":840,"physics_ns":363101816,"draw_ns":169288,"render_ns":256207525,"ui_ns":170332,"commit_ns":0,"profile_ns":8326,"health_ns":360839664,"query_wait_ms":6.90000015e-05,"query_map_ms":0.00349199981,"query_encode_ms":0.0859280005,"query_copied_bytes":64}
phase-progress {"kind":"phase","phase":"limiter","frame":38,"submitted":38,"completed":38,"bodies":940,"joints":840,"physics_ns":363101816,"draw_ns":169288,"render_ns":256207525,"ui_ns":170332,"commit_ns":16788,"profile_ns":8326,"health_ns":360839664,"query_wait_ms":6.90000015e-05,"query_map_ms":0.00349199981,"query_encode_ms":0.0859280005,"query_copied_bytes":64}
phase-progress {"kind":"phase","phase":"end","frame":38,"submitted":38,"completed":38,"bodies":940,"joints":840,"physics_ns":363101816,"draw_ns":169288,"render_ns":256207525,"ui_ns":170332,"commit_ns":16788,"profile_ns":8326,"health_ns":360839664,"query_wait_ms":6.90000015e-05,"query_map_ms":0.00349199981,"query_encode_ms":0.0859280005,"query_copied_bytes":64}
phase-progress {"kind":"frame","phase":"end","frame":38,"submitted":38,"completed":38,"bodies":940,"joints":840,"physics_ns":363101816,"draw_ns":169288,"render_ns":256207525,"ui_ns":170332,"commit_ns":16788,"profile_ns":8326,"health_ns":360839664,"query_wait_ms":6.90000015e-05,"query_map_ms":0.00349199981,"query_encode_ms":0.0859280005,"query_copied_bytes":64}
phase-progress {"kind":"phase","phase":"setters","frame":39,"submitted":38,"completed":38,"bodies":0,"joints":0,"physics_ns":0,"draw_ns":0,"render_ns":0,"ui_ns":0,"commit_ns":0,"profile_ns":0,"health_ns":0,"query_wait_ms":0,"query_map_ms":0,"query_encode_ms":0,"query_copied_bytes":0}
phase-progress {"kind":"phase","phase":"physics","frame":39,"submitted":38,"completed":38,"bodies":0,"joints":0,"physics_ns":0,"draw_ns":0,"render_ns":0,"ui_ns":0,"commit_ns":0,"profile_ns":0,"health_ns":0,"query_wait_ms":0,"query_map_ms":0,"query_encode_ms":0,"query_copied_bytes":0}
phase-progress {"kind":"health_begin","phase":"health","frame":39,"submitted":38,"completed":38,"bodies":940,"joints":840,"physics_ns":0,"draw_ns":0,"render_ns":0,"ui_ns":0,"commit_ns":0,"profile_ns":0,"health_ns":0,"query_wait_ms":0,"query_map_ms":0,"query_encode_ms":0,"query_copied_bytes":0}
phase-progress {"kind":"health_end","phase":"health","frame":39,"submitted":38,"completed":38,"bodies":940,"joints":840,"physics_ns":0,"draw_ns":0,"render_ns":0,"ui_ns":0,"commit_ns":0,"profile_ns":0,"health_ns":438409170,"query_wait_ms":0,"query_map_ms":0,"query_encode_ms":0,"query_copied_bytes":0}
phase-progress {"kind":"phase","phase":"profile","frame":39,"submitted":38,"completed":38,"bodies":940,"joints":840,"physics_ns":440660122,"draw_ns":0,"render_ns":0,"ui_ns":0,"commit_ns":0,"profile_ns":0,"health_ns":438409170,"query_wait_ms":0,"query_map_ms":0,"query_encode_ms":0,"query_copied_bytes":0}
phase-progress {"kind":"phase","phase":"pick","frame":39,"submitted":38,"completed":38,"bodies":940,"joints":840,"physics_ns":440660122,"draw_ns":0,"render_ns":0,"ui_ns":0,"commit_ns":0,"profile_ns":8267,"health_ns":438409170,"query_wait_ms":0,"query_map_ms":0,"query_encode_ms":0,"query_copied_bytes":0}
phase-progress {"kind":"phase","phase":"draw","frame":39,"submitted":38,"completed":38,"bodies":940,"joints":840,"physics_ns":440660122,"draw_ns":0,"render_ns":0,"ui_ns":0,"commit_ns":0,"profile_ns":8267,"health_ns":438409170,"query_wait_ms":5.90000018e-05,"query_map_ms":0.00332099991,"query_encode_ms":0.0781389996,"query_copied_bytes":64}
phase-progress {"kind":"phase","phase":"render","frame":39,"submitted":39,"completed":39,"bodies":940,"joints":840,"physics_ns":440660122,"draw_ns":167978,"render_ns":0,"ui_ns":0,"commit_ns":0,"profile_ns":8267,"health_ns":438409170,"query_wait_ms":5.90000018e-05,"query_map_ms":0.00332099991,"query_encode_ms":0.0781389996,"query_copied_bytes":64}
phase-progress {"kind":"phase","phase":"ui","frame":39,"submitted":39,"completed":39,"bodies":940,"joints":840,"physics_ns":440660122,"draw_ns":167978,"render_ns":250165018,"ui_ns":0,"commit_ns":0,"profile_ns":8267,"health_ns":438409170,"query_wait_ms":5.90000018e-05,"query_map_ms":0.00332099991,"query_encode_ms":0.0781389996,"query_copied_bytes":64}
phase-progress {"kind":"phase","phase":"commit","frame":39,"submitted":39,"completed":39,"bodies":940,"joints":840,"physics_ns":440660122,"draw_ns":167978,"render_ns":250165018,"ui_ns":91775,"commit_ns":0,"profile_ns":8267,"health_ns":438409170,"query_wait_ms":5.90000018e-05,"query_map_ms":0.00332099991,"query_encode_ms":0.0781389996,"query_copied_bytes":64}
phase-progress {"kind":"phase","phase":"limiter","frame":39,"submitted":39,"completed":39,"bodies":940,"joints":840,"physics_ns":440660122,"draw_ns":167978,"render_ns":250165018,"ui_ns":91775,"commit_ns":15578,"profile_ns":8267,"health_ns":438409170,"query_wait_ms":5.90000018e-05,"query_map_ms":0.00332099991,"query_encode_ms":0.0781389996,"query_copied_bytes":64}
phase-progress {"kind":"phase","phase":"end","frame":39,"submitted":39,"completed":39,"bodies":940,"joints":840,"physics_ns":440660122,"draw_ns":167978,"render_ns":250165018,"ui_ns":91775,"commit_ns":15578,"profile_ns":8267,"health_ns":438409170,"query_wait_ms":5.90000018e-05,"query_map_ms":0.00332099991,"query_encode_ms":0.0781389996,"query_copied_bytes":64}
phase-progress {"kind":"frame","phase":"end","frame":39,"submitted":39,"completed":39,"bodies":940,"joints":840,"physics_ns":440660122,"draw_ns":167978,"render_ns":250165018,"ui_ns":91775,"commit_ns":15578,"profile_ns":8267,"health_ns":438409170,"query_wait_ms":5.90000018e-05,"query_map_ms":0.00332099991,"query_encode_ms":0.0781389996,"query_copied_bytes":64}
phase-progress {"kind":"phase","phase":"setters","frame":40,"submitted":39,"completed":39,"bodies":0,"joints":0,"physics_ns":0,"draw_ns":0,"render_ns":0,"ui_ns":0,"commit_ns":0,"profile_ns":0,"health_ns":0,"query_wait_ms":0,"query_map_ms":0,"query_encode_ms":0,"query_copied_bytes":0}
phase-progress {"kind":"phase","phase":"physics","frame":40,"submitted":39,"completed":39,"bodies":0,"joints":0,"physics_ns":0,"draw_ns":0,"render_ns":0,"ui_ns":0,"commit_ns":0,"profile_ns":0,"health_ns":0,"query_wait_ms":0,"query_map_ms":0,"query_encode_ms":0,"query_copied_bytes":0}
phase-progress {"kind":"health_begin","phase":"health","frame":40,"submitted":39,"completed":39,"bodies":940,"joints":840,"physics_ns":0,"draw_ns":0,"render_ns":0,"ui_ns":0,"commit_ns":0,"profile_ns":0,"health_ns":0,"query_wait_ms":0,"query_map_ms":0,"query_encode_ms":0,"query_copied_bytes":0}
phase-progress {"kind":"health_end","phase":"health","frame":40,"submitted":39,"completed":39,"bodies":940,"joints":840,"physics_ns":0,"draw_ns":0,"render_ns":0,"ui_ns":0,"commit_ns":0,"profile_ns":0,"health_ns":435370510,"query_wait_ms":0,"query_map_ms":0,"query_encode_ms":0,"query_copied_bytes":0}
phase-progress {"kind":"phase","phase":"profile","frame":40,"submitted":39,"completed":39,"bodies":940,"joints":840,"physics_ns":437641336,"draw_ns":0,"render_ns":0,"ui_ns":0,"commit_ns":0,"profile_ns":0,"health_ns":435370510,"query_wait_ms":0,"query_map_ms":0,"query_encode_ms":0,"query_copied_bytes":0}
phase-progress {"kind":"phase","phase":"pick","frame":40,"submitted":39,"completed":39,"bodies":940,"joints":840,"physics_ns":437641336,"draw_ns":0,"render_ns":0,"ui_ns":0,"commit_ns":0,"profile_ns":8172,"health_ns":435370510,"query_wait_ms":0,"query_map_ms":0,"query_encode_ms":0,"query_copied_bytes":0}
phase-progress {"kind":"phase","phase":"draw","frame":40,"submitted":39,"completed":39,"bodies":940,"joints":840,"physics_ns":437641336,"draw_ns":0,"render_ns":0,"ui_ns":0,"commit_ns":0,"profile_ns":8172,"health_ns":435370510,"query_wait_ms":6.50000002e-05,"query_map_ms":0.00341599993,"query_encode_ms":0.0772809982,"query_copied_bytes":64}
phase-progress {"kind":"phase","phase":"render","frame":40,"submitted":40,"completed":40,"bodies":940,"joints":840,"physics_ns":437641336,"draw_ns":167985,"render_ns":0,"ui_ns":0,"commit_ns":0,"profile_ns":8172,"health_ns":435370510,"query_wait_ms":6.50000002e-05,"query_map_ms":0.00341599993,"query_encode_ms":0.0772809982,"query_copied_bytes":64}
phase-progress {"kind":"phase","phase":"ui","frame":40,"submitted":40,"completed":40,"bodies":940,"joints":840,"physics_ns":437641336,"draw_ns":167985,"render_ns":293453509,"ui_ns":0,"commit_ns":0,"profile_ns":8172,"health_ns":435370510,"query_wait_ms":6.50000002e-05,"query_map_ms":0.00341599993,"query_encode_ms":0.0772809982,"query_copied_bytes":64}
phase-progress {"kind":"phase","phase":"commit","frame":40,"submitted":40,"completed":40,"bodies":940,"joints":840,"physics_ns":437641336,"draw_ns":167985,"render_ns":293453509,"ui_ns":87259,"commit_ns":0,"profile_ns":8172,"health_ns":435370510,"query_wait_ms":6.50000002e-05,"query_map_ms":0.00341599993,"query_encode_ms":0.0772809982,"query_copied_bytes":64}
phase-progress {"kind":"phase","phase":"limiter","frame":40,"submitted":40,"completed":40,"bodies":940,"joints":840,"physics_ns":437641336,"draw_ns":167985,"render_ns":293453509,"ui_ns":87259,"commit_ns":15389,"profile_ns":8172,"health_ns":435370510,"query_wait_ms":6.50000002e-05,"query_map_ms":0.00341599993,"query_encode_ms":0.0772809982,"query_copied_bytes":64}
phase-progress {"kind":"phase","phase":"end","frame":40,"submitted":40,"completed":40,"bodies":940,"joints":840,"physics_ns":437641336,"draw_ns":167985,"render_ns":293453509,"ui_ns":87259,"commit_ns":15389,"profile_ns":8172,"health_ns":435370510,"query_wait_ms":6.50000002e-05,"query_map_ms":0.00341599993,"query_encode_ms":0.0772809982,"query_copied_bytes":64}
phase-progress {"kind":"frame","phase":"end","frame":40,"submitted":40,"completed":40,"bodies":940,"joints":840,"physics_ns":437641336,"draw_ns":167985,"render_ns":293453509,"ui_ns":87259,"commit_ns":15389,"profile_ns":8172,"health_ns":435370510,"query_wait_ms":6.50000002e-05,"query_map_ms":0.00341599993,"query_encode_ms":0.0772809982,"query_copied_bytes":64}
phase-progress {"kind":"phase","phase":"setters","frame":41,"submitted":40,"completed":40,"bodies":0,"joints":0,"physics_ns":0,"draw_ns":0,"render_ns":0,"ui_ns":0,"commit_ns":0,"profile_ns":0,"health_ns":0,"query_wait_ms":0,"query_map_ms":0,"query_encode_ms":0,"query_copied_bytes":0}
phase-progress {"kind":"phase","phase":"physics","frame":41,"submitted":40,"completed":40,"bodies":0,"joints":0,"physics_ns":0,"draw_ns":0,"render_ns":0,"ui_ns":0,"commit_ns":0,"profile_ns":0,"health_ns":0,"query_wait_ms":0,"query_map_ms":0,"query_encode_ms":0,"query_copied_bytes":0}
phase-progress {"kind":"health_begin","phase":"health","frame":41,"submitted":40,"completed":40,"bodies":940,"joints":840,"physics_ns":0,"draw_ns":0,"render_ns":0,"ui_ns":0,"commit_ns":0,"profile_ns":0,"health_ns":0,"query_wait_ms":0,"query_map_ms":0,"query_encode_ms":0,"query_copied_bytes":0}
phase-progress {"kind":"health_end","phase":"health","frame":41,"submitted":40,"completed":40,"bodies":940,"joints":840,"physics_ns":0,"draw_ns":0,"render_ns":0,"ui_ns":0,"commit_ns":0,"profile_ns":0,"health_ns":363988099,"query_wait_ms":0,"query_map_ms":0,"query_encode_ms":0,"query_copied_bytes":0}
phase-progress {"kind":"phase","phase":"profile","frame":41,"submitted":40,"completed":40,"bodies":940,"joints":840,"physics_ns":366865346,"draw_ns":0,"render_ns":0,"ui_ns":0,"commit_ns":0,"profile_ns":0,"health_ns":363988099,"query_wait_ms":0,"query_map_ms":0,"query_encode_ms":0,"query_copied_bytes":0}
phase-progress {"kind":"phase","phase":"pick","frame":41,"submitted":40,"completed":40,"bodies":940,"joints":840,"physics_ns":366865346,"draw_ns":0,"render_ns":0,"ui_ns":0,"commit_ns":0,"profile_ns":8397,"health_ns":363988099,"query_wait_ms":0,"query_map_ms":0,"query_encode_ms":0,"query_copied_bytes":0}
phase-progress {"kind":"phase","phase":"draw","frame":41,"submitted":40,"completed":40,"bodies":940,"joints":840,"physics_ns":366865346,"draw_ns":0,"render_ns":0,"ui_ns":0,"commit_ns":0,"profile_ns":8397,"health_ns":363988099,"query_wait_ms":0.000114999995,"query_map_ms":0.00441800011,"query_encode_ms":0.0834579989,"query_copied_bytes":64}
phase-progress {"kind":"phase","phase":"render","frame":41,"submitted":41,"completed":41,"bodies":940,"joints":840,"physics_ns":366865346,"draw_ns":238699,"render_ns":0,"ui_ns":0,"commit_ns":0,"profile_ns":8397,"health_ns":363988099,"query_wait_ms":0.000114999995,"query_map_ms":0.00441800011,"query_encode_ms":0.0834579989,"query_copied_bytes":64}
phase-progress {"kind":"phase","phase":"ui","frame":41,"submitted":41,"completed":41,"bodies":940,"joints":840,"physics_ns":366865346,"draw_ns":238699,"render_ns":232405905,"ui_ns":0,"commit_ns":0,"profile_ns":8397,"health_ns":363988099,"query_wait_ms":0.000114999995,"query_map_ms":0.00441800011,"query_encode_ms":0.0834579989,"query_copied_bytes":64}
phase-progress {"kind":"phase","phase":"commit","frame":41,"submitted":41,"completed":41,"bodies":940,"joints":840,"physics_ns":366865346,"draw_ns":238699,"render_ns":232405905,"ui_ns":121767,"commit_ns":0,"profile_ns":8397,"health_ns":363988099,"query_wait_ms":0.000114999995,"query_map_ms":0.00441800011,"query_encode_ms":0.0834579989,"query_copied_bytes":64}
phase-progress {"kind":"phase","phase":"limiter","frame":41,"submitted":41,"completed":41,"bodies":940,"joints":840,"physics_ns":366865346,"draw_ns":238699,"render_ns":232405905,"ui_ns":121767,"commit_ns":23875,"profile_ns":8397,"health_ns":363988099,"query_wait_ms":0.000114999995,"query_map_ms":0.00441800011,"query_encode_ms":0.0834579989,"query_copied_bytes":64}
phase-progress {"kind":"phase","phase":"end","frame":41,"submitted":41,"completed":41,"bodies":940,"joints":840,"physics_ns":366865346,"draw_ns":238699,"render_ns":232405905,"ui_ns":121767,"commit_ns":23875,"profile_ns":8397,"health_ns":363988099,"query_wait_ms":0.000114999995,"query_map_ms":0.00441800011,"query_encode_ms":0.0834579989,"query_copied_bytes":64}
phase-progress {"kind":"frame","phase":"end","frame":41,"submitted":41,"completed":41,"bodies":940,"joints":840,"physics_ns":366865346,"draw_ns":238699,"render_ns":232405905,"ui_ns":121767,"commit_ns":23875,"profile_ns":8397,"health_ns":363988099,"query_wait_ms":0.000114999995,"query_map_ms":0.00441800011,"query_encode_ms":0.0834579989,"query_copied_bytes":64}
phase-progress {"kind":"phase","phase":"setters","frame":42,"submitted":41,"completed":41,"bodies":0,"joints":0,"physics_ns":0,"draw_ns":0,"render_ns":0,"ui_ns":0,"commit_ns":0,"profile_ns":0,"health_ns":0,"query_wait_ms":0,"query_map_ms":0,"query_encode_ms":0,"query_copied_bytes":0}
phase-progress {"kind":"phase","phase":"physics","frame":42,"submitted":41,"completed":41,"bodies":0,"joints":0,"physics_ns":0,"draw_ns":0,"render_ns":0,"ui_ns":0,"commit_ns":0,"profile_ns":0,"health_ns":0,"query_wait_ms":0,"query_map_ms":0,"query_encode_ms":0,"query_copied_bytes":0}
phase-progress {"kind":"health_begin","phase":"health","frame":42,"submitted":41,"completed":41,"bodies":940,"joints":840,"physics_ns":0,"draw_ns":0,"render_ns":0,"ui_ns":0,"commit_ns":0,"profile_ns":0,"health_ns":0,"query_wait_ms":0,"query_map_ms":0,"query_encode_ms":0,"query_copied_bytes":0}
phase-progress {"kind":"health_end","phase":"health","frame":42,"submitted":41,"completed":41,"bodies":940,"joints":840,"physics_ns":0,"draw_ns":0,"render_ns":0,"ui_ns":0,"commit_ns":0,"profile_ns":0,"health_ns":351954745,"query_wait_ms":0,"query_map_ms":0,"query_encode_ms":0,"query_copied_bytes":0}
phase-progress {"kind":"phase","phase":"profile","frame":42,"submitted":41,"completed":41,"bodies":940,"joints":840,"physics_ns":354284039,"draw_ns":0,"render_ns":0,"ui_ns":0,"commit_ns":0,"profile_ns":0,"health_ns":351954745,"query_wait_ms":0,"query_map_ms":0,"query_encode_ms":0,"query_copied_bytes":0}
phase-progress {"kind":"phase","phase":"pick","frame":42,"submitted":41,"completed":41,"bodies":940,"joints":840,"physics_ns":354284039,"draw_ns":0,"render_ns":0,"ui_ns":0,"commit_ns":0,"profile_ns":8300,"health_ns":351954745,"query_wait_ms":0,"query_map_ms":0,"query_encode_ms":0,"query_copied_bytes":0}
phase-progress {"kind":"phase","phase":"draw","frame":42,"submitted":41,"completed":41,"bodies":940,"joints":840,"physics_ns":354284039,"draw_ns":0,"render_ns":0,"ui_ns":0,"commit_ns":0,"profile_ns":8300,"health_ns":351954745,"query_wait_ms":5.90000018e-05,"query_map_ms":0.00315800007,"query_encode_ms":0.0802469999,"query_copied_bytes":64}
phase-progress {"kind":"phase","phase":"render","frame":42,"submitted":42,"completed":42,"bodies":940,"joints":840,"physics_ns":354284039,"draw_ns":178059,"render_ns":0,"ui_ns":0,"commit_ns":0,"profile_ns":8300,"health_ns":351954745,"query_wait_ms":5.90000018e-05,"query_map_ms":0.00315800007,"query_encode_ms":0.0802469999,"query_copied_bytes":64}
phase-progress {"kind":"phase","phase":"ui","frame":42,"submitted":42,"completed":42,"bodies":940,"joints":840,"physics_ns":354284039,"draw_ns":178059,"render_ns":242896918,"ui_ns":0,"commit_ns":0,"profile_ns":8300,"health_ns":351954745,"query_wait_ms":5.90000018e-05,"query_map_ms":0.00315800007,"query_encode_ms":0.0802469999,"query_copied_bytes":64}
phase-progress {"kind":"phase","phase":"commit","frame":42,"submitted":42,"completed":42,"bodies":940,"joints":840,"physics_ns":354284039,"draw_ns":178059,"render_ns":242896918,"ui_ns":95201,"commit_ns":0,"profile_ns":8300,"health_ns":351954745,"query_wait_ms":5.90000018e-05,"query_map_ms":0.00315800007,"query_encode_ms":0.0802469999,"query_copied_bytes":64}
phase-progress {"kind":"phase","phase":"limiter","frame":42,"submitted":42,"completed":42,"bodies":940,"joints":840,"physics_ns":354284039,"draw_ns":178059,"render_ns":242896918,"ui_ns":95201,"commit_ns":21738,"profile_ns":8300,"health_ns":351954745,"query_wait_ms":5.90000018e-05,"query_map_ms":0.00315800007,"query_encode_ms":0.0802469999,"query_copied_bytes":64}
phase-progress {"kind":"phase","phase":"end","frame":42,"submitted":42,"completed":42,"bodies":940,"joints":840,"physics_ns":354284039,"draw_ns":178059,"render_ns":242896918,"ui_ns":95201,"commit_ns":21738,"profile_ns":8300,"health_ns":351954745,"query_wait_ms":5.90000018e-05,"query_map_ms":0.00315800007,"query_encode_ms":0.0802469999,"query_copied_bytes":64}
phase-progress {"kind":"frame","phase":"end","frame":42,"submitted":42,"completed":42,"bodies":940,"joints":840,"physics_ns":354284039,"draw_ns":178059,"render_ns":242896918,"ui_ns":95201,"commit_ns":21738,"profile_ns":8300,"health_ns":351954745,"query_wait_ms":5.90000018e-05,"query_map_ms":0.00315800007,"query_encode_ms":0.0802469999,"query_copied_bytes":64}
phase-progress {"kind":"phase","phase":"setters","frame":43,"submitted":42,"completed":42,"bodies":0,"joints":0,"physics_ns":0,"draw_ns":0,"render_ns":0,"ui_ns":0,"commit_ns":0,"profile_ns":0,"health_ns":0,"query_wait_ms":0,"query_map_ms":0,"query_encode_ms":0,"query_copied_bytes":0}
phase-progress {"kind":"phase","phase":"physics","frame":43,"submitted":42,"completed":42,"bodies":0,"joints":0,"physics_ns":0,"draw_ns":0,"render_ns":0,"ui_ns":0,"commit_ns":0,"profile_ns":0,"health_ns":0,"query_wait_ms":0,"query_map_ms":0,"query_encode_ms":0,"query_copied_bytes":0}
phase-progress {"kind":"health_begin","phase":"health","frame":43,"submitted":42,"completed":42,"bodies":940,"joints":840,"physics_ns":0,"draw_ns":0,"render_ns":0,"ui_ns":0,"commit_ns":0,"profile_ns":0,"health_ns":0,"query_wait_ms":0,"query_map_ms":0,"query_encode_ms":0,"query_copied_bytes":0}
phase-progress {"kind":"health_end","phase":"health","frame":43,"submitted":42,"completed":42,"bodies":940,"joints":840,"physics_ns":0,"draw_ns":0,"render_ns":0,"ui_ns":0,"commit_ns":0,"profile_ns":0,"health_ns":373955620,"query_wait_ms":0,"query_map_ms":0,"query_encode_ms":0,"query_copied_bytes":0}
phase-progress {"kind":"phase","phase":"profile","frame":43,"submitted":42,"completed":42,"bodies":940,"joints":840,"physics_ns":376607955,"draw_ns":0,"render_ns":0,"ui_ns":0,"commit_ns":0,"profile_ns":0,"health_ns":373955620,"query_wait_ms":0,"query_map_ms":0,"query_encode_ms":0,"query_copied_bytes":0}
phase-progress {"kind":"phase","phase":"pick","frame":43,"submitted":42,"completed":42,"bodies":940,"joints":840,"physics_ns":376607955,"draw_ns":0,"render_ns":0,"ui_ns":0,"commit_ns":0,"profile_ns":6152,"health_ns":373955620,"query_wait_ms":0,"query_map_ms":0,"query_encode_ms":0,"query_copied_bytes":0}
phase-progress {"kind":"phase","phase":"draw","frame":43,"submitted":42,"completed":42,"bodies":940,"joints":840,"physics_ns":376607955,"draw_ns":0,"render_ns":0,"ui_ns":0,"commit_ns":0,"profile_ns":6152,"health_ns":373955620,"query_wait_ms":5.40000001e-05,"query_map_ms":0.00309800007,"query_encode_ms":0.0672750026,"query_copied_bytes":64}
phase-progress {"kind":"phase","phase":"render","frame":43,"submitted":43,"completed":43,"bodies":940,"joints":840,"physics_ns":376607955,"draw_ns":139857,"render_ns":0,"ui_ns":0,"commit_ns":0,"profile_ns":6152,"health_ns":373955620,"query_wait_ms":5.40000001e-05,"query_map_ms":0.00309800007,"query_encode_ms":0.0672750026,"query_copied_bytes":64}
phase-progress {"kind":"phase","phase":"ui","frame":43,"submitted":43,"completed":43,"bodies":940,"joints":840,"physics_ns":376607955,"draw_ns":139857,"render_ns":231595210,"ui_ns":0,"commit_ns":0,"profile_ns":6152,"health_ns":373955620,"query_wait_ms":5.40000001e-05,"query_map_ms":0.00309800007,"query_encode_ms":0.0672750026,"query_copied_bytes":64}
phase-progress {"kind":"phase","phase":"commit","frame":43,"submitted":43,"completed":43,"bodies":940,"joints":840,"physics_ns":376607955,"draw_ns":139857,"render_ns":231595210,"ui_ns":88058,"commit_ns":0,"profile_ns":6152,"health_ns":373955620,"query_wait_ms":5.40000001e-05,"query_map_ms":0.00309800007,"query_encode_ms":0.0672750026,"query_copied_bytes":64}
phase-progress {"kind":"phase","phase":"limiter","frame":43,"submitted":43,"completed":43,"bodies":940,"joints":840,"physics_ns":376607955,"draw_ns":139857,"render_ns":231595210,"ui_ns":88058,"commit_ns":29617,"profile_ns":6152,"health_ns":373955620,"query_wait_ms":5.40000001e-05,"query_map_ms":0.00309800007,"query_encode_ms":0.0672750026,"query_copied_bytes":64}
phase-progress {"kind":"phase","phase":"end","frame":43,"submitted":43,"completed":43,"bodies":940,"joints":840,"physics_ns":376607955,"draw_ns":139857,"render_ns":231595210,"ui_ns":88058,"commit_ns":29617,"profile_ns":6152,"health_ns":373955620,"query_wait_ms":5.40000001e-05,"query_map_ms":0.00309800007,"query_encode_ms":0.0672750026,"query_copied_bytes":64}
phase-progress {"kind":"frame","phase":"end","frame":43,"submitted":43,"completed":43,"bodies":940,"joints":840,"physics_ns":376607955,"draw_ns":139857,"render_ns":231595210,"ui_ns":88058,"commit_ns":29617,"profile_ns":6152,"health_ns":373955620,"query_wait_ms":5.40000001e-05,"query_map_ms":0.00309800007,"query_encode_ms":0.0672750026,"query_copied_bytes":64}
phase-progress {"kind":"phase","phase":"setters","frame":44,"submitted":43,"completed":43,"bodies":0,"joints":0,"physics_ns":0,"draw_ns":0,"render_ns":0,"ui_ns":0,"commit_ns":0,"profile_ns":0,"health_ns":0,"query_wait_ms":0,"query_map_ms":0,"query_encode_ms":0,"query_copied_bytes":0}
phase-progress {"kind":"phase","phase":"physics","frame":44,"submitted":43,"completed":43,"bodies":0,"joints":0,"physics_ns":0,"draw_ns":0,"render_ns":0,"ui_ns":0,"commit_ns":0,"profile_ns":0,"health_ns":0,"query_wait_ms":0,"query_map_ms":0,"query_encode_ms":0,"query_copied_bytes":0}
phase-progress {"kind":"health_begin","phase":"health","frame":44,"submitted":43,"completed":43,"bodies":940,"joints":840,"physics_ns":0,"draw_ns":0,"render_ns":0,"ui_ns":0,"commit_ns":0,"profile_ns":0,"health_ns":0,"query_wait_ms":0,"query_map_ms":0,"query_encode_ms":0,"query_copied_bytes":0}
phase-progress {"kind":"health_end","phase":"health","frame":44,"submitted":43,"completed":43,"bodies":940,"joints":840,"physics_ns":0,"draw_ns":0,"render_ns":0,"ui_ns":0,"commit_ns":0,"profile_ns":0,"health_ns":363686609,"query_wait_ms":0,"query_map_ms":0,"query_encode_ms":0,"query_copied_bytes":0}
phase-progress {"kind":"phase","phase":"profile","frame":44,"submitted":43,"completed":43,"bodies":940,"joints":840,"physics_ns":366051622,"draw_ns":0,"render_ns":0,"ui_ns":0,"commit_ns":0,"profile_ns":0,"health_ns":363686609,"query_wait_ms":0,"query_map_ms":0,"query_encode_ms":0,"query_copied_bytes":0}
phase-progress {"kind":"phase","phase":"pick","frame":44,"submitted":43,"completed":43,"bodies":940,"joints":840,"physics_ns":366051622,"draw_ns":0,"render_ns":0,"ui_ns":0,"commit_ns":0,"profile_ns":8210,"health_ns":363686609,"query_wait_ms":0,"query_map_ms":0,"query_encode_ms":0,"query_copied_bytes":0}
phase-progress {"kind":"phase","phase":"draw","frame":44,"submitted":43,"completed":43,"bodies":940,"joints":840,"physics_ns":366051622,"draw_ns":0,"render_ns":0,"ui_ns":0,"commit_ns":0,"profile_ns":8210,"health_ns":363686609,"query_wait_ms":7.90000049e-05,"query_map_ms":0.00309400004,"query_encode_ms":0.0777559951,"query_copied_bytes":64}
phase-progress {"kind":"phase","phase":"render","frame":44,"submitted":44,"completed":44,"bodies":940,"joints":840,"physics_ns":366051622,"draw_ns":168696,"render_ns":0,"ui_ns":0,"commit_ns":0,"profile_ns":8210,"health_ns":363686609,"query_wait_ms":7.90000049e-05,"query_map_ms":0.00309400004,"query_encode_ms":0.0777559951,"query_copied_bytes":64}
phase-progress {"kind":"phase","phase":"ui","frame":44,"submitted":44,"completed":44,"bodies":940,"joints":840,"physics_ns":366051622,"draw_ns":168696,"render_ns":252957634,"ui_ns":0,"commit_ns":0,"profile_ns":8210,"health_ns":363686609,"query_wait_ms":7.90000049e-05,"query_map_ms":0.00309400004,"query_encode_ms":0.0777559951,"query_copied_bytes":64}
phase-progress {"kind":"phase","phase":"commit","frame":44,"submitted":44,"completed":44,"bodies":940,"joints":840,"physics_ns":366051622,"draw_ns":168696,"render_ns":252957634,"ui_ns":103305,"commit_ns":0,"profile_ns":8210,"health_ns":363686609,"query_wait_ms":7.90000049e-05,"query_map_ms":0.00309400004,"query_encode_ms":0.0777559951,"query_copied_bytes":64}
phase-progress {"kind":"phase","phase":"limiter","frame":44,"submitted":44,"completed":44,"bodies":940,"joints":840,"physics_ns":366051622,"draw_ns":168696,"render_ns":252957634,"ui_ns":103305,"commit_ns":27254,"profile_ns":8210,"health_ns":363686609,"query_wait_ms":7.90000049e-05,"query_map_ms":0.00309400004,"query_encode_ms":0.0777559951,"query_copied_bytes":64}
phase-progress {"kind":"phase","phase":"end","frame":44,"submitted":44,"completed":44,"bodies":940,"joints":840,"physics_ns":366051622,"draw_ns":168696,"render_ns":252957634,"ui_ns":103305,"commit_ns":27254,"profile_ns":8210,"health_ns":363686609,"query_wait_ms":7.90000049e-05,"query_map_ms":0.00309400004,"query_encode_ms":0.0777559951,"query_copied_bytes":64}
phase-progress {"kind":"frame","phase":"end","frame":44,"submitted":44,"completed":44,"bodies":940,"joints":840,"physics_ns":366051622,"draw_ns":168696,"render_ns":252957634,"ui_ns":103305,"commit_ns":27254,"profile_ns":8210,"health_ns":363686609,"query_wait_ms":7.90000049e-05,"query_map_ms":0.00309400004,"query_encode_ms":0.0777559951,"query_copied_bytes":64}
phase-progress {"kind":"phase","phase":"setters","frame":45,"submitted":44,"completed":44,"bodies":0,"joints":0,"physics_ns":0,"draw_ns":0,"render_ns":0,"ui_ns":0,"commit_ns":0,"profile_ns":0,"health_ns":0,"query_wait_ms":0,"query_map_ms":0,"query_encode_ms":0,"query_copied_bytes":0}
phase-progress {"kind":"phase","phase":"physics","frame":45,"submitted":44,"completed":44,"bodies":0,"joints":0,"physics_ns":0,"draw_ns":0,"render_ns":0,"ui_ns":0,"commit_ns":0,"profile_ns":0,"health_ns":0,"query_wait_ms":0,"query_map_ms":0,"query_encode_ms":0,"query_copied_bytes":0}
phase-progress {"kind":"health_begin","phase":"health","frame":45,"submitted":44,"completed":44,"bodies":940,"joints":840,"physics_ns":0,"draw_ns":0,"render_ns":0,"ui_ns":0,"commit_ns":0,"profile_ns":0,"health_ns":0,"query_wait_ms":0,"query_map_ms":0,"query_encode_ms":0,"query_copied_bytes":0}
phase-progress {"kind":"health_end","phase":"health","frame":45,"submitted":44,"completed":44,"bodies":940,"joints":840,"physics_ns":0,"draw_ns":0,"render_ns":0,"ui_ns":0,"commit_ns":0,"profile_ns":0,"health_ns":335654714,"query_wait_ms":0,"query_map_ms":0,"query_encode_ms":0,"query_copied_bytes":0}
phase-progress {"kind":"phase","phase":"profile","frame":45,"submitted":44,"completed":44,"bodies":940,"joints":840,"physics_ns":337899743,"draw_ns":0,"render_ns":0,"ui_ns":0,"commit_ns":0,"profile_ns":0,"health_ns":335654714,"query_wait_ms":0,"query_map_ms":0,"query_encode_ms":0,"query_copied_bytes":0}
phase-progress {"kind":"phase","phase":"pick","frame":45,"submitted":44,"completed":44,"bodies":940,"joints":840,"physics_ns":337899743,"draw_ns":0,"render_ns":0,"ui_ns":0,"commit_ns":0,"profile_ns":8198,"health_ns":335654714,"query_wait_ms":0,"query_map_ms":0,"query_encode_ms":0,"query_copied_bytes":0}
phase-progress {"kind":"phase","phase":"draw","frame":45,"submitted":44,"completed":44,"bodies":940,"joints":840,"physics_ns":337899743,"draw_ns":0,"render_ns":0,"ui_ns":0,"commit_ns":0,"profile_ns":8198,"health_ns":335654714,"query_wait_ms":5.60000008e-05,"query_map_ms":0.00335699995,"query_encode_ms":0.0788749978,"query_copied_bytes":64}
phase-progress {"kind":"phase","phase":"render","frame":45,"submitted":45,"completed":45,"bodies":940,"joints":840,"physics_ns":337899743,"draw_ns":177818,"render_ns":0,"ui_ns":0,"commit_ns":0,"profile_ns":8198,"health_ns":335654714,"query_wait_ms":5.60000008e-05,"query_map_ms":0.00335699995,"query_encode_ms":0.0788749978,"query_copied_bytes":64}
phase-progress {"kind":"phase","phase":"ui","frame":45,"submitted":45,"completed":45,"bodies":940,"joints":840,"physics_ns":337899743,"draw_ns":177818,"render_ns":248910507,"ui_ns":0,"commit_ns":0,"profile_ns":8198,"health_ns":335654714,"query_wait_ms":5.60000008e-05,"query_map_ms":0.00335699995,"query_encode_ms":0.0788749978,"query_copied_bytes":64}
phase-progress {"kind":"phase","phase":"commit","frame":45,"submitted":45,"completed":45,"bodies":940,"joints":840,"physics_ns":337899743,"draw_ns":177818,"render_ns":248910507,"ui_ns":100053,"commit_ns":0,"profile_ns":8198,"health_ns":335654714,"query_wait_ms":5.60000008e-05,"query_map_ms":0.00335699995,"query_encode_ms":0.0788749978,"query_copied_bytes":64}
phase-progress {"kind":"phase","phase":"limiter","frame":45,"submitted":45,"completed":45,"bodies":940,"joints":840,"physics_ns":337899743,"draw_ns":177818,"render_ns":248910507,"ui_ns":100053,"commit_ns":15702,"profile_ns":8198,"health_ns":335654714,"query_wait_ms":5.60000008e-05,"query_map_ms":0.00335699995,"query_encode_ms":0.0788749978,"query_copied_bytes":64}
phase-progress {"kind":"phase","phase":"end","frame":45,"submitted":45,"completed":45,"bodies":940,"joints":840,"physics_ns":337899743,"draw_ns":177818,"render_ns":248910507,"ui_ns":100053,"commit_ns":15702,"profile_ns":8198,"health_ns":335654714,"query_wait_ms":5.60000008e-05,"query_map_ms":0.00335699995,"query_encode_ms":0.0788749978,"query_copied_bytes":64}
phase-progress {"kind":"frame","phase":"end","frame":45,"submitted":45,"completed":45,"bodies":940,"joints":840,"physics_ns":337899743,"draw_ns":177818,"render_ns":248910507,"ui_ns":100053,"commit_ns":15702,"profile_ns":8198,"health_ns":335654714,"query_wait_ms":5.60000008e-05,"query_map_ms":0.00335699995,"query_encode_ms":0.0788749978,"query_copied_bytes":64}
phase-progress {"kind":"phase","phase":"setters","frame":46,"submitted":45,"completed":45,"bodies":0,"joints":0,"physics_ns":0,"draw_ns":0,"render_ns":0,"ui_ns":0,"commit_ns":0,"profile_ns":0,"health_ns":0,"query_wait_ms":0,"query_map_ms":0,"query_encode_ms":0,"query_copied_bytes":0}
phase-progress {"kind":"phase","phase":"physics","frame":46,"submitted":45,"completed":45,"bodies":0,"joints":0,"physics_ns":0,"draw_ns":0,"render_ns":0,"ui_ns":0,"commit_ns":0,"profile_ns":0,"health_ns":0,"query_wait_ms":0,"query_map_ms":0,"query_encode_ms":0,"query_copied_bytes":0}
phase-progress {"kind":"health_begin","phase":"health","frame":46,"submitted":45,"completed":45,"bodies":940,"joints":840,"physics_ns":0,"draw_ns":0,"render_ns":0,"ui_ns":0,"commit_ns":0,"profile_ns":0,"health_ns":0,"query_wait_ms":0,"query_map_ms":0,"query_encode_ms":0,"query_copied_bytes":0}
phase-progress {"kind":"health_end","phase":"health","frame":46,"submitted":45,"completed":45,"bodies":940,"joints":840,"physics_ns":0,"draw_ns":0,"render_ns":0,"ui_ns":0,"commit_ns":0,"profile_ns":0,"health_ns":384446981,"query_wait_ms":0,"query_map_ms":0,"query_encode_ms":0,"query_copied_bytes":0}
phase-progress {"kind":"phase","phase":"profile","frame":46,"submitted":45,"completed":45,"bodies":940,"joints":840,"physics_ns":386854062,"draw_ns":0,"render_ns":0,"ui_ns":0,"commit_ns":0,"profile_ns":0,"health_ns":384446981,"query_wait_ms":0,"query_map_ms":0,"query_encode_ms":0,"query_copied_bytes":0}
phase-progress {"kind":"phase","phase":"pick","frame":46,"submitted":45,"completed":45,"bodies":940,"joints":840,"physics_ns":386854062,"draw_ns":0,"render_ns":0,"ui_ns":0,"commit_ns":0,"profile_ns":8524,"health_ns":384446981,"query_wait_ms":0,"query_map_ms":0,"query_encode_ms":0,"query_copied_bytes":0}
phase-progress {"kind":"phase","phase":"draw","frame":46,"submitted":45,"completed":45,"bodies":940,"joints":840,"physics_ns":386854062,"draw_ns":0,"render_ns":0,"ui_ns":0,"commit_ns":0,"profile_ns":8524,"health_ns":384446981,"query_wait_ms":6.70000009e-05,"query_map_ms":0.00315500004,"query_encode_ms":0.0803290009,"query_copied_bytes":64}
phase-progress {"kind":"phase","phase":"render","frame":46,"submitted":46,"completed":46,"bodies":940,"joints":840,"physics_ns":386854062,"draw_ns":178898,"render_ns":0,"ui_ns":0,"commit_ns":0,"profile_ns":8524,"health_ns":384446981,"query_wait_ms":6.70000009e-05,"query_map_ms":0.00315500004,"query_encode_ms":0.0803290009,"query_copied_bytes":64}
phase-progress {"kind":"phase","phase":"ui","frame":46,"submitted":46,"completed":46,"bodies":940,"joints":840,"physics_ns":386854062,"draw_ns":178898,"render_ns":251412487,"ui_ns":0,"commit_ns":0,"profile_ns":8524,"health_ns":384446981,"query_wait_ms":6.70000009e-05,"query_map_ms":0.00315500004,"query_encode_ms":0.0803290009,"query_copied_bytes":64}
phase-progress {"kind":"phase","phase":"commit","frame":46,"submitted":46,"completed":46,"bodies":940,"joints":840,"physics_ns":386854062,"draw_ns":178898,"render_ns":251412487,"ui_ns":96229,"commit_ns":0,"profile_ns":8524,"health_ns":384446981,"query_wait_ms":6.70000009e-05,"query_map_ms":0.00315500004,"query_encode_ms":0.0803290009,"query_copied_bytes":64}
phase-progress {"kind":"phase","phase":"limiter","frame":46,"submitted":46,"completed":46,"bodies":940,"joints":840,"physics_ns":386854062,"draw_ns":178898,"render_ns":251412487,"ui_ns":96229,"commit_ns":15398,"profile_ns":8524,"health_ns":384446981,"query_wait_ms":6.70000009e-05,"query_map_ms":0.00315500004,"query_encode_ms":0.0803290009,"query_copied_bytes":64}
phase-progress {"kind":"phase","phase":"end","frame":46,"submitted":46,"completed":46,"bodies":940,"joints":840,"physics_ns":386854062,"draw_ns":178898,"render_ns":251412487,"ui_ns":96229,"commit_ns":15398,"profile_ns":8524,"health_ns":384446981,"query_wait_ms":6.70000009e-05,"query_map_ms":0.00315500004,"query_encode_ms":0.0803290009,"query_copied_bytes":64}
phase-progress {"kind":"frame","phase":"end","frame":46,"submitted":46,"completed":46,"bodies":940,"joints":840,"physics_ns":386854062,"draw_ns":178898,"render_ns":251412487,"ui_ns":96229,"commit_ns":15398,"profile_ns":8524,"health_ns":384446981,"query_wait_ms":6.70000009e-05,"query_map_ms":0.00315500004,"query_encode_ms":0.0803290009,"query_copied_bytes":64}
phase-progress {"kind":"phase","phase":"setters","frame":47,"submitted":46,"completed":46,"bodies":0,"joints":0,"physics_ns":0,"draw_ns":0,"render_ns":0,"ui_ns":0,"commit_ns":0,"profile_ns":0,"health_ns":0,"query_wait_ms":0,"query_map_ms":0,"query_encode_ms":0,"query_copied_bytes":0}
phase-progress {"kind":"phase","phase":"physics","frame":47,"submitted":46,"completed":46,"bodies":0,"joints":0,"physics_ns":0,"draw_ns":0,"render_ns":0,"ui_ns":0,"commit_ns":0,"profile_ns":0,"health_ns":0,"query_wait_ms":0,"query_map_ms":0,"query_encode_ms":0,"query_copied_bytes":0}
phase-progress {"kind":"health_begin","phase":"health","frame":47,"submitted":46,"completed":46,"bodies":940,"joints":840,"physics_ns":0,"draw_ns":0,"render_ns":0,"ui_ns":0,"commit_ns":0,"profile_ns":0,"health_ns":0,"query_wait_ms":0,"query_map_ms":0,"query_encode_ms":0,"query_copied_bytes":0}
phase-progress {"kind":"health_end","phase":"health","frame":47,"submitted":46,"completed":46,"bodies":940,"joints":840,"physics_ns":0,"draw_ns":0,"render_ns":0,"ui_ns":0,"commit_ns":0,"profile_ns":0,"health_ns":326059887,"query_wait_ms":0,"query_map_ms":0,"query_encode_ms":0,"query_copied_bytes":0}
phase-progress {"kind":"phase","phase":"profile","frame":47,"submitted":46,"completed":46,"bodies":940,"joints":840,"physics_ns":328319405,"draw_ns":0,"render_ns":0,"ui_ns":0,"commit_ns":0,"profile_ns":0,"health_ns":326059887,"query_wait_ms":0,"query_map_ms":0,"query_encode_ms":0,"query_copied_bytes":0}
phase-progress {"kind":"phase","phase":"pick","frame":47,"submitted":46,"completed":46,"bodies":940,"joints":840,"physics_ns":328319405,"draw_ns":0,"render_ns":0,"ui_ns":0,"commit_ns":0,"profile_ns":8403,"health_ns":326059887,"query_wait_ms":0,"query_map_ms":0,"query_encode_ms":0,"query_copied_bytes":0}
phase-progress {"kind":"phase","phase":"draw","frame":47,"submitted":46,"completed":46,"bodies":940,"joints":840,"physics_ns":328319405,"draw_ns":0,"render_ns":0,"ui_ns":0,"commit_ns":0,"profile_ns":8403,"health_ns":326059887,"query_wait_ms":6.10000025e-05,"query_map_ms":0.00323199993,"query_encode_ms":0.0808850005,"query_copied_bytes":64}
phase-progress {"kind":"phase","phase":"render","frame":47,"submitted":47,"completed":47,"bodies":940,"joints":840,"physics_ns":328319405,"draw_ns":171816,"render_ns":0,"ui_ns":0,"commit_ns":0,"profile_ns":8403,"health_ns":326059887,"query_wait_ms":6.10000025e-05,"query_map_ms":0.00323199993,"query_encode_ms":0.0808850005,"query_copied_bytes":64}
phase-progress {"kind":"phase","phase":"ui","frame":47,"submitted":47,"completed":47,"bodies":940,"joints":840,"physics_ns":328319405,"draw_ns":171816,"render_ns":254406418,"ui_ns":0,"commit_ns":0,"profile_ns":8403,"health_ns":326059887,"query_wait_ms":6.10000025e-05,"query_map_ms":0.00323199993,"query_encode_ms":0.0808850005,"query_copied_bytes":64}
phase-progress {"kind":"phase","phase":"commit","frame":47,"submitted":47,"completed":47,"bodies":940,"joints":840,"physics_ns":328319405,"draw_ns":171816,"render_ns":254406418,"ui_ns":87639,"commit_ns":0,"profile_ns":8403,"health_ns":326059887,"query_wait_ms":6.10000025e-05,"query_map_ms":0.00323199993,"query_encode_ms":0.0808850005,"query_copied_bytes":64}
phase-progress {"kind":"phase","phase":"limiter","frame":47,"submitted":47,"completed":47,"bodies":940,"joints":840,"physics_ns":328319405,"draw_ns":171816,"render_ns":254406418,"ui_ns":87639,"commit_ns":15820,"profile_ns":8403,"health_ns":326059887,"query_wait_ms":6.10000025e-05,"query_map_ms":0.00323199993,"query_encode_ms":0.0808850005,"query_copied_bytes":64}
phase-progress {"kind":"phase","phase":"end","frame":47,"submitted":47,"completed":47,"bodies":940,"joints":840,"physics_ns":328319405,"draw_ns":171816,"render_ns":254406418,"ui_ns":87639,"commit_ns":15820,"profile_ns":8403,"health_ns":326059887,"query_wait_ms":6.10000025e-05,"query_map_ms":0.00323199993,"query_encode_ms":0.0808850005,"query_copied_bytes":64}
phase-progress {"kind":"frame","phase":"end","frame":47,"submitted":47,"completed":47,"bodies":940,"joints":840,"physics_ns":328319405,"draw_ns":171816,"render_ns":254406418,"ui_ns":87639,"commit_ns":15820,"profile_ns":8403,"health_ns":326059887,"query_wait_ms":6.10000025e-05,"query_map_ms":0.00323199993,"query_encode_ms":0.0808850005,"query_copied_bytes":64}
phase-progress {"kind":"phase","phase":"setters","frame":48,"submitted":47,"completed":47,"bodies":0,"joints":0,"physics_ns":0,"draw_ns":0,"render_ns":0,"ui_ns":0,"commit_ns":0,"profile_ns":0,"health_ns":0,"query_wait_ms":0,"query_map_ms":0,"query_encode_ms":0,"query_copied_bytes":0}
phase-progress {"kind":"phase","phase":"physics","frame":48,"submitted":47,"completed":47,"bodies":0,"joints":0,"physics_ns":0,"draw_ns":0,"render_ns":0,"ui_ns":0,"commit_ns":0,"profile_ns":0,"health_ns":0,"query_wait_ms":0,"query_map_ms":0,"query_encode_ms":0,"query_copied_bytes":0}
phase-progress {"kind":"health_begin","phase":"health","frame":48,"submitted":47,"completed":47,"bodies":940,"joints":840,"physics_ns":0,"draw_ns":0,"render_ns":0,"ui_ns":0,"commit_ns":0,"profile_ns":0,"health_ns":0,"query_wait_ms":0,"query_map_ms":0,"query_encode_ms":0,"query_copied_bytes":0}
phase-progress {"kind":"health_end","phase":"health","frame":48,"submitted":47,"completed":47,"bodies":940,"joints":840,"physics_ns":0,"draw_ns":0,"render_ns":0,"ui_ns":0,"commit_ns":0,"profile_ns":0,"health_ns":401906288,"query_wait_ms":0,"query_map_ms":0,"query_encode_ms":0,"query_copied_bytes":0}
phase-progress {"kind":"phase","phase":"profile","frame":48,"submitted":47,"completed":47,"bodies":940,"joints":840,"physics_ns":404188327,"draw_ns":0,"render_ns":0,"ui_ns":0,"commit_ns":0,"profile_ns":0,"health_ns":401906288,"query_wait_ms":0,"query_map_ms":0,"query_encode_ms":0,"query_copied_bytes":0}
phase-progress {"kind":"phase","phase":"pick","frame":48,"submitted":47,"completed":47,"bodies":940,"joints":840,"physics_ns":404188327,"draw_ns":0,"render_ns":0,"ui_ns":0,"commit_ns":0,"profile_ns":8380,"health_ns":401906288,"query_wait_ms":0,"query_map_ms":0,"query_encode_ms":0,"query_copied_bytes":0}
phase-progress {"kind":"phase","phase":"draw","frame":48,"submitted":47,"completed":47,"bodies":940,"joints":840,"physics_ns":404188327,"draw_ns":0,"render_ns":0,"ui_ns":0,"commit_ns":0,"profile_ns":8380,"health_ns":401906288,"query_wait_ms":6.80000012e-05,"query_map_ms":0.00321900006,"query_encode_ms":0.0777039975,"query_copied_bytes":64}
phase-progress {"kind":"phase","phase":"render","frame":48,"submitted":48,"completed":48,"bodies":940,"joints":840,"physics_ns":404188327,"draw_ns":170549,"render_ns":0,"ui_ns":0,"commit_ns":0,"profile_ns":8380,"health_ns":401906288,"query_wait_ms":6.80000012e-05,"query_map_ms":0.00321900006,"query_encode_ms":0.0777039975,"query_copied_bytes":64}
phase-progress {"kind":"phase","phase":"ui","frame":48,"submitted":48,"completed":48,"bodies":940,"joints":840,"physics_ns":404188327,"draw_ns":170549,"render_ns":263388166,"ui_ns":0,"commit_ns":0,"profile_ns":8380,"health_ns":401906288,"query_wait_ms":6.80000012e-05,"query_map_ms":0.00321900006,"query_encode_ms":0.0777039975,"query_copied_bytes":64}
phase-progress {"kind":"phase","phase":"commit","frame":48,"submitted":48,"completed":48,"bodies":940,"joints":840,"physics_ns":404188327,"draw_ns":170549,"render_ns":263388166,"ui_ns":111481,"commit_ns":0,"profile_ns":8380,"health_ns":401906288,"query_wait_ms":6.80000012e-05,"query_map_ms":0.00321900006,"query_encode_ms":0.0777039975,"query_copied_bytes":64}
phase-progress {"kind":"phase","phase":"limiter","frame":48,"submitted":48,"completed":48,"bodies":940,"joints":840,"physics_ns":404188327,"draw_ns":170549,"render_ns":263388166,"ui_ns":111481,"commit_ns":24582,"profile_ns":8380,"health_ns":401906288,"query_wait_ms":6.80000012e-05,"query_map_ms":0.00321900006,"query_encode_ms":0.0777039975,"query_copied_bytes":64}
phase-progress {"kind":"phase","phase":"end","frame":48,"submitted":48,"completed":48,"bodies":940,"joints":840,"physics_ns":404188327,"draw_ns":170549,"render_ns":263388166,"ui_ns":111481,"commit_ns":24582,"profile_ns":8380,"health_ns":401906288,"query_wait_ms":6.80000012e-05,"query_map_ms":0.00321900006,"query_encode_ms":0.0777039975,"query_copied_bytes":64}
phase-progress {"kind":"frame","phase":"end","frame":48,"submitted":48,"completed":48,"bodies":940,"joints":840,"physics_ns":404188327,"draw_ns":170549,"render_ns":263388166,"ui_ns":111481,"commit_ns":24582,"profile_ns":8380,"health_ns":401906288,"query_wait_ms":6.80000012e-05,"query_map_ms":0.00321900006,"query_encode_ms":0.0777039975,"query_copied_bytes":64}
phase-progress {"kind":"phase","phase":"setters","frame":49,"submitted":48,"completed":48,"bodies":0,"joints":0,"physics_ns":0,"draw_ns":0,"render_ns":0,"ui_ns":0,"commit_ns":0,"profile_ns":0,"health_ns":0,"query_wait_ms":0,"query_map_ms":0,"query_encode_ms":0,"query_copied_bytes":0}
phase-progress {"kind":"phase","phase":"physics","frame":49,"submitted":48,"completed":48,"bodies":0,"joints":0,"physics_ns":0,"draw_ns":0,"render_ns":0,"ui_ns":0,"commit_ns":0,"profile_ns":0,"health_ns":0,"query_wait_ms":0,"query_map_ms":0,"query_encode_ms":0,"query_copied_bytes":0}
phase-progress {"kind":"health_begin","phase":"health","frame":49,"submitted":48,"completed":48,"bodies":940,"joints":840,"physics_ns":0,"draw_ns":0,"render_ns":0,"ui_ns":0,"commit_ns":0,"profile_ns":0,"health_ns":0,"query_wait_ms":0,"query_map_ms":0,"query_encode_ms":0,"query_copied_bytes":0}
phase-progress {"kind":"health_end","phase":"health","frame":49,"submitted":48,"completed":48,"bodies":940,"joints":840,"physics_ns":0,"draw_ns":0,"render_ns":0,"ui_ns":0,"commit_ns":0,"profile_ns":0,"health_ns":375858145,"query_wait_ms":0,"query_map_ms":0,"query_encode_ms":0,"query_copied_bytes":0}
phase-progress {"kind":"phase","phase":"profile","frame":49,"submitted":48,"completed":48,"bodies":940,"joints":840,"physics_ns":379690311,"draw_ns":0,"render_ns":0,"ui_ns":0,"commit_ns":0,"profile_ns":0,"health_ns":375858145,"query_wait_ms":0,"query_map_ms":0,"query_encode_ms":0,"query_copied_bytes":0}
phase-progress {"kind":"phase","phase":"pick","frame":49,"submitted":48,"completed":48,"bodies":940,"joints":840,"physics_ns":379690311,"draw_ns":0,"render_ns":0,"ui_ns":0,"commit_ns":0,"profile_ns":8206,"health_ns":375858145,"query_wait_ms":0,"query_map_ms":0,"query_encode_ms":0,"query_copied_bytes":0}
phase-progress {"kind":"phase","phase":"draw","frame":49,"submitted":48,"completed":48,"bodies":940,"joints":840,"physics_ns":379690311,"draw_ns":0,"render_ns":0,"ui_ns":0,"commit_ns":0,"profile_ns":8206,"health_ns":375858145,"query_wait_ms":7.19999953e-05,"query_map_ms":0.00310900016,"query_encode_ms":0.0769089982,"query_copied_bytes":64}
phase-progress {"kind":"phase","phase":"render","frame":49,"submitted":49,"completed":49,"bodies":940,"joints":840,"physics_ns":379690311,"draw_ns":178233,"render_ns":0,"ui_ns":0,"commit_ns":0,"profile_ns":8206,"health_ns":375858145,"query_wait_ms":7.19999953e-05,"query_map_ms":0.00310900016,"query_encode_ms":0.0769089982,"query_copied_bytes":64}
phase-progress {"kind":"phase","phase":"ui","frame":49,"submitted":49,"completed":49,"bodies":940,"joints":840,"physics_ns":379690311,"draw_ns":178233,"render_ns":266377384,"ui_ns":0,"commit_ns":0,"profile_ns":8206,"health_ns":375858145,"query_wait_ms":7.19999953e-05,"query_map_ms":0.00310900016,"query_encode_ms":0.0769089982,"query_copied_bytes":64}
phase-progress {"kind":"phase","phase":"commit","frame":49,"submitted":49,"completed":49,"bodies":940,"joints":840,"physics_ns":379690311,"draw_ns":178233,"render_ns":266377384,"ui_ns":88352,"commit_ns":0,"profile_ns":8206,"health_ns":375858145,"query_wait_ms":7.19999953e-05,"query_map_ms":0.00310900016,"query_encode_ms":0.0769089982,"query_copied_bytes":64}
phase-progress {"kind":"phase","phase":"limiter","frame":49,"submitted":49,"completed":49,"bodies":940,"joints":840,"physics_ns":379690311,"draw_ns":178233,"render_ns":266377384,"ui_ns":88352,"commit_ns":15395,"profile_ns":8206,"health_ns":375858145,"query_wait_ms":7.19999953e-05,"query_map_ms":0.00310900016,"query_encode_ms":0.0769089982,"query_copied_bytes":64}
phase-progress {"kind":"phase","phase":"end","frame":49,"submitted":49,"completed":49,"bodies":940,"joints":840,"physics_ns":379690311,"draw_ns":178233,"render_ns":266377384,"ui_ns":88352,"commit_ns":15395,"profile_ns":8206,"health_ns":375858145,"query_wait_ms":7.19999953e-05,"query_map_ms":0.00310900016,"query_encode_ms":0.0769089982,"query_copied_bytes":64}
phase-progress {"kind":"frame","phase":"end","frame":49,"submitted":49,"completed":49,"bodies":940,"joints":840,"physics_ns":379690311,"draw_ns":178233,"render_ns":266377384,"ui_ns":88352,"commit_ns":15395,"profile_ns":8206,"health_ns":375858145,"query_wait_ms":7.19999953e-05,"query_map_ms":0.00310900016,"query_encode_ms":0.0769089982,"query_copied_bytes":64}
phase-progress {"kind":"phase","phase":"setters","frame":50,"submitted":49,"completed":49,"bodies":0,"joints":0,"physics_ns":0,"draw_ns":0,"render_ns":0,"ui_ns":0,"commit_ns":0,"profile_ns":0,"health_ns":0,"query_wait_ms":0,"query_map_ms":0,"query_encode_ms":0,"query_copied_bytes":0}
phase-progress {"kind":"phase","phase":"physics","frame":50,"submitted":49,"completed":49,"bodies":0,"joints":0,"physics_ns":0,"draw_ns":0,"render_ns":0,"ui_ns":0,"commit_ns":0,"profile_ns":0,"health_ns":0,"query_wait_ms":0,"query_map_ms":0,"query_encode_ms":0,"query_copied_bytes":0}
phase-progress {"kind":"health_begin","phase":"health","frame":50,"submitted":49,"completed":49,"bodies":940,"joints":840,"physics_ns":0,"draw_ns":0,"render_ns":0,"ui_ns":0,"commit_ns":0,"profile_ns":0,"health_ns":0,"query_wait_ms":0,"query_map_ms":0,"query_encode_ms":0,"query_copied_bytes":0}
phase-progress {"kind":"health_end","phase":"health","frame":50,"submitted":49,"completed":49,"bodies":940,"joints":840,"physics_ns":0,"draw_ns":0,"render_ns":0,"ui_ns":0,"commit_ns":0,"profile_ns":0,"health_ns":371752541,"query_wait_ms":0,"query_map_ms":0,"query_encode_ms":0,"query_copied_bytes":0}
phase-progress {"kind":"phase","phase":"profile","frame":50,"submitted":49,"completed":49,"bodies":940,"joints":840,"physics_ns":373990952,"draw_ns":0,"render_ns":0,"ui_ns":0,"commit_ns":0,"profile_ns":0,"health_ns":371752541,"query_wait_ms":0,"query_map_ms":0,"query_encode_ms":0,"query_copied_bytes":0}
phase-progress {"kind":"phase","phase":"pick","frame":50,"submitted":49,"completed":49,"bodies":940,"joints":840,"physics_ns":373990952,"draw_ns":0,"render_ns":0,"ui_ns":0,"commit_ns":0,"profile_ns":8328,"health_ns":371752541,"query_wait_ms":0,"query_map_ms":0,"query_encode_ms":0,"query_copied_bytes":0}
phase-progress {"kind":"phase","phase":"draw","frame":50,"submitted":49,"completed":49,"bodies":940,"joints":840,"physics_ns":373990952,"draw_ns":0,"render_ns":0,"ui_ns":0,"commit_ns":0,"profile_ns":8328,"health_ns":371752541,"query_wait_ms":6.50000002e-05,"query_map_ms":0.00301999995,"query_encode_ms":0.0828460008,"query_copied_bytes":64}
phase-progress {"kind":"phase","phase":"render","frame":50,"submitted":50,"completed":50,"bodies":940,"joints":840,"physics_ns":373990952,"draw_ns":168717,"render_ns":0,"ui_ns":0,"commit_ns":0,"profile_ns":8328,"health_ns":371752541,"query_wait_ms":6.50000002e-05,"query_map_ms":0.00301999995,"query_encode_ms":0.0828460008,"query_copied_bytes":64}
phase-progress {"kind":"phase","phase":"ui","frame":50,"submitted":50,"completed":50,"bodies":940,"joints":840,"physics_ns":373990952,"draw_ns":168717,"render_ns":241298670,"ui_ns":0,"commit_ns":0,"profile_ns":8328,"health_ns":371752541,"query_wait_ms":6.50000002e-05,"query_map_ms":0.00301999995,"query_encode_ms":0.0828460008,"query_copied_bytes":64}
phase-progress {"kind":"phase","phase":"commit","frame":50,"submitted":50,"completed":50,"bodies":940,"joints":840,"physics_ns":373990952,"draw_ns":168717,"render_ns":241298670,"ui_ns":93576,"commit_ns":0,"profile_ns":8328,"health_ns":371752541,"query_wait_ms":6.50000002e-05,"query_map_ms":0.00301999995,"query_encode_ms":0.0828460008,"query_copied_bytes":64}
phase-progress {"kind":"phase","phase":"limiter","frame":50,"submitted":50,"completed":50,"bodies":940,"joints":840,"physics_ns":373990952,"draw_ns":168717,"render_ns":241298670,"ui_ns":93576,"commit_ns":16362,"profile_ns":8328,"health_ns":371752541,"query_wait_ms":6.50000002e-05,"query_map_ms":0.00301999995,"query_encode_ms":0.0828460008,"query_copied_bytes":64}
phase-progress {"kind":"phase","phase":"end","frame":50,"submitted":50,"completed":50,"bodies":940,"joints":840,"physics_ns":373990952,"draw_ns":168717,"render_ns":241298670,"ui_ns":93576,"commit_ns":16362,"profile_ns":8328,"health_ns":371752541,"query_wait_ms":6.50000002e-05,"query_map_ms":0.00301999995,"query_encode_ms":0.0828460008,"query_copied_bytes":64}
phase-progress {"kind":"frame","phase":"end","frame":50,"submitted":50,"completed":50,"bodies":940,"joints":840,"physics_ns":373990952,"draw_ns":168717,"render_ns":241298670,"ui_ns":93576,"commit_ns":16362,"profile_ns":8328,"health_ns":371752541,"query_wait_ms":6.50000002e-05,"query_map_ms":0.00301999995,"query_encode_ms":0.0828460008,"query_copied_bytes":64}
phase-progress {"kind":"phase","phase":"setters","frame":51,"submitted":50,"completed":50,"bodies":0,"joints":0,"physics_ns":0,"draw_ns":0,"render_ns":0,"ui_ns":0,"commit_ns":0,"profile_ns":0,"health_ns":0,"query_wait_ms":0,"query_map_ms":0,"query_encode_ms":0,"query_copied_bytes":0}
phase-progress {"kind":"phase","phase":"physics","frame":51,"submitted":50,"completed":50,"bodies":0,"joints":0,"physics_ns":0,"draw_ns":0,"render_ns":0,"ui_ns":0,"commit_ns":0,"profile_ns":0,"health_ns":0,"query_wait_ms":0,"query_map_ms":0,"query_encode_ms":0,"query_copied_bytes":0}
phase-progress {"kind":"health_begin","phase":"health","frame":51,"submitted":50,"completed":50,"bodies":940,"joints":840,"physics_ns":0,"draw_ns":0,"render_ns":0,"ui_ns":0,"commit_ns":0,"profile_ns":0,"health_ns":0,"query_wait_ms":0,"query_map_ms":0,"query_encode_ms":0,"query_copied_bytes":0}
phase-progress {"kind":"health_end","phase":"health","frame":51,"submitted":50,"completed":50,"bodies":940,"joints":840,"physics_ns":0,"draw_ns":0,"render_ns":0,"ui_ns":0,"commit_ns":0,"profile_ns":0,"health_ns":371128448,"query_wait_ms":0,"query_map_ms":0,"query_encode_ms":0,"query_copied_bytes":0}
phase-progress {"kind":"phase","phase":"profile","frame":51,"submitted":50,"completed":50,"bodies":940,"joints":840,"physics_ns":373415335,"draw_ns":0,"render_ns":0,"ui_ns":0,"commit_ns":0,"profile_ns":0,"health_ns":371128448,"query_wait_ms":0,"query_map_ms":0,"query_encode_ms":0,"query_copied_bytes":0}
phase-progress {"kind":"phase","phase":"pick","frame":51,"submitted":50,"completed":50,"bodies":940,"joints":840,"physics_ns":373415335,"draw_ns":0,"render_ns":0,"ui_ns":0,"commit_ns":0,"profile_ns":8245,"health_ns":371128448,"query_wait_ms":0,"query_map_ms":0,"query_encode_ms":0,"query_copied_bytes":0}
phase-progress {"kind":"phase","phase":"draw","frame":51,"submitted":50,"completed":50,"bodies":940,"joints":840,"physics_ns":373415335,"draw_ns":0,"render_ns":0,"ui_ns":0,"commit_ns":0,"profile_ns":8245,"health_ns":371128448,"query_wait_ms":7.39999959e-05,"query_map_ms":0.00333700003,"query_encode_ms":0.0861440003,"query_copied_bytes":64}
phase-progress {"kind":"phase","phase":"render","frame":51,"submitted":51,"completed":51,"bodies":940,"joints":840,"physics_ns":373415335,"draw_ns":162838,"render_ns":0,"ui_ns":0,"commit_ns":0,"profile_ns":8245,"health_ns":371128448,"query_wait_ms":7.39999959e-05,"query_map_ms":0.00333700003,"query_encode_ms":0.0861440003,"query_copied_bytes":64}
phase-progress {"kind":"phase","phase":"ui","frame":51,"submitted":51,"completed":51,"bodies":940,"joints":840,"physics_ns":373415335,"draw_ns":162838,"render_ns":252417964,"ui_ns":0,"commit_ns":0,"profile_ns":8245,"health_ns":371128448,"query_wait_ms":7.39999959e-05,"query_map_ms":0.00333700003,"query_encode_ms":0.0861440003,"query_copied_bytes":64}
phase-progress {"kind":"phase","phase":"commit","frame":51,"submitted":51,"completed":51,"bodies":940,"joints":840,"physics_ns":373415335,"draw_ns":162838,"render_ns":252417964,"ui_ns":97640,"commit_ns":0,"profile_ns":8245,"health_ns":371128448,"query_wait_ms":7.39999959e-05,"query_map_ms":0.00333700003,"query_encode_ms":0.0861440003,"query_copied_bytes":64}
phase-progress {"kind":"phase","phase":"limiter","frame":51,"submitted":51,"completed":51,"bodies":940,"joints":840,"physics_ns":373415335,"draw_ns":162838,"render_ns":252417964,"ui_ns":97640,"commit_ns":20032,"profile_ns":8245,"health_ns":371128448,"query_wait_ms":7.39999959e-05,"query_map_ms":0.00333700003,"query_encode_ms":0.0861440003,"query_copied_bytes":64}
phase-progress {"kind":"phase","phase":"end","frame":51,"submitted":51,"completed":51,"bodies":940,"joints":840,"physics_ns":373415335,"draw_ns":162838,"render_ns":252417964,"ui_ns":97640,"commit_ns":20032,"profile_ns":8245,"health_ns":371128448,"query_wait_ms":7.39999959e-05,"query_map_ms":0.00333700003,"query_encode_ms":0.0861440003,"query_copied_bytes":64}
phase-progress {"kind":"frame","phase":"end","frame":51,"submitted":51,"completed":51,"bodies":940,"joints":840,"physics_ns":373415335,"draw_ns":162838,"render_ns":252417964,"ui_ns":97640,"commit_ns":20032,"profile_ns":8245,"health_ns":371128448,"query_wait_ms":7.39999959e-05,"query_map_ms":0.00333700003,"query_encode_ms":0.0861440003,"query_copied_bytes":64}
phase-progress {"kind":"phase","phase":"setters","frame":52,"submitted":51,"completed":51,"bodies":0,"joints":0,"physics_ns":0,"draw_ns":0,"render_ns":0,"ui_ns":0,"commit_ns":0,"profile_ns":0,"health_ns":0,"query_wait_ms":0,"query_map_ms":0,"query_encode_ms":0,"query_copied_bytes":0}
phase-progress {"kind":"phase","phase":"physics","frame":52,"submitted":51,"completed":51,"bodies":0,"joints":0,"physics_ns":0,"draw_ns":0,"render_ns":0,"ui_ns":0,"commit_ns":0,"profile_ns":0,"health_ns":0,"query_wait_ms":0,"query_map_ms":0,"query_encode_ms":0,"query_copied_bytes":0}
phase-progress {"kind":"health_begin","phase":"health","frame":52,"submitted":51,"completed":51,"bodies":940,"joints":840,"physics_ns":0,"draw_ns":0,"render_ns":0,"ui_ns":0,"commit_ns":0,"profile_ns":0,"health_ns":0,"query_wait_ms":0,"query_map_ms":0,"query_encode_ms":0,"query_copied_bytes":0}
phase-progress {"kind":"health_end","phase":"health","frame":52,"submitted":51,"completed":51,"bodies":940,"joints":840,"physics_ns":0,"draw_ns":0,"render_ns":0,"ui_ns":0,"commit_ns":0,"profile_ns":0,"health_ns":377216225,"query_wait_ms":0,"query_map_ms":0,"query_encode_ms":0,"query_copied_bytes":0}
phase-progress {"kind":"phase","phase":"profile","frame":52,"submitted":51,"completed":51,"bodies":940,"joints":840,"physics_ns":379453500,"draw_ns":0,"render_ns":0,"ui_ns":0,"commit_ns":0,"profile_ns":0,"health_ns":377216225,"query_wait_ms":0,"query_map_ms":0,"query_encode_ms":0,"query_copied_bytes":0}
phase-progress {"kind":"phase","phase":"pick","frame":52,"submitted":51,"completed":51,"bodies":940,"joints":840,"physics_ns":379453500,"draw_ns":0,"render_ns":0,"ui_ns":0,"commit_ns":0,"profile_ns":20913,"health_ns":377216225,"query_wait_ms":0,"query_map_ms":0,"query_encode_ms":0,"query_copied_bytes":0}
phase-progress {"kind":"phase","phase":"draw","frame":52,"submitted":51,"completed":51,"bodies":940,"joints":840,"physics_ns":379453500,"draw_ns":0,"render_ns":0,"ui_ns":0,"commit_ns":0,"profile_ns":20913,"health_ns":377216225,"query_wait_ms":5.60000008e-05,"query_map_ms":0.00306600006,"query_encode_ms":0.0795189962,"query_copied_bytes":64}
phase-progress {"kind":"phase","phase":"render","frame":52,"submitted":52,"completed":52,"bodies":940,"joints":840,"physics_ns":379453500,"draw_ns":169633,"render_ns":0,"ui_ns":0,"commit_ns":0,"profile_ns":20913,"health_ns":377216225,"query_wait_ms":5.60000008e-05,"query_map_ms":0.00306600006,"query_encode_ms":0.0795189962,"query_copied_bytes":64}
phase-progress {"kind":"phase","phase":"ui","frame":52,"submitted":52,"completed":52,"bodies":940,"joints":840,"physics_ns":379453500,"draw_ns":169633,"render_ns":246176053,"ui_ns":0,"commit_ns":0,"profile_ns":20913,"health_ns":377216225,"query_wait_ms":5.60000008e-05,"query_map_ms":0.00306600006,"query_encode_ms":0.0795189962,"query_copied_bytes":64}
phase-progress {"kind":"phase","phase":"commit","frame":52,"submitted":52,"completed":52,"bodies":940,"joints":840,"physics_ns":379453500,"draw_ns":169633,"render_ns":246176053,"ui_ns":88457,"commit_ns":0,"profile_ns":20913,"health_ns":377216225,"query_wait_ms":5.60000008e-05,"query_map_ms":0.00306600006,"query_encode_ms":0.0795189962,"query_copied_bytes":64}
phase-progress {"kind":"phase","phase":"limiter","frame":52,"submitted":52,"completed":52,"bodies":940,"joints":840,"physics_ns":379453500,"draw_ns":169633,"render_ns":246176053,"ui_ns":88457,"commit_ns":15697,"profile_ns":20913,"health_ns":377216225,"query_wait_ms":5.60000008e-05,"query_map_ms":0.00306600006,"query_encode_ms":0.0795189962,"query_copied_bytes":64}
phase-progress {"kind":"phase","phase":"end","frame":52,"submitted":52,"completed":52,"bodies":940,"joints":840,"physics_ns":379453500,"draw_ns":169633,"render_ns":246176053,"ui_ns":88457,"commit_ns":15697,"profile_ns":20913,"health_ns":377216225,"query_wait_ms":5.60000008e-05,"query_map_ms":0.00306600006,"query_encode_ms":0.0795189962,"query_copied_bytes":64}
phase-progress {"kind":"frame","phase":"end","frame":52,"submitted":52,"completed":52,"bodies":940,"joints":840,"physics_ns":379453500,"draw_ns":169633,"render_ns":246176053,"ui_ns":88457,"commit_ns":15697,"profile_ns":20913,"health_ns":377216225,"query_wait_ms":5.60000008e-05,"query_map_ms":0.00306600006,"query_encode_ms":0.0795189962,"query_copied_bytes":64}
phase-progress {"kind":"phase","phase":"setters","frame":53,"submitted":52,"completed":52,"bodies":0,"joints":0,"physics_ns":0,"draw_ns":0,"render_ns":0,"ui_ns":0,"commit_ns":0,"profile_ns":0,"health_ns":0,"query_wait_ms":0,"query_map_ms":0,"query_encode_ms":0,"query_copied_bytes":0}
phase-progress {"kind":"phase","phase":"physics","frame":53,"submitted":52,"completed":52,"bodies":0,"joints":0,"physics_ns":0,"draw_ns":0,"render_ns":0,"ui_ns":0,"commit_ns":0,"profile_ns":0,"health_ns":0,"query_wait_ms":0,"query_map_ms":0,"query_encode_ms":0,"query_copied_bytes":0}
phase-progress {"kind":"health_begin","phase":"health","frame":53,"submitted":52,"completed":52,"bodies":940,"joints":840,"physics_ns":0,"draw_ns":0,"render_ns":0,"ui_ns":0,"commit_ns":0,"profile_ns":0,"health_ns":0,"query_wait_ms":0,"query_map_ms":0,"query_encode_ms":0,"query_copied_bytes":0}
phase-progress {"kind":"health_end","phase":"health","frame":53,"submitted":52,"completed":52,"bodies":940,"joints":840,"physics_ns":0,"draw_ns":0,"render_ns":0,"ui_ns":0,"commit_ns":0,"profile_ns":0,"health_ns":421307675,"query_wait_ms":0,"query_map_ms":0,"query_encode_ms":0,"query_copied_bytes":0}
phase-progress {"kind":"phase","phase":"profile","frame":53,"submitted":52,"completed":52,"bodies":940,"joints":840,"physics_ns":423575818,"draw_ns":0,"render_ns":0,"ui_ns":0,"commit_ns":0,"profile_ns":0,"health_ns":421307675,"query_wait_ms":0,"query_map_ms":0,"query_encode_ms":0,"query_copied_bytes":0}
phase-progress {"kind":"phase","phase":"pick","frame":53,"submitted":52,"completed":52,"bodies":940,"joints":840,"physics_ns":423575818,"draw_ns":0,"render_ns":0,"ui_ns":0,"commit_ns":0,"profile_ns":22510,"health_ns":421307675,"query_wait_ms":0,"query_map_ms":0,"query_encode_ms":0,"query_copied_bytes":0}
phase-progress {"kind":"phase","phase":"draw","frame":53,"submitted":52,"completed":52,"bodies":940,"joints":840,"physics_ns":423575818,"draw_ns":0,"render_ns":0,"ui_ns":0,"commit_ns":0,"profile_ns":22510,"health_ns":421307675,"query_wait_ms":5.60000008e-05,"query_map_ms":0.00300900009,"query_encode_ms":0.0800120011,"query_copied_bytes":64}
phase-progress {"kind":"phase","phase":"render","frame":53,"submitted":53,"completed":53,"bodies":940,"joints":840,"physics_ns":423575818,"draw_ns":167680,"render_ns":0,"ui_ns":0,"commit_ns":0,"profile_ns":22510,"health_ns":421307675,"query_wait_ms":5.60000008e-05,"query_map_ms":0.00300900009,"query_encode_ms":0.0800120011,"query_copied_bytes":64}
phase-progress {"kind":"phase","phase":"ui","frame":53,"submitted":53,"completed":53,"bodies":940,"joints":840,"physics_ns":423575818,"draw_ns":167680,"render_ns":248978508,"ui_ns":0,"commit_ns":0,"profile_ns":22510,"health_ns":421307675,"query_wait_ms":5.60000008e-05,"query_map_ms":0.00300900009,"query_encode_ms":0.0800120011,"query_copied_bytes":64}
phase-progress {"kind":"phase","phase":"commit","frame":53,"submitted":53,"completed":53,"bodies":940,"joints":840,"physics_ns":423575818,"draw_ns":167680,"render_ns":248978508,"ui_ns":99837,"commit_ns":0,"profile_ns":22510,"health_ns":421307675,"query_wait_ms":5.60000008e-05,"query_map_ms":0.00300900009,"query_encode_ms":0.0800120011,"query_copied_bytes":64}
phase-progress {"kind":"phase","phase":"limiter","frame":53,"submitted":53,"completed":53,"bodies":940,"joints":840,"physics_ns":423575818,"draw_ns":167680,"render_ns":248978508,"ui_ns":99837,"commit_ns":17103,"profile_ns":22510,"health_ns":421307675,"query_wait_ms":5.60000008e-05,"query_map_ms":0.00300900009,"query_encode_ms":0.0800120011,"query_copied_bytes":64}
phase-progress {"kind":"phase","phase":"end","frame":53,"submitted":53,"completed":53,"bodies":940,"joints":840,"physics_ns":423575818,"draw_ns":167680,"render_ns":248978508,"ui_ns":99837,"commit_ns":17103,"profile_ns":22510,"health_ns":421307675,"query_wait_ms":5.60000008e-05,"query_map_ms":0.00300900009,"query_encode_ms":0.0800120011,"query_copied_bytes":64}
phase-progress {"kind":"frame","phase":"end","frame":53,"submitted":53,"completed":53,"bodies":940,"joints":840,"physics_ns":423575818,"draw_ns":167680,"render_ns":248978508,"ui_ns":99837,"commit_ns":17103,"profile_ns":22510,"health_ns":421307675,"query_wait_ms":5.60000008e-05,"query_map_ms":0.00300900009,"query_encode_ms":0.0800120011,"query_copied_bytes":64}
phase-progress {"kind":"phase","phase":"setters","frame":54,"submitted":53,"completed":53,"bodies":0,"joints":0,"physics_ns":0,"draw_ns":0,"render_ns":0,"ui_ns":0,"commit_ns":0,"profile_ns":0,"health_ns":0,"query_wait_ms":0,"query_map_ms":0,"query_encode_ms":0,"query_copied_bytes":0}
phase-progress {"kind":"phase","phase":"physics","frame":54,"submitted":53,"completed":53,"bodies":0,"joints":0,"physics_ns":0,"draw_ns":0,"render_ns":0,"ui_ns":0,"commit_ns":0,"profile_ns":0,"health_ns":0,"query_wait_ms":0,"query_map_ms":0,"query_encode_ms":0,"query_copied_bytes":0}
phase-progress {"kind":"health_begin","phase":"health","frame":54,"submitted":53,"completed":53,"bodies":940,"joints":840,"physics_ns":0,"draw_ns":0,"render_ns":0,"ui_ns":0,"commit_ns":0,"profile_ns":0,"health_ns":0,"query_wait_ms":0,"query_map_ms":0,"query_encode_ms":0,"query_copied_bytes":0}
phase-progress {"kind":"health_end","phase":"health","frame":54,"submitted":53,"completed":53,"bodies":940,"joints":840,"physics_ns":0,"draw_ns":0,"render_ns":0,"ui_ns":0,"commit_ns":0,"profile_ns":0,"health_ns":349491390,"query_wait_ms":0,"query_map_ms":0,"query_encode_ms":0,"query_copied_bytes":0}
phase-progress {"kind":"phase","phase":"profile","frame":54,"submitted":53,"completed":53,"bodies":940,"joints":840,"physics_ns":351795963,"draw_ns":0,"render_ns":0,"ui_ns":0,"commit_ns":0,"profile_ns":0,"health_ns":349491390,"query_wait_ms":0,"query_map_ms":0,"query_encode_ms":0,"query_copied_bytes":0}
phase-progress {"kind":"phase","phase":"pick","frame":54,"submitted":53,"completed":53,"bodies":940,"joints":840,"physics_ns":351795963,"draw_ns":0,"render_ns":0,"ui_ns":0,"commit_ns":0,"profile_ns":8782,"health_ns":349491390,"query_wait_ms":0,"query_map_ms":0,"query_encode_ms":0,"query_copied_bytes":0}
phase-progress {"kind":"phase","phase":"draw","frame":54,"submitted":53,"completed":53,"bodies":940,"joints":840,"physics_ns":351795963,"draw_ns":0,"render_ns":0,"ui_ns":0,"commit_ns":0,"profile_ns":8782,"health_ns":349491390,"query_wait_ms":5.99999985e-05,"query_map_ms":0.00311199995,"query_encode_ms":0.0819889978,"query_copied_bytes":64}
phase-progress {"kind":"phase","phase":"render","frame":54,"submitted":54,"completed":54,"bodies":940,"joints":840,"physics_ns":351795963,"draw_ns":167528,"render_ns":0,"ui_ns":0,"commit_ns":0,"profile_ns":8782,"health_ns":349491390,"query_wait_ms":5.99999985e-05,"query_map_ms":0.00311199995,"query_encode_ms":0.0819889978,"query_copied_bytes":64}
phase-progress {"kind":"phase","phase":"ui","frame":54,"submitted":54,"completed":54,"bodies":940,"joints":840,"physics_ns":351795963,"draw_ns":167528,"render_ns":258456787,"ui_ns":0,"commit_ns":0,"profile_ns":8782,"health_ns":349491390,"query_wait_ms":5.99999985e-05,"query_map_ms":0.00311199995,"query_encode_ms":0.0819889978,"query_copied_bytes":64}
phase-progress {"kind":"phase","phase":"commit","frame":54,"submitted":54,"completed":54,"bodies":940,"joints":840,"physics_ns":351795963,"draw_ns":167528,"render_ns":258456787,"ui_ns":87372,"commit_ns":0,"profile_ns":8782,"health_ns":349491390,"query_wait_ms":5.99999985e-05,"query_map_ms":0.00311199995,"query_encode_ms":0.0819889978,"query_copied_bytes":64}
phase-progress {"kind":"phase","phase":"limiter","frame":54,"submitted":54,"completed":54,"bodies":940,"joints":840,"physics_ns":351795963,"draw_ns":167528,"render_ns":258456787,"ui_ns":87372,"commit_ns":15479,"profile_ns":8782,"health_ns":349491390,"query_wait_ms":5.99999985e-05,"query_map_ms":0.00311199995,"query_encode_ms":0.0819889978,"query_copied_bytes":64}
phase-progress {"kind":"phase","phase":"end","frame":54,"submitted":54,"completed":54,"bodies":940,"joints":840,"physics_ns":351795963,"draw_ns":167528,"render_ns":258456787,"ui_ns":87372,"commit_ns":15479,"profile_ns":8782,"health_ns":349491390,"query_wait_ms":5.99999985e-05,"query_map_ms":0.00311199995,"query_encode_ms":0.0819889978,"query_copied_bytes":64}
phase-progress {"kind":"frame","phase":"end","frame":54,"submitted":54,"completed":54,"bodies":940,"joints":840,"physics_ns":351795963,"draw_ns":167528,"render_ns":258456787,"ui_ns":87372,"commit_ns":15479,"profile_ns":8782,"health_ns":349491390,"query_wait_ms":5.99999985e-05,"query_map_ms":0.00311199995,"query_encode_ms":0.0819889978,"query_copied_bytes":64}
phase-progress {"kind":"phase","phase":"setters","frame":55,"submitted":54,"completed":54,"bodies":0,"joints":0,"physics_ns":0,"draw_ns":0,"render_ns":0,"ui_ns":0,"commit_ns":0,"profile_ns":0,"health_ns":0,"query_wait_ms":0,"query_map_ms":0,"query_encode_ms":0,"query_copied_bytes":0}
phase-progress {"kind":"phase","phase":"physics","frame":55,"submitted":54,"completed":54,"bodies":0,"joints":0,"physics_ns":0,"draw_ns":0,"render_ns":0,"ui_ns":0,"commit_ns":0,"profile_ns":0,"health_ns":0,"query_wait_ms":0,"query_map_ms":0,"query_encode_ms":0,"query_copied_bytes":0}
phase-progress {"kind":"health_begin","phase":"health","frame":55,"submitted":54,"completed":54,"bodies":940,"joints":840,"physics_ns":0,"draw_ns":0,"render_ns":0,"ui_ns":0,"commit_ns":0,"profile_ns":0,"health_ns":0,"query_wait_ms":0,"query_map_ms":0,"query_encode_ms":0,"query_copied_bytes":0}
phase-progress {"kind":"health_end","phase":"health","frame":55,"submitted":54,"completed":54,"bodies":940,"joints":840,"physics_ns":0,"draw_ns":0,"render_ns":0,"ui_ns":0,"commit_ns":0,"profile_ns":0,"health_ns":324601073,"query_wait_ms":0,"query_map_ms":0,"query_encode_ms":0,"query_copied_bytes":0}
phase-progress {"kind":"phase","phase":"profile","frame":55,"submitted":54,"completed":54,"bodies":940,"joints":840,"physics_ns":326851442,"draw_ns":0,"render_ns":0,"ui_ns":0,"commit_ns":0,"profile_ns":0,"health_ns":324601073,"query_wait_ms":0,"query_map_ms":0,"query_encode_ms":0,"query_copied_bytes":0}
phase-progress {"kind":"phase","phase":"pick","frame":55,"submitted":54,"completed":54,"bodies":940,"joints":840,"physics_ns":326851442,"draw_ns":0,"render_ns":0,"ui_ns":0,"commit_ns":0,"profile_ns":8375,"health_ns":324601073,"query_wait_ms":0,"query_map_ms":0,"query_encode_ms":0,"query_copied_bytes":0}
phase-progress {"kind":"phase","phase":"draw","frame":55,"submitted":54,"completed":54,"bodies":940,"joints":840,"physics_ns":326851442,"draw_ns":0,"render_ns":0,"ui_ns":0,"commit_ns":0,"profile_ns":8375,"health_ns":324601073,"query_wait_ms":5.90000018e-05,"query_map_ms":0.00355599984,"query_encode_ms":0.0800499991,"query_copied_bytes":64}
phase-progress {"kind":"phase","phase":"render","frame":55,"submitted":55,"completed":55,"bodies":940,"joints":840,"physics_ns":326851442,"draw_ns":168450,"render_ns":0,"ui_ns":0,"commit_ns":0,"profile_ns":8375,"health_ns":324601073,"query_wait_ms":5.90000018e-05,"query_map_ms":0.00355599984,"query_encode_ms":0.0800499991,"query_copied_bytes":64}
phase-progress {"kind":"phase","phase":"ui","frame":55,"submitted":55,"completed":55,"bodies":940,"joints":840,"physics_ns":326851442,"draw_ns":168450,"render_ns":250954952,"ui_ns":0,"commit_ns":0,"profile_ns":8375,"health_ns":324601073,"query_wait_ms":5.90000018e-05,"query_map_ms":0.00355599984,"query_encode_ms":0.0800499991,"query_copied_bytes":64}
phase-progress {"kind":"phase","phase":"commit","frame":55,"submitted":55,"completed":55,"bodies":940,"joints":840,"physics_ns":326851442,"draw_ns":168450,"render_ns":250954952,"ui_ns":87113,"commit_ns":0,"profile_ns":8375,"health_ns":324601073,"query_wait_ms":5.90000018e-05,"query_map_ms":0.00355599984,"query_encode_ms":0.0800499991,"query_copied_bytes":64}
phase-progress {"kind":"phase","phase":"limiter","frame":55,"submitted":55,"completed":55,"bodies":940,"joints":840,"physics_ns":326851442,"draw_ns":168450,"render_ns":250954952,"ui_ns":87113,"commit_ns":15457,"profile_ns":8375,"health_ns":324601073,"query_wait_ms":5.90000018e-05,"query_map_ms":0.00355599984,"query_encode_ms":0.0800499991,"query_copied_bytes":64}
phase-progress {"kind":"phase","phase":"end","frame":55,"submitted":55,"completed":55,"bodies":940,"joints":840,"physics_ns":326851442,"draw_ns":168450,"render_ns":250954952,"ui_ns":87113,"commit_ns":15457,"profile_ns":8375,"health_ns":324601073,"query_wait_ms":5.90000018e-05,"query_map_ms":0.00355599984,"query_encode_ms":0.0800499991,"query_copied_bytes":64}
phase-progress {"kind":"frame","phase":"end","frame":55,"submitted":55,"completed":55,"bodies":940,"joints":840,"physics_ns":326851442,"draw_ns":168450,"render_ns":250954952,"ui_ns":87113,"commit_ns":15457,"profile_ns":8375,"health_ns":324601073,"query_wait_ms":5.90000018e-05,"query_map_ms":0.00355599984,"query_encode_ms":0.0800499991,"query_copied_bytes":64}
phase-progress {"kind":"phase","phase":"setters","frame":56,"submitted":55,"completed":55,"bodies":0,"joints":0,"physics_ns":0,"draw_ns":0,"render_ns":0,"ui_ns":0,"commit_ns":0,"profile_ns":0,"health_ns":0,"query_wait_ms":0,"query_map_ms":0,"query_encode_ms":0,"query_copied_bytes":0}
phase-progress {"kind":"phase","phase":"physics","frame":56,"submitted":55,"completed":55,"bodies":0,"joints":0,"physics_ns":0,"draw_ns":0,"render_ns":0,"ui_ns":0,"commit_ns":0,"profile_ns":0,"health_ns":0,"query_wait_ms":0,"query_map_ms":0,"query_encode_ms":0,"query_copied_bytes":0}
phase-progress {"kind":"health_begin","phase":"health","frame":56,"submitted":55,"completed":55,"bodies":940,"joints":840,"physics_ns":0,"draw_ns":0,"render_ns":0,"ui_ns":0,"commit_ns":0,"profile_ns":0,"health_ns":0,"query_wait_ms":0,"query_map_ms":0,"query_encode_ms":0,"query_copied_bytes":0}
phase-progress {"kind":"health_end","phase":"health","frame":56,"submitted":55,"completed":55,"bodies":940,"joints":840,"physics_ns":0,"draw_ns":0,"render_ns":0,"ui_ns":0,"commit_ns":0,"profile_ns":0,"health_ns":320658532,"query_wait_ms":0,"query_map_ms":0,"query_encode_ms":0,"query_copied_bytes":0}
phase-progress {"kind":"phase","phase":"profile","frame":56,"submitted":55,"completed":55,"bodies":940,"joints":840,"physics_ns":322894788,"draw_ns":0,"render_ns":0,"ui_ns":0,"commit_ns":0,"profile_ns":0,"health_ns":320658532,"query_wait_ms":0,"query_map_ms":0,"query_encode_ms":0,"query_copied_bytes":0}
phase-progress {"kind":"phase","phase":"pick","frame":56,"submitted":55,"completed":55,"bodies":940,"joints":840,"physics_ns":322894788,"draw_ns":0,"render_ns":0,"ui_ns":0,"commit_ns":0,"profile_ns":7830,"health_ns":320658532,"query_wait_ms":0,"query_map_ms":0,"query_encode_ms":0,"query_copied_bytes":0}
phase-progress {"kind":"phase","phase":"draw","frame":56,"submitted":55,"completed":55,"bodies":940,"joints":840,"physics_ns":322894788,"draw_ns":0,"render_ns":0,"ui_ns":0,"commit_ns":0,"profile_ns":7830,"health_ns":320658532,"query_wait_ms":5.90000018e-05,"query_map_ms":0.00311699999,"query_encode_ms":0.0791999996,"query_copied_bytes":64}
phase-progress {"kind":"phase","phase":"render","frame":56,"submitted":56,"completed":56,"bodies":940,"joints":840,"physics_ns":322894788,"draw_ns":167923,"render_ns":0,"ui_ns":0,"commit_ns":0,"profile_ns":7830,"health_ns":320658532,"query_wait_ms":5.90000018e-05,"query_map_ms":0.00311699999,"query_encode_ms":0.0791999996,"query_copied_bytes":64}
phase-progress {"kind":"phase","phase":"ui","frame":56,"submitted":56,"completed":56,"bodies":940,"joints":840,"physics_ns":322894788,"draw_ns":167923,"render_ns":235445501,"ui_ns":0,"commit_ns":0,"profile_ns":7830,"health_ns":320658532,"query_wait_ms":5.90000018e-05,"query_map_ms":0.00311699999,"query_encode_ms":0.0791999996,"query_copied_bytes":64}
phase-progress {"kind":"phase","phase":"commit","frame":56,"submitted":56,"completed":56,"bodies":940,"joints":840,"physics_ns":322894788,"draw_ns":167923,"render_ns":235445501,"ui_ns":88445,"commit_ns":0,"profile_ns":7830,"health_ns":320658532,"query_wait_ms":5.90000018e-05,"query_map_ms":0.00311699999,"query_encode_ms":0.0791999996,"query_copied_bytes":64}
phase-progress {"kind":"phase","phase":"limiter","frame":56,"submitted":56,"completed":56,"bodies":940,"joints":840,"physics_ns":322894788,"draw_ns":167923,"render_ns":235445501,"ui_ns":88445,"commit_ns":15389,"profile_ns":7830,"health_ns":320658532,"query_wait_ms":5.90000018e-05,"query_map_ms":0.00311699999,"query_encode_ms":0.0791999996,"query_copied_bytes":64}
phase-progress {"kind":"phase","phase":"end","frame":56,"submitted":56,"completed":56,"bodies":940,"joints":840,"physics_ns":322894788,"draw_ns":167923,"render_ns":235445501,"ui_ns":88445,"commit_ns":15389,"profile_ns":7830,"health_ns":320658532,"query_wait_ms":5.90000018e-05,"query_map_ms":0.00311699999,"query_encode_ms":0.0791999996,"query_copied_bytes":64}
phase-progress {"kind":"frame","phase":"end","frame":56,"submitted":56,"completed":56,"bodies":940,"joints":840,"physics_ns":322894788,"draw_ns":167923,"render_ns":235445501,"ui_ns":88445,"commit_ns":15389,"profile_ns":7830,"health_ns":320658532,"query_wait_ms":5.90000018e-05,"query_map_ms":0.00311699999,"query_encode_ms":0.0791999996,"query_copied_bytes":64}
phase-progress {"kind":"phase","phase":"setters","frame":57,"submitted":56,"completed":56,"bodies":0,"joints":0,"physics_ns":0,"draw_ns":0,"render_ns":0,"ui_ns":0,"commit_ns":0,"profile_ns":0,"health_ns":0,"query_wait_ms":0,"query_map_ms":0,"query_encode_ms":0,"query_copied_bytes":0}
phase-progress {"kind":"phase","phase":"physics","frame":57,"submitted":56,"completed":56,"bodies":0,"joints":0,"physics_ns":0,"draw_ns":0,"render_ns":0,"ui_ns":0,"commit_ns":0,"profile_ns":0,"health_ns":0,"query_wait_ms":0,"query_map_ms":0,"query_encode_ms":0,"query_copied_bytes":0}
phase-progress {"kind":"health_begin","phase":"health","frame":57,"submitted":56,"completed":56,"bodies":940,"joints":840,"physics_ns":0,"draw_ns":0,"render_ns":0,"ui_ns":0,"commit_ns":0,"profile_ns":0,"health_ns":0,"query_wait_ms":0,"query_map_ms":0,"query_encode_ms":0,"query_copied_bytes":0}
phase-progress {"kind":"health_end","phase":"health","frame":57,"submitted":56,"completed":56,"bodies":940,"joints":840,"physics_ns":0,"draw_ns":0,"render_ns":0,"ui_ns":0,"commit_ns":0,"profile_ns":0,"health_ns":337716613,"query_wait_ms":0,"query_map_ms":0,"query_encode_ms":0,"query_copied_bytes":0}
phase-progress {"kind":"phase","phase":"profile","frame":57,"submitted":56,"completed":56,"bodies":940,"joints":840,"physics_ns":339835136,"draw_ns":0,"render_ns":0,"ui_ns":0,"commit_ns":0,"profile_ns":0,"health_ns":337716613,"query_wait_ms":0,"query_map_ms":0,"query_encode_ms":0,"query_copied_bytes":0}
phase-progress {"kind":"phase","phase":"pick","frame":57,"submitted":56,"completed":56,"bodies":940,"joints":840,"physics_ns":339835136,"draw_ns":0,"render_ns":0,"ui_ns":0,"commit_ns":0,"profile_ns":8104,"health_ns":337716613,"query_wait_ms":0,"query_map_ms":0,"query_encode_ms":0,"query_copied_bytes":0}
phase-progress {"kind":"phase","phase":"draw","frame":57,"submitted":56,"completed":56,"bodies":940,"joints":840,"physics_ns":339835136,"draw_ns":0,"render_ns":0,"ui_ns":0,"commit_ns":0,"profile_ns":8104,"health_ns":337716613,"query_wait_ms":5.99999985e-05,"query_map_ms":0.00317699998,"query_encode_ms":0.0771040022,"query_copied_bytes":64}
phase-progress {"kind":"phase","phase":"render","frame":57,"submitted":57,"completed":57,"bodies":940,"joints":840,"physics_ns":339835136,"draw_ns":168374,"render_ns":0,"ui_ns":0,"commit_ns":0,"profile_ns":8104,"health_ns":337716613,"query_wait_ms":5.99999985e-05,"query_map_ms":0.00317699998,"query_encode_ms":0.0771040022,"query_copied_bytes":64}
phase-progress {"kind":"phase","phase":"ui","frame":57,"submitted":57,"completed":57,"bodies":940,"joints":840,"physics_ns":339835136,"draw_ns":168374,"render_ns":256355284,"ui_ns":0,"commit_ns":0,"profile_ns":8104,"health_ns":337716613,"query_wait_ms":5.99999985e-05,"query_map_ms":0.00317699998,"query_encode_ms":0.0771040022,"query_copied_bytes":64}
phase-progress {"kind":"phase","phase":"commit","frame":57,"submitted":57,"completed":57,"bodies":940,"joints":840,"physics_ns":339835136,"draw_ns":168374,"render_ns":256355284,"ui_ns":88702,"commit_ns":0,"profile_ns":8104,"health_ns":337716613,"query_wait_ms":5.99999985e-05,"query_map_ms":0.00317699998,"query_encode_ms":0.0771040022,"query_copied_bytes":64}
phase-progress {"kind":"phase","phase":"limiter","frame":57,"submitted":57,"completed":57,"bodies":940,"joints":840,"physics_ns":339835136,"draw_ns":168374,"render_ns":256355284,"ui_ns":88702,"commit_ns":15576,"profile_ns":8104,"health_ns":337716613,"query_wait_ms":5.99999985e-05,"query_map_ms":0.00317699998,"query_encode_ms":0.0771040022,"query_copied_bytes":64}
phase-progress {"kind":"phase","phase":"end","frame":57,"submitted":57,"completed":57,"bodies":940,"joints":840,"physics_ns":339835136,"draw_ns":168374,"render_ns":256355284,"ui_ns":88702,"commit_ns":15576,"profile_ns":8104,"health_ns":337716613,"query_wait_ms":5.99999985e-05,"query_map_ms":0.00317699998,"query_encode_ms":0.0771040022,"query_copied_bytes":64}
phase-progress {"kind":"frame","phase":"end","frame":57,"submitted":57,"completed":57,"bodies":940,"joints":840,"physics_ns":339835136,"draw_ns":168374,"render_ns":256355284,"ui_ns":88702,"commit_ns":15576,"profile_ns":8104,"health_ns":337716613,"query_wait_ms":5.99999985e-05,"query_map_ms":0.00317699998,"query_encode_ms":0.0771040022,"query_copied_bytes":64}
phase-progress {"kind":"phase","phase":"setters","frame":58,"submitted":57,"completed":57,"bodies":0,"joints":0,"physics_ns":0,"draw_ns":0,"render_ns":0,"ui_ns":0,"commit_ns":0,"profile_ns":0,"health_ns":0,"query_wait_ms":0,"query_map_ms":0,"query_encode_ms":0,"query_copied_bytes":0}
phase-progress {"kind":"phase","phase":"physics","frame":58,"submitted":57,"completed":57,"bodies":0,"joints":0,"physics_ns":0,"draw_ns":0,"render_ns":0,"ui_ns":0,"commit_ns":0,"profile_ns":0,"health_ns":0,"query_wait_ms":0,"query_map_ms":0,"query_encode_ms":0,"query_copied_bytes":0}
phase-progress {"kind":"health_begin","phase":"health","frame":58,"submitted":57,"completed":57,"bodies":940,"joints":840,"physics_ns":0,"draw_ns":0,"render_ns":0,"ui_ns":0,"commit_ns":0,"profile_ns":0,"health_ns":0,"query_wait_ms":0,"query_map_ms":0,"query_encode_ms":0,"query_copied_bytes":0}
phase-progress {"kind":"health_end","phase":"health","frame":58,"submitted":57,"completed":57,"bodies":940,"joints":840,"physics_ns":0,"draw_ns":0,"render_ns":0,"ui_ns":0,"commit_ns":0,"profile_ns":0,"health_ns":383930048,"query_wait_ms":0,"query_map_ms":0,"query_encode_ms":0,"query_copied_bytes":0}
phase-progress {"kind":"phase","phase":"profile","frame":58,"submitted":57,"completed":57,"bodies":940,"joints":840,"physics_ns":387159273,"draw_ns":0,"render_ns":0,"ui_ns":0,"commit_ns":0,"profile_ns":0,"health_ns":383930048,"query_wait_ms":0,"query_map_ms":0,"query_encode_ms":0,"query_copied_bytes":0}
phase-progress {"kind":"phase","phase":"pick","frame":58,"submitted":57,"completed":57,"bodies":940,"joints":840,"physics_ns":387159273,"draw_ns":0,"render_ns":0,"ui_ns":0,"commit_ns":0,"profile_ns":8353,"health_ns":383930048,"query_wait_ms":0,"query_map_ms":0,"query_encode_ms":0,"query_copied_bytes":0}
phase-progress {"kind":"phase","phase":"draw","frame":58,"submitted":57,"completed":57,"bodies":940,"joints":840,"physics_ns":387159273,"draw_ns":0,"render_ns":0,"ui_ns":0,"commit_ns":0,"profile_ns":8353,"health_ns":383930048,"query_wait_ms":5.60000008e-05,"query_map_ms":0.00298100011,"query_encode_ms":0.0779130012,"query_copied_bytes":64}
phase-progress {"kind":"phase","phase":"render","frame":58,"submitted":58,"completed":58,"bodies":940,"joints":840,"physics_ns":387159273,"draw_ns":176164,"render_ns":0,"ui_ns":0,"commit_ns":0,"profile_ns":8353,"health_ns":383930048,"query_wait_ms":5.60000008e-05,"query_map_ms":0.00298100011,"query_encode_ms":0.0779130012,"query_copied_bytes":64}
phase-progress {"kind":"phase","phase":"ui","frame":58,"submitted":58,"completed":58,"bodies":940,"joints":840,"physics_ns":387159273,"draw_ns":176164,"render_ns":253232897,"ui_ns":0,"commit_ns":0,"profile_ns":8353,"health_ns":383930048,"query_wait_ms":5.60000008e-05,"query_map_ms":0.00298100011,"query_encode_ms":0.0779130012,"query_copied_bytes":64}
phase-progress {"kind":"phase","phase":"commit","frame":58,"submitted":58,"completed":58,"bodies":940,"joints":840,"physics_ns":387159273,"draw_ns":176164,"render_ns":253232897,"ui_ns":90260,"commit_ns":0,"profile_ns":8353,"health_ns":383930048,"query_wait_ms":5.60000008e-05,"query_map_ms":0.00298100011,"query_encode_ms":0.0779130012,"query_copied_bytes":64}
phase-progress {"kind":"phase","phase":"limiter","frame":58,"submitted":58,"completed":58,"bodies":940,"joints":840,"physics_ns":387159273,"draw_ns":176164,"render_ns":253232897,"ui_ns":90260,"commit_ns":16127,"profile_ns":8353,"health_ns":383930048,"query_wait_ms":5.60000008e-05,"query_map_ms":0.00298100011,"query_encode_ms":0.0779130012,"query_copied_bytes":64}
phase-progress {"kind":"phase","phase":"end","frame":58,"submitted":58,"completed":58,"bodies":940,"joints":840,"physics_ns":387159273,"draw_ns":176164,"render_ns":253232897,"ui_ns":90260,"commit_ns":16127,"profile_ns":8353,"health_ns":383930048,"query_wait_ms":5.60000008e-05,"query_map_ms":0.00298100011,"query_encode_ms":0.0779130012,"query_copied_bytes":64}
phase-progress {"kind":"frame","phase":"end","frame":58,"submitted":58,"completed":58,"bodies":940,"joints":840,"physics_ns":387159273,"draw_ns":176164,"render_ns":253232897,"ui_ns":90260,"commit_ns":16127,"profile_ns":8353,"health_ns":383930048,"query_wait_ms":5.60000008e-05,"query_map_ms":0.00298100011,"query_encode_ms":0.0779130012,"query_copied_bytes":64}
phase-progress {"kind":"phase","phase":"setters","frame":59,"submitted":58,"completed":58,"bodies":0,"joints":0,"physics_ns":0,"draw_ns":0,"render_ns":0,"ui_ns":0,"commit_ns":0,"profile_ns":0,"health_ns":0,"query_wait_ms":0,"query_map_ms":0,"query_encode_ms":0,"query_copied_bytes":0}
phase-progress {"kind":"phase","phase":"physics","frame":59,"submitted":58,"completed":58,"bodies":0,"joints":0,"physics_ns":0,"draw_ns":0,"render_ns":0,"ui_ns":0,"commit_ns":0,"profile_ns":0,"health_ns":0,"query_wait_ms":0,"query_map_ms":0,"query_encode_ms":0,"query_copied_bytes":0}
phase-progress {"kind":"health_begin","phase":"health","frame":59,"submitted":58,"completed":58,"bodies":940,"joints":840,"physics_ns":0,"draw_ns":0,"render_ns":0,"ui_ns":0,"commit_ns":0,"profile_ns":0,"health_ns":0,"query_wait_ms":0,"query_map_ms":0,"query_encode_ms":0,"query_copied_bytes":0}
phase-progress {"kind":"health_end","phase":"health","frame":59,"submitted":58,"completed":58,"bodies":940,"joints":840,"physics_ns":0,"draw_ns":0,"render_ns":0,"ui_ns":0,"commit_ns":0,"profile_ns":0,"health_ns":374796534,"query_wait_ms":0,"query_map_ms":0,"query_encode_ms":0,"query_copied_bytes":0}
phase-progress {"kind":"phase","phase":"profile","frame":59,"submitted":58,"completed":58,"bodies":940,"joints":840,"physics_ns":377081162,"draw_ns":0,"render_ns":0,"ui_ns":0,"commit_ns":0,"profile_ns":0,"health_ns":374796534,"query_wait_ms":0,"query_map_ms":0,"query_encode_ms":0,"query_copied_bytes":0}
phase-progress {"kind":"phase","phase":"pick","frame":59,"submitted":58,"completed":58,"bodies":940,"joints":840,"physics_ns":377081162,"draw_ns":0,"render_ns":0,"ui_ns":0,"commit_ns":0,"profile_ns":8492,"health_ns":374796534,"query_wait_ms":0,"query_map_ms":0,"query_encode_ms":0,"query_copied_bytes":0}
phase-progress {"kind":"phase","phase":"draw","frame":59,"submitted":58,"completed":58,"bodies":940,"joints":840,"physics_ns":377081162,"draw_ns":0,"render_ns":0,"ui_ns":0,"commit_ns":0,"profile_ns":8492,"health_ns":374796534,"query_wait_ms":7.59999966e-05,"query_map_ms":0.00305199996,"query_encode_ms":0.0828789994,"query_copied_bytes":64}
phase-progress {"kind":"phase","phase":"render","frame":59,"submitted":59,"completed":59,"bodies":940,"joints":840,"physics_ns":377081162,"draw_ns":171586,"render_ns":0,"ui_ns":0,"commit_ns":0,"profile_ns":8492,"health_ns":374796534,"query_wait_ms":7.59999966e-05,"query_map_ms":0.00305199996,"query_encode_ms":0.0828789994,"query_copied_bytes":64}
phase-progress {"kind":"phase","phase":"ui","frame":59,"submitted":59,"completed":59,"bodies":940,"joints":840,"physics_ns":377081162,"draw_ns":171586,"render_ns":261842737,"ui_ns":0,"commit_ns":0,"profile_ns":8492,"health_ns":374796534,"query_wait_ms":7.59999966e-05,"query_map_ms":0.00305199996,"query_encode_ms":0.0828789994,"query_copied_bytes":64}
phase-progress {"kind":"phase","phase":"commit","frame":59,"submitted":59,"completed":59,"bodies":940,"joints":840,"physics_ns":377081162,"draw_ns":171586,"render_ns":261842737,"ui_ns":95685,"commit_ns":0,"profile_ns":8492,"health_ns":374796534,"query_wait_ms":7.59999966e-05,"query_map_ms":0.00305199996,"query_encode_ms":0.0828789994,"query_copied_bytes":64}
phase-progress {"kind":"phase","phase":"limiter","frame":59,"submitted":59,"completed":59,"bodies":940,"joints":840,"physics_ns":377081162,"draw_ns":171586,"render_ns":261842737,"ui_ns":95685,"commit_ns":21587,"profile_ns":8492,"health_ns":374796534,"query_wait_ms":7.59999966e-05,"query_map_ms":0.00305199996,"query_encode_ms":0.0828789994,"query_copied_bytes":64}
phase-progress {"kind":"phase","phase":"end","frame":59,"submitted":59,"completed":59,"bodies":940,"joints":840,"physics_ns":377081162,"draw_ns":171586,"render_ns":261842737,"ui_ns":95685,"commit_ns":21587,"profile_ns":8492,"health_ns":374796534,"query_wait_ms":7.59999966e-05,"query_map_ms":0.00305199996,"query_encode_ms":0.0828789994,"query_copied_bytes":64}
phase-progress {"kind":"frame","phase":"end","frame":59,"submitted":59,"completed":59,"bodies":940,"joints":840,"physics_ns":377081162,"draw_ns":171586,"render_ns":261842737,"ui_ns":95685,"commit_ns":21587,"profile_ns":8492,"health_ns":374796534,"query_wait_ms":7.59999966e-05,"query_map_ms":0.00305199996,"query_encode_ms":0.0828789994,"query_copied_bytes":64}
phase-progress {"kind":"phase","phase":"setters","frame":60,"submitted":59,"completed":59,"bodies":0,"joints":0,"physics_ns":0,"draw_ns":0,"render_ns":0,"ui_ns":0,"commit_ns":0,"profile_ns":0,"health_ns":0,"query_wait_ms":0,"query_map_ms":0,"query_encode_ms":0,"query_copied_bytes":0}
phase-progress {"kind":"phase","phase":"physics","frame":60,"submitted":59,"completed":59,"bodies":0,"joints":0,"physics_ns":0,"draw_ns":0,"render_ns":0,"ui_ns":0,"commit_ns":0,"profile_ns":0,"health_ns":0,"query_wait_ms":0,"query_map_ms":0,"query_encode_ms":0,"query_copied_bytes":0}
phase-progress {"kind":"health_begin","phase":"health","frame":60,"submitted":59,"completed":59,"bodies":940,"joints":840,"physics_ns":0,"draw_ns":0,"render_ns":0,"ui_ns":0,"commit_ns":0,"profile_ns":0,"health_ns":0,"query_wait_ms":0,"query_map_ms":0,"query_encode_ms":0,"query_copied_bytes":0}
phase-progress {"kind":"health_end","phase":"health","frame":60,"submitted":59,"completed":59,"bodies":940,"joints":840,"physics_ns":0,"draw_ns":0,"render_ns":0,"ui_ns":0,"commit_ns":0,"profile_ns":0,"health_ns":330749880,"query_wait_ms":0,"query_map_ms":0,"query_encode_ms":0,"query_copied_bytes":0}
phase-progress {"kind":"phase","phase":"profile","frame":60,"submitted":59,"completed":59,"bodies":940,"joints":840,"physics_ns":332998143,"draw_ns":0,"render_ns":0,"ui_ns":0,"commit_ns":0,"profile_ns":0,"health_ns":330749880,"query_wait_ms":0,"query_map_ms":0,"query_encode_ms":0,"query_copied_bytes":0}
phase-progress {"kind":"phase","phase":"pick","frame":60,"submitted":59,"completed":59,"bodies":940,"joints":840,"physics_ns":332998143,"draw_ns":0,"render_ns":0,"ui_ns":0,"commit_ns":0,"profile_ns":8275,"health_ns":330749880,"query_wait_ms":0,"query_map_ms":0,"query_encode_ms":0,"query_copied_bytes":0}
phase-progress {"kind":"phase","phase":"draw","frame":60,"submitted":59,"completed":59,"bodies":940,"joints":840,"physics_ns":332998143,"draw_ns":0,"render_ns":0,"ui_ns":0,"commit_ns":0,"profile_ns":8275,"health_ns":330749880,"query_wait_ms":6.29999995e-05,"query_map_ms":0.00323499995,"query_encode_ms":0.0817909986,"query_copied_bytes":64}
phase-progress {"kind":"phase","phase":"render","frame":60,"submitted":60,"completed":60,"bodies":940,"joints":840,"physics_ns":332998143,"draw_ns":171907,"render_ns":0,"ui_ns":0,"commit_ns":0,"profile_ns":8275,"health_ns":330749880,"query_wait_ms":6.29999995e-05,"query_map_ms":0.00323499995,"query_encode_ms":0.0817909986,"query_copied_bytes":64}
phase-progress {"kind":"phase","phase":"ui","frame":60,"submitted":60,"completed":60,"bodies":940,"joints":840,"physics_ns":332998143,"draw_ns":171907,"render_ns":236763342,"ui_ns":0,"commit_ns":0,"profile_ns":8275,"health_ns":330749880,"query_wait_ms":6.29999995e-05,"query_map_ms":0.00323499995,"query_encode_ms":0.0817909986,"query_copied_bytes":64}
phase-progress {"kind":"phase","phase":"commit","frame":60,"submitted":60,"completed":60,"bodies":940,"joints":840,"physics_ns":332998143,"draw_ns":171907,"render_ns":236763342,"ui_ns":92632,"commit_ns":0,"profile_ns":8275,"health_ns":330749880,"query_wait_ms":6.29999995e-05,"query_map_ms":0.00323499995,"query_encode_ms":0.0817909986,"query_copied_bytes":64}
phase-progress {"kind":"phase","phase":"limiter","frame":60,"submitted":60,"completed":60,"bodies":940,"joints":840,"physics_ns":332998143,"draw_ns":171907,"render_ns":236763342,"ui_ns":92632,"commit_ns":15519,"profile_ns":8275,"health_ns":330749880,"query_wait_ms":6.29999995e-05,"query_map_ms":0.00323499995,"query_encode_ms":0.0817909986,"query_copied_bytes":64}
phase-progress {"kind":"phase","phase":"end","frame":60,"submitted":60,"completed":60,"bodies":940,"joints":840,"physics_ns":332998143,"draw_ns":171907,"render_ns":236763342,"ui_ns":92632,"commit_ns":15519,"profile_ns":8275,"health_ns":330749880,"query_wait_ms":6.29999995e-05,"query_map_ms":0.00323499995,"query_encode_ms":0.0817909986,"query_copied_bytes":64}
phase-progress {"kind":"frame","phase":"end","frame":60,"submitted":60,"completed":60,"bodies":940,"joints":840,"physics_ns":332998143,"draw_ns":171907,"render_ns":236763342,"ui_ns":92632,"commit_ns":15519,"profile_ns":8275,"health_ns":330749880,"query_wait_ms":6.29999995e-05,"query_map_ms":0.00323499995,"query_encode_ms":0.0817909986,"query_copied_bytes":64}
phase-progress {"kind":"phase","phase":"setters","frame":61,"submitted":60,"completed":60,"bodies":0,"joints":0,"physics_ns":0,"draw_ns":0,"render_ns":0,"ui_ns":0,"commit_ns":0,"profile_ns":0,"health_ns":0,"query_wait_ms":0,"query_map_ms":0,"query_encode_ms":0,"query_copied_bytes":0}
phase-progress {"kind":"phase","phase":"physics","frame":61,"submitted":60,"completed":60,"bodies":0,"joints":0,"physics_ns":0,"draw_ns":0,"render_ns":0,"ui_ns":0,"commit_ns":0,"profile_ns":0,"health_ns":0,"query_wait_ms":0,"query_map_ms":0,"query_encode_ms":0,"query_copied_bytes":0}
phase-progress {"kind":"health_begin","phase":"health","frame":61,"submitted":60,"completed":60,"bodies":940,"joints":840,"physics_ns":0,"draw_ns":0,"render_ns":0,"ui_ns":0,"commit_ns":0,"profile_ns":0,"health_ns":0,"query_wait_ms":0,"query_map_ms":0,"query_encode_ms":0,"query_copied_bytes":0}
phase-progress {"kind":"health_end","phase":"health","frame":61,"submitted":60,"completed":60,"bodies":940,"joints":840,"physics_ns":0,"draw_ns":0,"render_ns":0,"ui_ns":0,"commit_ns":0,"profile_ns":0,"health_ns":392704979,"query_wait_ms":0,"query_map_ms":0,"query_encode_ms":0,"query_copied_bytes":0}
phase-progress {"kind":"phase","phase":"profile","frame":61,"submitted":60,"completed":60,"bodies":940,"joints":840,"physics_ns":394988131,"draw_ns":0,"render_ns":0,"ui_ns":0,"commit_ns":0,"profile_ns":0,"health_ns":392704979,"query_wait_ms":0,"query_map_ms":0,"query_encode_ms":0,"query_copied_bytes":0}
phase-progress {"kind":"phase","phase":"pick","frame":61,"submitted":60,"completed":60,"bodies":940,"joints":840,"physics_ns":394988131,"draw_ns":0,"render_ns":0,"ui_ns":0,"commit_ns":0,"profile_ns":8414,"health_ns":392704979,"query_wait_ms":0,"query_map_ms":0,"query_encode_ms":0,"query_copied_bytes":0}
phase-progress {"kind":"phase","phase":"draw","frame":61,"submitted":60,"completed":60,"bodies":940,"joints":840,"physics_ns":394988131,"draw_ns":0,"render_ns":0,"ui_ns":0,"commit_ns":0,"profile_ns":8414,"health_ns":392704979,"query_wait_ms":5.00000024e-05,"query_map_ms":0.00319500011,"query_encode_ms":0.0808880031,"query_copied_bytes":64}
phase-progress {"kind":"phase","phase":"render","frame":61,"submitted":61,"completed":61,"bodies":940,"joints":840,"physics_ns":394988131,"draw_ns":169252,"render_ns":0,"ui_ns":0,"commit_ns":0,"profile_ns":8414,"health_ns":392704979,"query_wait_ms":5.00000024e-05,"query_map_ms":0.00319500011,"query_encode_ms":0.0808880031,"query_copied_bytes":64}
phase-progress {"kind":"phase","phase":"ui","frame":61,"submitted":61,"completed":61,"bodies":940,"joints":840,"physics_ns":394988131,"draw_ns":169252,"render_ns":249200563,"ui_ns":0,"commit_ns":0,"profile_ns":8414,"health_ns":392704979,"query_wait_ms":5.00000024e-05,"query_map_ms":0.00319500011,"query_encode_ms":0.0808880031,"query_copied_bytes":64}
phase-progress {"kind":"phase","phase":"commit","frame":61,"submitted":61,"completed":61,"bodies":940,"joints":840,"physics_ns":394988131,"draw_ns":169252,"render_ns":249200563,"ui_ns":89213,"commit_ns":0,"profile_ns":8414,"health_ns":392704979,"query_wait_ms":5.00000024e-05,"query_map_ms":0.00319500011,"query_encode_ms":0.0808880031,"query_copied_bytes":64}
phase-progress {"kind":"phase","phase":"limiter","frame":61,"submitted":61,"completed":61,"bodies":940,"joints":840,"physics_ns":394988131,"draw_ns":169252,"render_ns":249200563,"ui_ns":89213,"commit_ns":15266,"profile_ns":8414,"health_ns":392704979,"query_wait_ms":5.00000024e-05,"query_map_ms":0.00319500011,"query_encode_ms":0.0808880031,"query_copied_bytes":64}
phase-progress {"kind":"phase","phase":"end","frame":61,"submitted":61,"completed":61,"bodies":940,"joints":840,"physics_ns":394988131,"draw_ns":169252,"render_ns":249200563,"ui_ns":89213,"commit_ns":15266,"profile_ns":8414,"health_ns":392704979,"query_wait_ms":5.00000024e-05,"query_map_ms":0.00319500011,"query_encode_ms":0.0808880031,"query_copied_bytes":64}
phase-progress {"kind":"frame","phase":"end","frame":61,"submitted":61,"completed":61,"bodies":940,"joints":840,"physics_ns":394988131,"draw_ns":169252,"render_ns":249200563,"ui_ns":89213,"commit_ns":15266,"profile_ns":8414,"health_ns":392704979,"query_wait_ms":5.00000024e-05,"query_map_ms":0.00319500011,"query_encode_ms":0.0808880031,"query_copied_bytes":64}
phase-progress {"kind":"phase","phase":"setters","frame":62,"submitted":61,"completed":61,"bodies":0,"joints":0,"physics_ns":0,"draw_ns":0,"render_ns":0,"ui_ns":0,"commit_ns":0,"profile_ns":0,"health_ns":0,"query_wait_ms":0,"query_map_ms":0,"query_encode_ms":0,"query_copied_bytes":0}
phase-progress {"kind":"phase","phase":"physics","frame":62,"submitted":61,"completed":61,"bodies":0,"joints":0,"physics_ns":0,"draw_ns":0,"render_ns":0,"ui_ns":0,"commit_ns":0,"profile_ns":0,"health_ns":0,"query_wait_ms":0,"query_map_ms":0,"query_encode_ms":0,"query_copied_bytes":0}
phase-progress {"kind":"health_begin","phase":"health","frame":62,"submitted":61,"completed":61,"bodies":940,"joints":840,"physics_ns":0,"draw_ns":0,"render_ns":0,"ui_ns":0,"commit_ns":0,"profile_ns":0,"health_ns":0,"query_wait_ms":0,"query_map_ms":0,"query_encode_ms":0,"query_copied_bytes":0}
phase-progress {"kind":"health_end","phase":"health","frame":62,"submitted":61,"completed":61,"bodies":940,"joints":840,"physics_ns":0,"draw_ns":0,"render_ns":0,"ui_ns":0,"commit_ns":0,"profile_ns":0,"health_ns":348943981,"query_wait_ms":0,"query_map_ms":0,"query_encode_ms":0,"query_copied_bytes":0}
phase-progress {"kind":"phase","phase":"profile","frame":62,"submitted":61,"completed":61,"bodies":940,"joints":840,"physics_ns":351165140,"draw_ns":0,"render_ns":0,"ui_ns":0,"commit_ns":0,"profile_ns":0,"health_ns":348943981,"query_wait_ms":0,"query_map_ms":0,"query_encode_ms":0,"query_copied_bytes":0}
phase-progress {"kind":"phase","phase":"pick","frame":62,"submitted":61,"completed":61,"bodies":940,"joints":840,"physics_ns":351165140,"draw_ns":0,"render_ns":0,"ui_ns":0,"commit_ns":0,"profile_ns":8444,"health_ns":348943981,"query_wait_ms":0,"query_map_ms":0,"query_encode_ms":0,"query_copied_bytes":0}
phase-progress {"kind":"phase","phase":"draw","frame":62,"submitted":61,"completed":61,"bodies":940,"joints":840,"physics_ns":351165140,"draw_ns":0,"render_ns":0,"ui_ns":0,"commit_ns":0,"profile_ns":8444,"health_ns":348943981,"query_wait_ms":6.70000009e-05,"query_map_ms":0.00320799998,"query_encode_ms":0.0782089978,"query_copied_bytes":64}
phase-progress {"kind":"phase","phase":"render","frame":62,"submitted":62,"completed":62,"bodies":940,"joints":840,"physics_ns":351165140,"draw_ns":169644,"render_ns":0,"ui_ns":0,"commit_ns":0,"profile_ns":8444,"health_ns":348943981,"query_wait_ms":6.70000009e-05,"query_map_ms":0.00320799998,"query_encode_ms":0.0782089978,"query_copied_bytes":64}
phase-progress {"kind":"phase","phase":"ui","frame":62,"submitted":62,"completed":62,"bodies":940,"joints":840,"physics_ns":351165140,"draw_ns":169644,"render_ns":255600870,"ui_ns":0,"commit_ns":0,"profile_ns":8444,"health_ns":348943981,"query_wait_ms":6.70000009e-05,"query_map_ms":0.00320799998,"query_encode_ms":0.0782089978,"query_copied_bytes":64}
phase-progress {"kind":"phase","phase":"commit","frame":62,"submitted":62,"completed":62,"bodies":940,"joints":840,"physics_ns":351165140,"draw_ns":169644,"render_ns":255600870,"ui_ns":87117,"commit_ns":0,"profile_ns":8444,"health_ns":348943981,"query_wait_ms":6.70000009e-05,"query_map_ms":0.00320799998,"query_encode_ms":0.0782089978,"query_copied_bytes":64}
phase-progress {"kind":"phase","phase":"limiter","frame":62,"submitted":62,"completed":62,"bodies":940,"joints":840,"physics_ns":351165140,"draw_ns":169644,"render_ns":255600870,"ui_ns":87117,"commit_ns":15523,"profile_ns":8444,"health_ns":348943981,"query_wait_ms":6.70000009e-05,"query_map_ms":0.00320799998,"query_encode_ms":0.0782089978,"query_copied_bytes":64}
phase-progress {"kind":"phase","phase":"end","frame":62,"submitted":62,"completed":62,"bodies":940,"joints":840,"physics_ns":351165140,"draw_ns":169644,"render_ns":255600870,"ui_ns":87117,"commit_ns":15523,"profile_ns":8444,"health_ns":348943981,"query_wait_ms":6.70000009e-05,"query_map_ms":0.00320799998,"query_encode_ms":0.0782089978,"query_copied_bytes":64}
phase-progress {"kind":"frame","phase":"end","frame":62,"submitted":62,"completed":62,"bodies":940,"joints":840,"physics_ns":351165140,"draw_ns":169644,"render_ns":255600870,"ui_ns":87117,"commit_ns":15523,"profile_ns":8444,"health_ns":348943981,"query_wait_ms":6.70000009e-05,"query_map_ms":0.00320799998,"query_encode_ms":0.0782089978,"query_copied_bytes":64}
phase-progress {"kind":"phase","phase":"setters","frame":63,"submitted":62,"completed":62,"bodies":0,"joints":0,"physics_ns":0,"draw_ns":0,"render_ns":0,"ui_ns":0,"commit_ns":0,"profile_ns":0,"health_ns":0,"query_wait_ms":0,"query_map_ms":0,"query_encode_ms":0,"query_copied_bytes":0}
phase-progress {"kind":"phase","phase":"physics","frame":63,"submitted":62,"completed":62,"bodies":0,"joints":0,"physics_ns":0,"draw_ns":0,"render_ns":0,"ui_ns":0,"commit_ns":0,"profile_ns":0,"health_ns":0,"query_wait_ms":0,"query_map_ms":0,"query_encode_ms":0,"query_copied_bytes":0}
phase-progress {"kind":"health_begin","phase":"health","frame":63,"submitted":62,"completed":62,"bodies":940,"joints":840,"physics_ns":0,"draw_ns":0,"render_ns":0,"ui_ns":0,"commit_ns":0,"profile_ns":0,"health_ns":0,"query_wait_ms":0,"query_map_ms":0,"query_encode_ms":0,"query_copied_bytes":0}
phase-progress {"kind":"health_end","phase":"health","frame":63,"submitted":62,"completed":62,"bodies":940,"joints":840,"physics_ns":0,"draw_ns":0,"render_ns":0,"ui_ns":0,"commit_ns":0,"profile_ns":0,"health_ns":358485257,"query_wait_ms":0,"query_map_ms":0,"query_encode_ms":0,"query_copied_bytes":0}
phase-progress {"kind":"phase","phase":"profile","frame":63,"submitted":62,"completed":62,"bodies":940,"joints":840,"physics_ns":360724493,"draw_ns":0,"render_ns":0,"ui_ns":0,"commit_ns":0,"profile_ns":0,"health_ns":358485257,"query_wait_ms":0,"query_map_ms":0,"query_encode_ms":0,"query_copied_bytes":0}
phase-progress {"kind":"phase","phase":"pick","frame":63,"submitted":62,"completed":62,"bodies":940,"joints":840,"physics_ns":360724493,"draw_ns":0,"render_ns":0,"ui_ns":0,"commit_ns":0,"profile_ns":8147,"health_ns":358485257,"query_wait_ms":0,"query_map_ms":0,"query_encode_ms":0,"query_copied_bytes":0}
phase-progress {"kind":"phase","phase":"draw","frame":63,"submitted":62,"completed":62,"bodies":940,"joints":840,"physics_ns":360724493,"draw_ns":0,"render_ns":0,"ui_ns":0,"commit_ns":0,"profile_ns":8147,"health_ns":358485257,"query_wait_ms":0.000159999996,"query_map_ms":0.00328000006,"query_encode_ms":0.0773269981,"query_copied_bytes":64}
phase-progress {"kind":"phase","phase":"render","frame":63,"submitted":63,"completed":63,"bodies":940,"joints":840,"physics_ns":360724493,"draw_ns":177290,"render_ns":0,"ui_ns":0,"commit_ns":0,"profile_ns":8147,"health_ns":358485257,"query_wait_ms":0.000159999996,"query_map_ms":0.00328000006,"query_encode_ms":0.0773269981,"query_copied_bytes":64}
phase-progress {"kind":"phase","phase":"ui","frame":63,"submitted":63,"completed":63,"bodies":940,"joints":840,"physics_ns":360724493,"draw_ns":177290,"render_ns":255629674,"ui_ns":0,"commit_ns":0,"profile_ns":8147,"health_ns":358485257,"query_wait_ms":0.000159999996,"query_map_ms":0.00328000006,"query_encode_ms":0.0773269981,"query_copied_bytes":64}
phase-progress {"kind":"phase","phase":"commit","frame":63,"submitted":63,"completed":63,"bodies":940,"joints":840,"physics_ns":360724493,"draw_ns":177290,"render_ns":255629674,"ui_ns":112800,"commit_ns":0,"profile_ns":8147,"health_ns":358485257,"query_wait_ms":0.000159999996,"query_map_ms":0.00328000006,"query_encode_ms":0.0773269981,"query_copied_bytes":64}
phase-progress {"kind":"phase","phase":"limiter","frame":63,"submitted":63,"completed":63,"bodies":940,"joints":840,"physics_ns":360724493,"draw_ns":177290,"render_ns":255629674,"ui_ns":112800,"commit_ns":24794,"profile_ns":8147,"health_ns":358485257,"query_wait_ms":0.000159999996,"query_map_ms":0.00328000006,"query_encode_ms":0.0773269981,"query_copied_bytes":64}
phase-progress {"kind":"phase","phase":"end","frame":63,"submitted":63,"completed":63,"bodies":940,"joints":840,"physics_ns":360724493,"draw_ns":177290,"render_ns":255629674,"ui_ns":112800,"commit_ns":24794,"profile_ns":8147,"health_ns":358485257,"query_wait_ms":0.000159999996,"query_map_ms":0.00328000006,"query_encode_ms":0.0773269981,"query_copied_bytes":64}
phase-progress {"kind":"frame","phase":"end","frame":63,"submitted":63,"completed":63,"bodies":940,"joints":840,"physics_ns":360724493,"draw_ns":177290,"render_ns":255629674,"ui_ns":112800,"commit_ns":24794,"profile_ns":8147,"health_ns":358485257,"query_wait_ms":0.000159999996,"query_map_ms":0.00328000006,"query_encode_ms":0.0773269981,"query_copied_bytes":64}
phase-progress {"kind":"phase","phase":"setters","frame":64,"submitted":63,"completed":63,"bodies":0,"joints":0,"physics_ns":0,"draw_ns":0,"render_ns":0,"ui_ns":0,"commit_ns":0,"profile_ns":0,"health_ns":0,"query_wait_ms":0,"query_map_ms":0,"query_encode_ms":0,"query_copied_bytes":0}
phase-progress {"kind":"phase","phase":"physics","frame":64,"submitted":63,"completed":63,"bodies":0,"joints":0,"physics_ns":0,"draw_ns":0,"render_ns":0,"ui_ns":0,"commit_ns":0,"profile_ns":0,"health_ns":0,"query_wait_ms":0,"query_map_ms":0,"query_encode_ms":0,"query_copied_bytes":0}
phase-progress {"kind":"health_begin","phase":"health","frame":64,"submitted":63,"completed":63,"bodies":940,"joints":840,"physics_ns":0,"draw_ns":0,"render_ns":0,"ui_ns":0,"commit_ns":0,"profile_ns":0,"health_ns":0,"query_wait_ms":0,"query_map_ms":0,"query_encode_ms":0,"query_copied_bytes":0}
phase-progress {"kind":"health_end","phase":"health","frame":64,"submitted":63,"completed":63,"bodies":940,"joints":840,"physics_ns":0,"draw_ns":0,"render_ns":0,"ui_ns":0,"commit_ns":0,"profile_ns":0,"health_ns":376021838,"query_wait_ms":0,"query_map_ms":0,"query_encode_ms":0,"query_copied_bytes":0}
phase-progress {"kind":"phase","phase":"profile","frame":64,"submitted":63,"completed":63,"bodies":940,"joints":840,"physics_ns":378497373,"draw_ns":0,"render_ns":0,"ui_ns":0,"commit_ns":0,"profile_ns":0,"health_ns":376021838,"query_wait_ms":0,"query_map_ms":0,"query_encode_ms":0,"query_copied_bytes":0}
phase-progress {"kind":"phase","phase":"pick","frame":64,"submitted":63,"completed":63,"bodies":940,"joints":840,"physics_ns":378497373,"draw_ns":0,"render_ns":0,"ui_ns":0,"commit_ns":0,"profile_ns":12577,"health_ns":376021838,"query_wait_ms":0,"query_map_ms":0,"query_encode_ms":0,"query_copied_bytes":0}
phase-progress {"kind":"phase","phase":"draw","frame":64,"submitted":63,"completed":63,"bodies":940,"joints":840,"physics_ns":378497373,"draw_ns":0,"render_ns":0,"ui_ns":0,"commit_ns":0,"profile_ns":12577,"health_ns":376021838,"query_wait_ms":7.39999959e-05,"query_map_ms":0.0031320001,"query_encode_ms":0.0843539983,"query_copied_bytes":64}
phase-progress {"kind":"phase","phase":"render","frame":64,"submitted":64,"completed":64,"bodies":940,"joints":840,"physics_ns":378497373,"draw_ns":169719,"render_ns":0,"ui_ns":0,"commit_ns":0,"profile_ns":12577,"health_ns":376021838,"query_wait_ms":7.39999959e-05,"query_map_ms":0.0031320001,"query_encode_ms":0.0843539983,"query_copied_bytes":64}
phase-progress {"kind":"phase","phase":"ui","frame":64,"submitted":64,"completed":64,"bodies":940,"joints":840,"physics_ns":378497373,"draw_ns":169719,"render_ns":262633702,"ui_ns":0,"commit_ns":0,"profile_ns":12577,"health_ns":376021838,"query_wait_ms":7.39999959e-05,"query_map_ms":0.0031320001,"query_encode_ms":0.0843539983,"query_copied_bytes":64}
phase-progress {"kind":"phase","phase":"commit","frame":64,"submitted":64,"completed":64,"bodies":940,"joints":840,"physics_ns":378497373,"draw_ns":169719,"render_ns":262633702,"ui_ns":88396,"commit_ns":0,"profile_ns":12577,"health_ns":376021838,"query_wait_ms":7.39999959e-05,"query_map_ms":0.0031320001,"query_encode_ms":0.0843539983,"query_copied_bytes":64}
phase-progress {"kind":"phase","phase":"limiter","frame":64,"submitted":64,"completed":64,"bodies":940,"joints":840,"physics_ns":378497373,"draw_ns":169719,"render_ns":262633702,"ui_ns":88396,"commit_ns":15693,"profile_ns":12577,"health_ns":376021838,"query_wait_ms":7.39999959e-05,"query_map_ms":0.0031320001,"query_encode_ms":0.0843539983,"query_copied_bytes":64}
phase-progress {"kind":"phase","phase":"end","frame":64,"submitted":64,"completed":64,"bodies":940,"joints":840,"physics_ns":378497373,"draw_ns":169719,"render_ns":262633702,"ui_ns":88396,"commit_ns":15693,"profile_ns":12577,"health_ns":376021838,"query_wait_ms":7.39999959e-05,"query_map_ms":0.0031320001,"query_encode_ms":0.0843539983,"query_copied_bytes":64}
phase-progress {"kind":"frame","phase":"end","frame":64,"submitted":64,"completed":64,"bodies":940,"joints":840,"physics_ns":378497373,"draw_ns":169719,"render_ns":262633702,"ui_ns":88396,"commit_ns":15693,"profile_ns":12577,"health_ns":376021838,"query_wait_ms":7.39999959e-05,"query_map_ms":0.0031320001,"query_encode_ms":0.0843539983,"query_copied_bytes":64}
phase-progress {"kind":"phase","phase":"setters","frame":65,"submitted":64,"completed":64,"bodies":0,"joints":0,"physics_ns":0,"draw_ns":0,"render_ns":0,"ui_ns":0,"commit_ns":0,"profile_ns":0,"health_ns":0,"query_wait_ms":0,"query_map_ms":0,"query_encode_ms":0,"query_copied_bytes":0}
phase-progress {"kind":"phase","phase":"physics","frame":65,"submitted":64,"completed":64,"bodies":0,"joints":0,"physics_ns":0,"draw_ns":0,"render_ns":0,"ui_ns":0,"commit_ns":0,"profile_ns":0,"health_ns":0,"query_wait_ms":0,"query_map_ms":0,"query_encode_ms":0,"query_copied_bytes":0}
gpu-alloc scene generation=65 bodies=2080 shapes=2480 hull_points=3360 hull_planes=64 hull_edges=64 hull_topology=64 mesh_vertices=33700 mesh_triangles=64000 mesh_nodes=15800 materials=2480 joints=1680 scene_heap_bytes=3151424 max=536870912
gpu-alloc scene generation=0 bodies=2080 shapes=2480 hull_points=3360 hull_planes=64 hull_edges=64 hull_topology=64 mesh_vertices=33700 mesh_triangles=64000 mesh_nodes=15800 materials=2480 joints=1680 scene_heap_bytes=3151424 max=536870912
gpu-scene-input shapes=1460 mesh_vertices=33700 mesh_triangles=64000 scene_heap_bytes=3151424
GPU pose export: Vulkan opaque FD 38 (232960 bytes)
phase-progress {"kind":"health_begin","phase":"health","frame":65,"submitted":64,"completed":64,"bodies":1360,"joints":1260,"physics_ns":0,"draw_ns":0,"render_ns":0,"ui_ns":0,"commit_ns":0,"profile_ns":0,"health_ns":0,"query_wait_ms":0,"query_map_ms":0,"query_encode_ms":0,"query_copied_bytes":0}
phase-progress {"kind":"health_end","phase":"health","frame":65,"submitted":64,"completed":64,"bodies":1360,"joints":1260,"physics_ns":0,"draw_ns":0,"render_ns":0,"ui_ns":0,"commit_ns":0,"profile_ns":0,"health_ns":736848079,"query_wait_ms":0,"query_map_ms":0,"query_encode_ms":0,"query_copied_bytes":0}
phase-progress {"kind":"phase","phase":"profile","frame":65,"submitted":64,"completed":64,"bodies":1360,"joints":1260,"physics_ns":763544982,"draw_ns":0,"render_ns":0,"ui_ns":0,"commit_ns":0,"profile_ns":0,"health_ns":736848079,"query_wait_ms":0,"query_map_ms":0,"query_encode_ms":0,"query_copied_bytes":0}
phase-progress {"kind":"phase","phase":"pick","frame":65,"submitted":64,"completed":64,"bodies":1360,"joints":1260,"physics_ns":763544982,"draw_ns":0,"render_ns":0,"ui_ns":0,"commit_ns":0,"profile_ns":8762,"health_ns":736848079,"query_wait_ms":0,"query_map_ms":0,"query_encode_ms":0,"query_copied_bytes":0}
phase-progress {"kind":"phase","phase":"draw","frame":65,"submitted":64,"completed":64,"bodies":1360,"joints":1260,"physics_ns":763544982,"draw_ns":0,"render_ns":0,"ui_ns":0,"commit_ns":0,"profile_ns":8762,"health_ns":736848079,"query_wait_ms":5.29999998e-05,"query_map_ms":0.00320699997,"query_encode_ms":0.0874000043,"query_copied_bytes":64}
phase-progress {"kind":"phase","phase":"render","frame":65,"submitted":65,"completed":65,"bodies":1360,"joints":1260,"physics_ns":763544982,"draw_ns":310392,"render_ns":0,"ui_ns":0,"commit_ns":0,"profile_ns":8762,"health_ns":736848079,"query_wait_ms":5.29999998e-05,"query_map_ms":0.00320699997,"query_encode_ms":0.0874000043,"query_copied_bytes":64}
phase-progress {"kind":"phase","phase":"ui","frame":65,"submitted":65,"completed":65,"bodies":1360,"joints":1260,"physics_ns":763544982,"draw_ns":310392,"render_ns":263665191,"ui_ns":0,"commit_ns":0,"profile_ns":8762,"health_ns":736848079,"query_wait_ms":5.29999998e-05,"query_map_ms":0.00320699997,"query_encode_ms":0.0874000043,"query_copied_bytes":64}
phase-progress {"kind":"phase","phase":"commit","frame":65,"submitted":65,"completed":65,"bodies":1360,"joints":1260,"physics_ns":763544982,"draw_ns":310392,"render_ns":263665191,"ui_ns":109976,"commit_ns":0,"profile_ns":8762,"health_ns":736848079,"query_wait_ms":5.29999998e-05,"query_map_ms":0.00320699997,"query_encode_ms":0.0874000043,"query_copied_bytes":64}
phase-progress {"kind":"phase","phase":"limiter","frame":65,"submitted":65,"completed":65,"bodies":1360,"joints":1260,"physics_ns":763544982,"draw_ns":310392,"render_ns":263665191,"ui_ns":109976,"commit_ns":15591,"profile_ns":8762,"health_ns":736848079,"query_wait_ms":5.29999998e-05,"query_map_ms":0.00320699997,"query_encode_ms":0.0874000043,"query_copied_bytes":64}
phase-progress {"kind":"phase","phase":"end","frame":65,"submitted":65,"completed":65,"bodies":1360,"joints":1260,"physics_ns":763544982,"draw_ns":310392,"render_ns":263665191,"ui_ns":109976,"commit_ns":15591,"profile_ns":8762,"health_ns":736848079,"query_wait_ms":5.29999998e-05,"query_map_ms":0.00320699997,"query_encode_ms":0.0874000043,"query_copied_bytes":64}
phase-progress {"kind":"frame","phase":"end","frame":65,"submitted":65,"completed":65,"bodies":1360,"joints":1260,"physics_ns":763544982,"draw_ns":310392,"render_ns":263665191,"ui_ns":109976,"commit_ns":15591,"profile_ns":8762,"health_ns":736848079,"query_wait_ms":5.29999998e-05,"query_map_ms":0.00320699997,"query_encode_ms":0.0874000043,"query_copied_bytes":64}
phase-progress {"kind":"phase","phase":"setters","frame":66,"submitted":65,"completed":65,"bodies":0,"joints":0,"physics_ns":0,"draw_ns":0,"render_ns":0,"ui_ns":0,"commit_ns":0,"profile_ns":0,"health_ns":0,"query_wait_ms":0,"query_map_ms":0,"query_encode_ms":0,"query_copied_bytes":0}
phase-progress {"kind":"phase","phase":"physics","frame":66,"submitted":65,"completed":65,"bodies":0,"joints":0,"physics_ns":0,"draw_ns":0,"render_ns":0,"ui_ns":0,"commit_ns":0,"profile_ns":0,"health_ns":0,"query_wait_ms":0,"query_map_ms":0,"query_encode_ms":0,"query_copied_bytes":0}
phase-progress {"kind":"health_begin","phase":"health","frame":66,"submitted":65,"completed":65,"bodies":1360,"joints":1260,"physics_ns":0,"draw_ns":0,"render_ns":0,"ui_ns":0,"commit_ns":0,"profile_ns":0,"health_ns":0,"query_wait_ms":0,"query_map_ms":0,"query_encode_ms":0,"query_copied_bytes":0}
phase-progress {"kind":"health_end","phase":"health","frame":66,"submitted":65,"completed":65,"bodies":1360,"joints":1260,"physics_ns":0,"draw_ns":0,"render_ns":0,"ui_ns":0,"commit_ns":0,"profile_ns":0,"health_ns":601745210,"query_wait_ms":0,"query_map_ms":0,"query_encode_ms":0,"query_copied_bytes":0}
phase-progress {"kind":"phase","phase":"profile","frame":66,"submitted":65,"completed":65,"bodies":1360,"joints":1260,"physics_ns":604791050,"draw_ns":0,"render_ns":0,"ui_ns":0,"commit_ns":0,"profile_ns":0,"health_ns":601745210,"query_wait_ms":0,"query_map_ms":0,"query_encode_ms":0,"query_copied_bytes":0}
phase-progress {"kind":"phase","phase":"pick","frame":66,"submitted":65,"completed":65,"bodies":1360,"joints":1260,"physics_ns":604791050,"draw_ns":0,"render_ns":0,"ui_ns":0,"commit_ns":0,"profile_ns":8268,"health_ns":601745210,"query_wait_ms":0,"query_map_ms":0,"query_encode_ms":0,"query_copied_bytes":0}
phase-progress {"kind":"phase","phase":"draw","frame":66,"submitted":65,"completed":65,"bodies":1360,"joints":1260,"physics_ns":604791050,"draw_ns":0,"render_ns":0,"ui_ns":0,"commit_ns":0,"profile_ns":8268,"health_ns":601745210,"query_wait_ms":5.99999985e-05,"query_map_ms":0.0030230002,"query_encode_ms":0.0839750022,"query_copied_bytes":64}
phase-progress {"kind":"phase","phase":"render","frame":66,"submitted":66,"completed":66,"bodies":1360,"joints":1260,"physics_ns":604791050,"draw_ns":231697,"render_ns":0,"ui_ns":0,"commit_ns":0,"profile_ns":8268,"health_ns":601745210,"query_wait_ms":5.99999985e-05,"query_map_ms":0.0030230002,"query_encode_ms":0.0839750022,"query_copied_bytes":64}
phase-progress {"kind":"phase","phase":"ui","frame":66,"submitted":66,"completed":66,"bodies":1360,"joints":1260,"physics_ns":604791050,"draw_ns":231697,"render_ns":248285843,"ui_ns":0,"commit_ns":0,"profile_ns":8268,"health_ns":601745210,"query_wait_ms":5.99999985e-05,"query_map_ms":0.0030230002,"query_encode_ms":0.0839750022,"query_copied_bytes":64}
phase-progress {"kind":"phase","phase":"commit","frame":66,"submitted":66,"completed":66,"bodies":1360,"joints":1260,"physics_ns":604791050,"draw_ns":231697,"render_ns":248285843,"ui_ns":86323,"commit_ns":0,"profile_ns":8268,"health_ns":601745210,"query_wait_ms":5.99999985e-05,"query_map_ms":0.0030230002,"query_encode_ms":0.0839750022,"query_copied_bytes":64}
phase-progress {"kind":"phase","phase":"limiter","frame":66,"submitted":66,"completed":66,"bodies":1360,"joints":1260,"physics_ns":604791050,"draw_ns":231697,"render_ns":248285843,"ui_ns":86323,"commit_ns":14764,"profile_ns":8268,"health_ns":601745210,"query_wait_ms":5.99999985e-05,"query_map_ms":0.0030230002,"query_encode_ms":0.0839750022,"query_copied_bytes":64}
phase-progress {"kind":"phase","phase":"end","frame":66,"submitted":66,"completed":66,"bodies":1360,"joints":1260,"physics_ns":604791050,"draw_ns":231697,"render_ns":248285843,"ui_ns":86323,"commit_ns":14764,"profile_ns":8268,"health_ns":601745210,"query_wait_ms":5.99999985e-05,"query_map_ms":0.0030230002,"query_encode_ms":0.0839750022,"query_copied_bytes":64}
phase-progress {"kind":"frame","phase":"end","frame":66,"submitted":66,"completed":66,"bodies":1360,"joints":1260,"physics_ns":604791050,"draw_ns":231697,"render_ns":248285843,"ui_ns":86323,"commit_ns":14764,"profile_ns":8268,"health_ns":601745210,"query_wait_ms":5.99999985e-05,"query_map_ms":0.0030230002,"query_encode_ms":0.0839750022,"query_copied_bytes":64}
phase-progress {"kind":"phase","phase":"setters","frame":67,"submitted":66,"completed":66,"bodies":0,"joints":0,"physics_ns":0,"draw_ns":0,"render_ns":0,"ui_ns":0,"commit_ns":0,"profile_ns":0,"health_ns":0,"query_wait_ms":0,"query_map_ms":0,"query_encode_ms":0,"query_copied_bytes":0}
phase-progress {"kind":"phase","phase":"physics","frame":67,"submitted":66,"completed":66,"bodies":0,"joints":0,"physics_ns":0,"draw_ns":0,"render_ns":0,"ui_ns":0,"commit_ns":0,"profile_ns":0,"health_ns":0,"query_wait_ms":0,"query_map_ms":0,"query_encode_ms":0,"query_copied_bytes":0}
phase-progress {"kind":"health_begin","phase":"health","frame":67,"submitted":66,"completed":66,"bodies":1360,"joints":1260,"physics_ns":0,"draw_ns":0,"render_ns":0,"ui_ns":0,"commit_ns":0,"profile_ns":0,"health_ns":0,"query_wait_ms":0,"query_map_ms":0,"query_encode_ms":0,"query_copied_bytes":0}
phase-progress {"kind":"health_end","phase":"health","frame":67,"submitted":66,"completed":66,"bodies":1360,"joints":1260,"physics_ns":0,"draw_ns":0,"render_ns":0,"ui_ns":0,"commit_ns":0,"profile_ns":0,"health_ns":632994389,"query_wait_ms":0,"query_map_ms":0,"query_encode_ms":0,"query_copied_bytes":0}
phase-progress {"kind":"phase","phase":"profile","frame":67,"submitted":66,"completed":66,"bodies":1360,"joints":1260,"physics_ns":635499629,"draw_ns":0,"render_ns":0,"ui_ns":0,"commit_ns":0,"profile_ns":0,"health_ns":632994389,"query_wait_ms":0,"query_map_ms":0,"query_encode_ms":0,"query_copied_bytes":0}
phase-progress {"kind":"phase","phase":"pick","frame":67,"submitted":66,"completed":66,"bodies":1360,"joints":1260,"physics_ns":635499629,"draw_ns":0,"render_ns":0,"ui_ns":0,"commit_ns":0,"profile_ns":8282,"health_ns":632994389,"query_wait_ms":0,"query_map_ms":0,"query_encode_ms":0,"query_copied_bytes":0}
phase-progress {"kind":"phase","phase":"draw","frame":67,"submitted":66,"completed":66,"bodies":1360,"joints":1260,"physics_ns":635499629,"draw_ns":0,"render_ns":0,"ui_ns":0,"commit_ns":0,"profile_ns":8282,"health_ns":632994389,"query_wait_ms":4.6000001e-05,"query_map_ms":0.00312000001,"query_encode_ms":0.081020996,"query_copied_bytes":64}
phase-progress {"kind":"phase","phase":"render","frame":67,"submitted":67,"completed":67,"bodies":1360,"joints":1260,"physics_ns":635499629,"draw_ns":238306,"render_ns":0,"ui_ns":0,"commit_ns":0,"profile_ns":8282,"health_ns":632994389,"query_wait_ms":4.6000001e-05,"query_map_ms":0.00312000001,"query_encode_ms":0.081020996,"query_copied_bytes":64}
phase-progress {"kind":"phase","phase":"ui","frame":67,"submitted":67,"completed":67,"bodies":1360,"joints":1260,"physics_ns":635499629,"draw_ns":238306,"render_ns":240370535,"ui_ns":0,"commit_ns":0,"profile_ns":8282,"health_ns":632994389,"query_wait_ms":4.6000001e-05,"query_map_ms":0.00312000001,"query_encode_ms":0.081020996,"query_copied_bytes":64}
phase-progress {"kind":"phase","phase":"commit","frame":67,"submitted":67,"completed":67,"bodies":1360,"joints":1260,"physics_ns":635499629,"draw_ns":238306,"render_ns":240370535,"ui_ns":97177,"commit_ns":0,"profile_ns":8282,"health_ns":632994389,"query_wait_ms":4.6000001e-05,"query_map_ms":0.00312000001,"query_encode_ms":0.081020996,"query_copied_bytes":64}
phase-progress {"kind":"phase","phase":"limiter","frame":67,"submitted":67,"completed":67,"bodies":1360,"joints":1260,"physics_ns":635499629,"draw_ns":238306,"render_ns":240370535,"ui_ns":97177,"commit_ns":20585,"profile_ns":8282,"health_ns":632994389,"query_wait_ms":4.6000001e-05,"query_map_ms":0.00312000001,"query_encode_ms":0.081020996,"query_copied_bytes":64}
phase-progress {"kind":"phase","phase":"end","frame":67,"submitted":67,"completed":67,"bodies":1360,"joints":1260,"physics_ns":635499629,"draw_ns":238306,"render_ns":240370535,"ui_ns":97177,"commit_ns":20585,"profile_ns":8282,"health_ns":632994389,"query_wait_ms":4.6000001e-05,"query_map_ms":0.00312000001,"query_encode_ms":0.081020996,"query_copied_bytes":64}
phase-progress {"kind":"frame","phase":"end","frame":67,"submitted":67,"completed":67,"bodies":1360,"joints":1260,"physics_ns":635499629,"draw_ns":238306,"render_ns":240370535,"ui_ns":97177,"commit_ns":20585,"profile_ns":8282,"health_ns":632994389,"query_wait_ms":4.6000001e-05,"query_map_ms":0.00312000001,"query_encode_ms":0.081020996,"query_copied_bytes":64}
phase-progress {"kind":"phase","phase":"setters","frame":68,"submitted":67,"completed":67,"bodies":0,"joints":0,"physics_ns":0,"draw_ns":0,"render_ns":0,"ui_ns":0,"commit_ns":0,"profile_ns":0,"health_ns":0,"query_wait_ms":0,"query_map_ms":0,"query_encode_ms":0,"query_copied_bytes":0}
phase-progress {"kind":"phase","phase":"physics","frame":68,"submitted":67,"completed":67,"bodies":0,"joints":0,"physics_ns":0,"draw_ns":0,"render_ns":0,"ui_ns":0,"commit_ns":0,"profile_ns":0,"health_ns":0,"query_wait_ms":0,"query_map_ms":0,"query_encode_ms":0,"query_copied_bytes":0}
phase-progress {"kind":"health_begin","phase":"health","frame":68,"submitted":67,"completed":67,"bodies":1360,"joints":1260,"physics_ns":0,"draw_ns":0,"render_ns":0,"ui_ns":0,"commit_ns":0,"profile_ns":0,"health_ns":0,"query_wait_ms":0,"query_map_ms":0,"query_encode_ms":0,"query_copied_bytes":0}
phase-progress {"kind":"health_end","phase":"health","frame":68,"submitted":67,"completed":67,"bodies":1360,"joints":1260,"physics_ns":0,"draw_ns":0,"render_ns":0,"ui_ns":0,"commit_ns":0,"profile_ns":0,"health_ns":569880529,"query_wait_ms":0,"query_map_ms":0,"query_encode_ms":0,"query_copied_bytes":0}
phase-progress {"kind":"phase","phase":"profile","frame":68,"submitted":67,"completed":67,"bodies":1360,"joints":1260,"physics_ns":572135211,"draw_ns":0,"render_ns":0,"ui_ns":0,"commit_ns":0,"profile_ns":0,"health_ns":569880529,"query_wait_ms":0,"query_map_ms":0,"query_encode_ms":0,"query_copied_bytes":0}
phase-progress {"kind":"phase","phase":"pick","frame":68,"submitted":67,"completed":67,"bodies":1360,"joints":1260,"physics_ns":572135211,"draw_ns":0,"render_ns":0,"ui_ns":0,"commit_ns":0,"profile_ns":12027,"health_ns":569880529,"query_wait_ms":0,"query_map_ms":0,"query_encode_ms":0,"query_copied_bytes":0}
phase-progress {"kind":"phase","phase":"draw","frame":68,"submitted":67,"completed":67,"bodies":1360,"joints":1260,"physics_ns":572135211,"draw_ns":0,"render_ns":0,"ui_ns":0,"commit_ns":0,"profile_ns":12027,"health_ns":569880529,"query_wait_ms":5.99999985e-05,"query_map_ms":0.00314099994,"query_encode_ms":0.0846890062,"query_copied_bytes":64}
phase-progress {"kind":"phase","phase":"render","frame":68,"submitted":68,"completed":68,"bodies":1360,"joints":1260,"physics_ns":572135211,"draw_ns":243416,"render_ns":0,"ui_ns":0,"commit_ns":0,"profile_ns":12027,"health_ns":569880529,"query_wait_ms":5.99999985e-05,"query_map_ms":0.00314099994,"query_encode_ms":0.0846890062,"query_copied_bytes":64}
phase-progress {"kind":"phase","phase":"ui","frame":68,"submitted":68,"completed":68,"bodies":1360,"joints":1260,"physics_ns":572135211,"draw_ns":243416,"render_ns":259634207,"ui_ns":0,"commit_ns":0,"profile_ns":12027,"health_ns":569880529,"query_wait_ms":5.99999985e-05,"query_map_ms":0.00314099994,"query_encode_ms":0.0846890062,"query_copied_bytes":64}
phase-progress {"kind":"phase","phase":"commit","frame":68,"submitted":68,"completed":68,"bodies":1360,"joints":1260,"physics_ns":572135211,"draw_ns":243416,"render_ns":259634207,"ui_ns":100242,"commit_ns":0,"profile_ns":12027,"health_ns":569880529,"query_wait_ms":5.99999985e-05,"query_map_ms":0.00314099994,"query_encode_ms":0.0846890062,"query_copied_bytes":64}
phase-progress {"kind":"phase","phase":"limiter","frame":68,"submitted":68,"completed":68,"bodies":1360,"joints":1260,"physics_ns":572135211,"draw_ns":243416,"render_ns":259634207,"ui_ns":100242,"commit_ns":15672,"profile_ns":12027,"health_ns":569880529,"query_wait_ms":5.99999985e-05,"query_map_ms":0.00314099994,"query_encode_ms":0.0846890062,"query_copied_bytes":64}
phase-progress {"kind":"phase","phase":"end","frame":68,"submitted":68,"completed":68,"bodies":1360,"joints":1260,"physics_ns":572135211,"draw_ns":243416,"render_ns":259634207,"ui_ns":100242,"commit_ns":15672,"profile_ns":12027,"health_ns":569880529,"query_wait_ms":5.99999985e-05,"query_map_ms":0.00314099994,"query_encode_ms":0.0846890062,"query_copied_bytes":64}
phase-progress {"kind":"frame","phase":"end","frame":68,"submitted":68,"completed":68,"bodies":1360,"joints":1260,"physics_ns":572135211,"draw_ns":243416,"render_ns":259634207,"ui_ns":100242,"commit_ns":15672,"profile_ns":12027,"health_ns":569880529,"query_wait_ms":5.99999985e-05,"query_map_ms":0.00314099994,"query_encode_ms":0.0846890062,"query_copied_bytes":64}
phase-progress {"kind":"phase","phase":"setters","frame":69,"submitted":68,"completed":68,"bodies":0,"joints":0,"physics_ns":0,"draw_ns":0,"render_ns":0,"ui_ns":0,"commit_ns":0,"profile_ns":0,"health_ns":0,"query_wait_ms":0,"query_map_ms":0,"query_encode_ms":0,"query_copied_bytes":0}
phase-progress {"kind":"phase","phase":"physics","frame":69,"submitted":68,"completed":68,"bodies":0,"joints":0,"physics_ns":0,"draw_ns":0,"render_ns":0,"ui_ns":0,"commit_ns":0,"profile_ns":0,"health_ns":0,"query_wait_ms":0,"query_map_ms":0,"query_encode_ms":0,"query_copied_bytes":0}
phase-progress {"kind":"health_begin","phase":"health","frame":69,"submitted":68,"completed":68,"bodies":1360,"joints":1260,"physics_ns":0,"draw_ns":0,"render_ns":0,"ui_ns":0,"commit_ns":0,"profile_ns":0,"health_ns":0,"query_wait_ms":0,"query_map_ms":0,"query_encode_ms":0,"query_copied_bytes":0}
phase-progress {"kind":"health_end","phase":"health","frame":69,"submitted":68,"completed":68,"bodies":1360,"joints":1260,"physics_ns":0,"draw_ns":0,"render_ns":0,"ui_ns":0,"commit_ns":0,"profile_ns":0,"health_ns":637438734,"query_wait_ms":0,"query_map_ms":0,"query_encode_ms":0,"query_copied_bytes":0}
phase-progress {"kind":"phase","phase":"profile","frame":69,"submitted":68,"completed":68,"bodies":1360,"joints":1260,"physics_ns":639792231,"draw_ns":0,"render_ns":0,"ui_ns":0,"commit_ns":0,"profile_ns":0,"health_ns":637438734,"query_wait_ms":0,"query_map_ms":0,"query_encode_ms":0,"query_copied_bytes":0}
phase-progress {"kind":"phase","phase":"pick","frame":69,"submitted":68,"completed":68,"bodies":1360,"joints":1260,"physics_ns":639792231,"draw_ns":0,"render_ns":0,"ui_ns":0,"commit_ns":0,"profile_ns":7894,"health_ns":637438734,"query_wait_ms":0,"query_map_ms":0,"query_encode_ms":0,"query_copied_bytes":0}
phase-progress {"kind":"phase","phase":"draw","frame":69,"submitted":68,"completed":68,"bodies":1360,"joints":1260,"physics_ns":639792231,"draw_ns":0,"render_ns":0,"ui_ns":0,"commit_ns":0,"profile_ns":7894,"health_ns":637438734,"query_wait_ms":5.00000024e-05,"query_map_ms":0.00321500003,"query_encode_ms":0.0832709968,"query_copied_bytes":64}
phase-progress {"kind":"phase","phase":"render","frame":69,"submitted":69,"completed":69,"bodies":1360,"joints":1260,"physics_ns":639792231,"draw_ns":237396,"render_ns":0,"ui_ns":0,"commit_ns":0,"profile_ns":7894,"health_ns":637438734,"query_wait_ms":5.00000024e-05,"query_map_ms":0.00321500003,"query_encode_ms":0.0832709968,"query_copied_bytes":64}
phase-progress {"kind":"phase","phase":"ui","frame":69,"submitted":69,"completed":69,"bodies":1360,"joints":1260,"physics_ns":639792231,"draw_ns":237396,"render_ns":272724127,"ui_ns":0,"commit_ns":0,"profile_ns":7894,"health_ns":637438734,"query_wait_ms":5.00000024e-05,"query_map_ms":0.00321500003,"query_encode_ms":0.0832709968,"query_copied_bytes":64}
phase-progress {"kind":"phase","phase":"commit","frame":69,"submitted":69,"completed":69,"bodies":1360,"joints":1260,"physics_ns":639792231,"draw_ns":237396,"render_ns":272724127,"ui_ns":88083,"commit_ns":0,"profile_ns":7894,"health_ns":637438734,"query_wait_ms":5.00000024e-05,"query_map_ms":0.00321500003,"query_encode_ms":0.0832709968,"query_copied_bytes":64}
phase-progress {"kind":"phase","phase":"limiter","frame":69,"submitted":69,"completed":69,"bodies":1360,"joints":1260,"physics_ns":639792231,"draw_ns":237396,"render_ns":272724127,"ui_ns":88083,"commit_ns":15796,"profile_ns":7894,"health_ns":637438734,"query_wait_ms":5.00000024e-05,"query_map_ms":0.00321500003,"query_encode_ms":0.0832709968,"query_copied_bytes":64}
phase-progress {"kind":"phase","phase":"end","frame":69,"submitted":69,"completed":69,"bodies":1360,"joints":1260,"physics_ns":639792231,"draw_ns":237396,"render_ns":272724127,"ui_ns":88083,"commit_ns":15796,"profile_ns":7894,"health_ns":637438734,"query_wait_ms":5.00000024e-05,"query_map_ms":0.00321500003,"query_encode_ms":0.0832709968,"query_copied_bytes":64}
phase-progress {"kind":"frame","phase":"end","frame":69,"submitted":69,"completed":69,"bodies":1360,"joints":1260,"physics_ns":639792231,"draw_ns":237396,"render_ns":272724127,"ui_ns":88083,"commit_ns":15796,"profile_ns":7894,"health_ns":637438734,"query_wait_ms":5.00000024e-05,"query_map_ms":0.00321500003,"query_encode_ms":0.0832709968,"query_copied_bytes":64}
phase-progress {"kind":"phase","phase":"setters","frame":70,"submitted":69,"completed":69,"bodies":0,"joints":0,"physics_ns":0,"draw_ns":0,"render_ns":0,"ui_ns":0,"commit_ns":0,"profile_ns":0,"health_ns":0,"query_wait_ms":0,"query_map_ms":0,"query_encode_ms":0,"query_copied_bytes":0}
phase-progress {"kind":"phase","phase":"physics","frame":70,"submitted":69,"completed":69,"bodies":0,"joints":0,"physics_ns":0,"draw_ns":0,"render_ns":0,"ui_ns":0,"commit_ns":0,"profile_ns":0,"health_ns":0,"query_wait_ms":0,"query_map_ms":0,"query_encode_ms":0,"query_copied_bytes":0}
phase-progress {"kind":"health_begin","phase":"health","frame":70,"submitted":69,"completed":69,"bodies":1360,"joints":1260,"physics_ns":0,"draw_ns":0,"render_ns":0,"ui_ns":0,"commit_ns":0,"profile_ns":0,"health_ns":0,"query_wait_ms":0,"query_map_ms":0,"query_encode_ms":0,"query_copied_bytes":0}
phase-progress {"kind":"health_end","phase":"health","frame":70,"submitted":69,"completed":69,"bodies":1360,"joints":1260,"physics_ns":0,"draw_ns":0,"render_ns":0,"ui_ns":0,"commit_ns":0,"profile_ns":0,"health_ns":680187742,"query_wait_ms":0,"query_map_ms":0,"query_encode_ms":0,"query_copied_bytes":0}
phase-progress {"kind":"phase","phase":"profile","frame":70,"submitted":69,"completed":69,"bodies":1360,"joints":1260,"physics_ns":682544952,"draw_ns":0,"render_ns":0,"ui_ns":0,"commit_ns":0,"profile_ns":0,"health_ns":680187742,"query_wait_ms":0,"query_map_ms":0,"query_encode_ms":0,"query_copied_bytes":0}
phase-progress {"kind":"phase","phase":"pick","frame":70,"submitted":69,"completed":69,"bodies":1360,"joints":1260,"physics_ns":682544952,"draw_ns":0,"render_ns":0,"ui_ns":0,"commit_ns":0,"profile_ns":8284,"health_ns":680187742,"query_wait_ms":0,"query_map_ms":0,"query_encode_ms":0,"query_copied_bytes":0}
phase-progress {"kind":"phase","phase":"draw","frame":70,"submitted":69,"completed":69,"bodies":1360,"joints":1260,"physics_ns":682544952,"draw_ns":0,"render_ns":0,"ui_ns":0,"commit_ns":0,"profile_ns":8284,"health_ns":680187742,"query_wait_ms":6.19999992e-05,"query_map_ms":0.00325900014,"query_encode_ms":0.0788679942,"query_copied_bytes":64}
phase-progress {"kind":"phase","phase":"render","frame":70,"submitted":70,"completed":70,"bodies":1360,"joints":1260,"physics_ns":682544952,"draw_ns":253952,"render_ns":0,"ui_ns":0,"commit_ns":0,"profile_ns":8284,"health_ns":680187742,"query_wait_ms":6.19999992e-05,"query_map_ms":0.00325900014,"query_encode_ms":0.0788679942,"query_copied_bytes":64}
phase-progress {"kind":"phase","phase":"ui","frame":70,"submitted":70,"completed":70,"bodies":1360,"joints":1260,"physics_ns":682544952,"draw_ns":253952,"render_ns":255046916,"ui_ns":0,"commit_ns":0,"profile_ns":8284,"health_ns":680187742,"query_wait_ms":6.19999992e-05,"query_map_ms":0.00325900014,"query_encode_ms":0.0788679942,"query_copied_bytes":64}
phase-progress {"kind":"phase","phase":"commit","frame":70,"submitted":70,"completed":70,"bodies":1360,"joints":1260,"physics_ns":682544952,"draw_ns":253952,"render_ns":255046916,"ui_ns":88926,"commit_ns":0,"profile_ns":8284,"health_ns":680187742,"query_wait_ms":6.19999992e-05,"query_map_ms":0.00325900014,"query_encode_ms":0.0788679942,"query_copied_bytes":64}
phase-progress {"kind":"phase","phase":"limiter","frame":70,"submitted":70,"completed":70,"bodies":1360,"joints":1260,"physics_ns":682544952,"draw_ns":253952,"render_ns":255046916,"ui_ns":88926,"commit_ns":15233,"profile_ns":8284,"health_ns":680187742,"query_wait_ms":6.19999992e-05,"query_map_ms":0.00325900014,"query_encode_ms":0.0788679942,"query_copied_bytes":64}
phase-progress {"kind":"phase","phase":"end","frame":70,"submitted":70,"completed":70,"bodies":1360,"joints":1260,"physics_ns":682544952,"draw_ns":253952,"render_ns":255046916,"ui_ns":88926,"commit_ns":15233,"profile_ns":8284,"health_ns":680187742,"query_wait_ms":6.19999992e-05,"query_map_ms":0.00325900014,"query_encode_ms":0.0788679942,"query_copied_bytes":64}
phase-progress {"kind":"frame","phase":"end","frame":70,"submitted":70,"completed":70,"bodies":1360,"joints":1260,"physics_ns":682544952,"draw_ns":253952,"render_ns":255046916,"ui_ns":88926,"commit_ns":15233,"profile_ns":8284,"health_ns":680187742,"query_wait_ms":6.19999992e-05,"query_map_ms":0.00325900014,"query_encode_ms":0.0788679942,"query_copied_bytes":64}
phase-progress {"kind":"phase","phase":"setters","frame":71,"submitted":70,"completed":70,"bodies":0,"joints":0,"physics_ns":0,"draw_ns":0,"render_ns":0,"ui_ns":0,"commit_ns":0,"profile_ns":0,"health_ns":0,"query_wait_ms":0,"query_map_ms":0,"query_encode_ms":0,"query_copied_bytes":0}
phase-progress {"kind":"phase","phase":"physics","frame":71,"submitted":70,"completed":70,"bodies":0,"joints":0,"physics_ns":0,"draw_ns":0,"render_ns":0,"ui_ns":0,"commit_ns":0,"profile_ns":0,"health_ns":0,"query_wait_ms":0,"query_map_ms":0,"query_encode_ms":0,"query_copied_bytes":0}
phase-progress {"kind":"health_begin","phase":"health","frame":71,"submitted":70,"completed":70,"bodies":1360,"joints":1260,"physics_ns":0,"draw_ns":0,"render_ns":0,"ui_ns":0,"commit_ns":0,"profile_ns":0,"health_ns":0,"query_wait_ms":0,"query_map_ms":0,"query_encode_ms":0,"query_copied_bytes":0}
phase-progress {"kind":"health_end","phase":"health","frame":71,"submitted":70,"completed":70,"bodies":1360,"joints":1260,"physics_ns":0,"draw_ns":0,"render_ns":0,"ui_ns":0,"commit_ns":0,"profile_ns":0,"health_ns":717848850,"query_wait_ms":0,"query_map_ms":0,"query_encode_ms":0,"query_copied_bytes":0}
phase-progress {"kind":"phase","phase":"profile","frame":71,"submitted":70,"completed":70,"bodies":1360,"joints":1260,"physics_ns":720168577,"draw_ns":0,"render_ns":0,"ui_ns":0,"commit_ns":0,"profile_ns":0,"health_ns":717848850,"query_wait_ms":0,"query_map_ms":0,"query_encode_ms":0,"query_copied_bytes":0}
phase-progress {"kind":"phase","phase":"pick","frame":71,"submitted":70,"completed":70,"bodies":1360,"joints":1260,"physics_ns":720168577,"draw_ns":0,"render_ns":0,"ui_ns":0,"commit_ns":0,"profile_ns":20909,"health_ns":717848850,"query_wait_ms":0,"query_map_ms":0,"query_encode_ms":0,"query_copied_bytes":0}
phase-progress {"kind":"phase","phase":"draw","frame":71,"submitted":70,"completed":70,"bodies":1360,"joints":1260,"physics_ns":720168577,"draw_ns":0,"render_ns":0,"ui_ns":0,"commit_ns":0,"profile_ns":20909,"health_ns":717848850,"query_wait_ms":7.10000022e-05,"query_map_ms":0.00341599993,"query_encode_ms":0.084111996,"query_copied_bytes":64}
phase-progress {"kind":"phase","phase":"render","frame":71,"submitted":71,"completed":71,"bodies":1360,"joints":1260,"physics_ns":720168577,"draw_ns":235339,"render_ns":0,"ui_ns":0,"commit_ns":0,"profile_ns":20909,"health_ns":717848850,"query_wait_ms":7.10000022e-05,"query_map_ms":0.00341599993,"query_encode_ms":0.084111996,"query_copied_bytes":64}
phase-progress {"kind":"phase","phase":"ui","frame":71,"submitted":71,"completed":71,"bodies":1360,"joints":1260,"physics_ns":720168577,"draw_ns":235339,"render_ns":253635151,"ui_ns":0,"commit_ns":0,"profile_ns":20909,"health_ns":717848850,"query_wait_ms":7.10000022e-05,"query_map_ms":0.00341599993,"query_encode_ms":0.084111996,"query_copied_bytes":64}
phase-progress {"kind":"phase","phase":"commit","frame":71,"submitted":71,"completed":71,"bodies":1360,"joints":1260,"physics_ns":720168577,"draw_ns":235339,"render_ns":253635151,"ui_ns":90047,"commit_ns":0,"profile_ns":20909,"health_ns":717848850,"query_wait_ms":7.10000022e-05,"query_map_ms":0.00341599993,"query_encode_ms":0.084111996,"query_copied_bytes":64}
phase-progress {"kind":"phase","phase":"limiter","frame":71,"submitted":71,"completed":71,"bodies":1360,"joints":1260,"physics_ns":720168577,"draw_ns":235339,"render_ns":253635151,"ui_ns":90047,"commit_ns":15699,"profile_ns":20909,"health_ns":717848850,"query_wait_ms":7.10000022e-05,"query_map_ms":0.00341599993,"query_encode_ms":0.084111996,"query_copied_bytes":64}
phase-progress {"kind":"phase","phase":"end","frame":71,"submitted":71,"completed":71,"bodies":1360,"joints":1260,"physics_ns":720168577,"draw_ns":235339,"render_ns":253635151,"ui_ns":90047,"commit_ns":15699,"profile_ns":20909,"health_ns":717848850,"query_wait_ms":7.10000022e-05,"query_map_ms":0.00341599993,"query_encode_ms":0.084111996,"query_copied_bytes":64}
phase-progress {"kind":"frame","phase":"end","frame":71,"submitted":71,"completed":71,"bodies":1360,"joints":1260,"physics_ns":720168577,"draw_ns":235339,"render_ns":253635151,"ui_ns":90047,"commit_ns":15699,"profile_ns":20909,"health_ns":717848850,"query_wait_ms":7.10000022e-05,"query_map_ms":0.00341599993,"query_encode_ms":0.084111996,"query_copied_bytes":64}
phase-progress {"kind":"phase","phase":"setters","frame":72,"submitted":71,"completed":71,"bodies":0,"joints":0,"physics_ns":0,"draw_ns":0,"render_ns":0,"ui_ns":0,"commit_ns":0,"profile_ns":0,"health_ns":0,"query_wait_ms":0,"query_map_ms":0,"query_encode_ms":0,"query_copied_bytes":0}
phase-progress {"kind":"phase","phase":"physics","frame":72,"submitted":71,"completed":71,"bodies":0,"joints":0,"physics_ns":0,"draw_ns":0,"render_ns":0,"ui_ns":0,"commit_ns":0,"profile_ns":0,"health_ns":0,"query_wait_ms":0,"query_map_ms":0,"query_encode_ms":0,"query_copied_bytes":0}
phase-progress {"kind":"health_begin","phase":"health","frame":72,"submitted":71,"completed":71,"bodies":1360,"joints":1260,"physics_ns":0,"draw_ns":0,"render_ns":0,"ui_ns":0,"commit_ns":0,"profile_ns":0,"health_ns":0,"query_wait_ms":0,"query_map_ms":0,"query_encode_ms":0,"query_copied_bytes":0}
phase-progress {"kind":"health_end","phase":"health","frame":72,"submitted":71,"completed":71,"bodies":1360,"joints":1260,"physics_ns":0,"draw_ns":0,"render_ns":0,"ui_ns":0,"commit_ns":0,"profile_ns":0,"health_ns":913017576,"query_wait_ms":0,"query_map_ms":0,"query_encode_ms":0,"query_copied_bytes":0}
phase-progress {"kind":"phase","phase":"profile","frame":72,"submitted":71,"completed":71,"bodies":1360,"joints":1260,"physics_ns":915315988,"draw_ns":0,"render_ns":0,"ui_ns":0,"commit_ns":0,"profile_ns":0,"health_ns":913017576,"query_wait_ms":0,"query_map_ms":0,"query_encode_ms":0,"query_copied_bytes":0}
phase-progress {"kind":"phase","phase":"pick","frame":72,"submitted":71,"completed":71,"bodies":1360,"joints":1260,"physics_ns":915315988,"draw_ns":0,"render_ns":0,"ui_ns":0,"commit_ns":0,"profile_ns":15298,"health_ns":913017576,"query_wait_ms":0,"query_map_ms":0,"query_encode_ms":0,"query_copied_bytes":0}
phase-progress {"kind":"phase","phase":"draw","frame":72,"submitted":71,"completed":71,"bodies":1360,"joints":1260,"physics_ns":915315988,"draw_ns":0,"render_ns":0,"ui_ns":0,"commit_ns":0,"profile_ns":15298,"health_ns":913017576,"query_wait_ms":4.9000002e-05,"query_map_ms":0.00323199993,"query_encode_ms":0.0859140009,"query_copied_bytes":64}
phase-progress {"kind":"phase","phase":"render","frame":72,"submitted":72,"completed":72,"bodies":1360,"joints":1260,"physics_ns":915315988,"draw_ns":226965,"render_ns":0,"ui_ns":0,"commit_ns":0,"profile_ns":15298,"health_ns":913017576,"query_wait_ms":4.9000002e-05,"query_map_ms":0.00323199993,"query_encode_ms":0.0859140009,"query_copied_bytes":64}
phase-progress {"kind":"phase","phase":"ui","frame":72,"submitted":72,"completed":72,"bodies":1360,"joints":1260,"physics_ns":915315988,"draw_ns":226965,"render_ns":264794527,"ui_ns":0,"commit_ns":0,"profile_ns":15298,"health_ns":913017576,"query_wait_ms":4.9000002e-05,"query_map_ms":0.00323199993,"query_encode_ms":0.0859140009,"query_copied_bytes":64}
phase-progress {"kind":"phase","phase":"commit","frame":72,"submitted":72,"completed":72,"bodies":1360,"joints":1260,"physics_ns":915315988,"draw_ns":226965,"render_ns":264794527,"ui_ns":88434,"commit_ns":0,"profile_ns":15298,"health_ns":913017576,"query_wait_ms":4.9000002e-05,"query_map_ms":0.00323199993,"query_encode_ms":0.0859140009,"query_copied_bytes":64}
phase-progress {"kind":"phase","phase":"limiter","frame":72,"submitted":72,"completed":72,"bodies":1360,"joints":1260,"physics_ns":915315988,"draw_ns":226965,"render_ns":264794527,"ui_ns":88434,"commit_ns":15338,"profile_ns":15298,"health_ns":913017576,"query_wait_ms":4.9000002e-05,"query_map_ms":0.00323199993,"query_encode_ms":0.0859140009,"query_copied_bytes":64}
phase-progress {"kind":"phase","phase":"end","frame":72,"submitted":72,"completed":72,"bodies":1360,"joints":1260,"physics_ns":915315988,"draw_ns":226965,"render_ns":264794527,"ui_ns":88434,"commit_ns":15338,"profile_ns":15298,"health_ns":913017576,"query_wait_ms":4.9000002e-05,"query_map_ms":0.00323199993,"query_encode_ms":0.0859140009,"query_copied_bytes":64}
phase-progress {"kind":"frame","phase":"end","frame":72,"submitted":72,"completed":72,"bodies":1360,"joints":1260,"physics_ns":915315988,"draw_ns":226965,"render_ns":264794527,"ui_ns":88434,"commit_ns":15338,"profile_ns":15298,"health_ns":913017576,"query_wait_ms":4.9000002e-05,"query_map_ms":0.00323199993,"query_encode_ms":0.0859140009,"query_copied_bytes":64}
phase-progress {"kind":"phase","phase":"setters","frame":73,"submitted":72,"completed":72,"bodies":0,"joints":0,"physics_ns":0,"draw_ns":0,"render_ns":0,"ui_ns":0,"commit_ns":0,"profile_ns":0,"health_ns":0,"query_wait_ms":0,"query_map_ms":0,"query_encode_ms":0,"query_copied_bytes":0}
phase-progress {"kind":"phase","phase":"physics","frame":73,"submitted":72,"completed":72,"bodies":0,"joints":0,"physics_ns":0,"draw_ns":0,"render_ns":0,"ui_ns":0,"commit_ns":0,"profile_ns":0,"health_ns":0,"query_wait_ms":0,"query_map_ms":0,"query_encode_ms":0,"query_copied_bytes":0}
phase-progress {"kind":"health_begin","phase":"health","frame":73,"submitted":72,"completed":72,"bodies":1360,"joints":1260,"physics_ns":0,"draw_ns":0,"render_ns":0,"ui_ns":0,"commit_ns":0,"profile_ns":0,"health_ns":0,"query_wait_ms":0,"query_map_ms":0,"query_encode_ms":0,"query_copied_bytes":0}
phase-progress {"kind":"health_end","phase":"health","frame":73,"submitted":72,"completed":72,"bodies":1360,"joints":1260,"physics_ns":0,"draw_ns":0,"render_ns":0,"ui_ns":0,"commit_ns":0,"profile_ns":0,"health_ns":1000411238,"query_wait_ms":0,"query_map_ms":0,"query_encode_ms":0,"query_copied_bytes":0}
phase-progress {"kind":"phase","phase":"profile","frame":73,"submitted":72,"completed":72,"bodies":1360,"joints":1260,"physics_ns":1002725663,"draw_ns":0,"render_ns":0,"ui_ns":0,"commit_ns":0,"profile_ns":0,"health_ns":1000411238,"query_wait_ms":0,"query_map_ms":0,"query_encode_ms":0,"query_copied_bytes":0}
phase-progress {"kind":"phase","phase":"pick","frame":73,"submitted":72,"completed":72,"bodies":1360,"joints":1260,"physics_ns":1002725663,"draw_ns":0,"render_ns":0,"ui_ns":0,"commit_ns":0,"profile_ns":8061,"health_ns":1000411238,"query_wait_ms":0,"query_map_ms":0,"query_encode_ms":0,"query_copied_bytes":0}
phase-progress {"kind":"phase","phase":"draw","frame":73,"submitted":72,"completed":72,"bodies":1360,"joints":1260,"physics_ns":1002725663,"draw_ns":0,"render_ns":0,"ui_ns":0,"commit_ns":0,"profile_ns":8061,"health_ns":1000411238,"query_wait_ms":5.60000008e-05,"query_map_ms":0.00316599989,"query_encode_ms":0.0790830031,"query_copied_bytes":64}
phase-progress {"kind":"phase","phase":"render","frame":73,"submitted":73,"completed":73,"bodies":1360,"joints":1260,"physics_ns":1002725663,"draw_ns":235250,"render_ns":0,"ui_ns":0,"commit_ns":0,"profile_ns":8061,"health_ns":1000411238,"query_wait_ms":5.60000008e-05,"query_map_ms":0.00316599989,"query_encode_ms":0.0790830031,"query_copied_bytes":64}
phase-progress {"kind":"phase","phase":"ui","frame":73,"submitted":73,"completed":73,"bodies":1360,"joints":1260,"physics_ns":1002725663,"draw_ns":235250,"render_ns":252385782,"ui_ns":0,"commit_ns":0,"profile_ns":8061,"health_ns":1000411238,"query_wait_ms":5.60000008e-05,"query_map_ms":0.00316599989,"query_encode_ms":0.0790830031,"query_copied_bytes":64}
phase-progress {"kind":"phase","phase":"commit","frame":73,"submitted":73,"completed":73,"bodies":1360,"joints":1260,"physics_ns":1002725663,"draw_ns":235250,"render_ns":252385782,"ui_ns":88391,"commit_ns":0,"profile_ns":8061,"health_ns":1000411238,"query_wait_ms":5.60000008e-05,"query_map_ms":0.00316599989,"query_encode_ms":0.0790830031,"query_copied_bytes":64}
phase-progress {"kind":"phase","phase":"limiter","frame":73,"submitted":73,"completed":73,"bodies":1360,"joints":1260,"physics_ns":1002725663,"draw_ns":235250,"render_ns":252385782,"ui_ns":88391,"commit_ns":16123,"profile_ns":8061,"health_ns":1000411238,"query_wait_ms":5.60000008e-05,"query_map_ms":0.00316599989,"query_encode_ms":0.0790830031,"query_copied_bytes":64}
phase-progress {"kind":"phase","phase":"end","frame":73,"submitted":73,"completed":73,"bodies":1360,"joints":1260,"physics_ns":1002725663,"draw_ns":235250,"render_ns":252385782,"ui_ns":88391,"commit_ns":16123,"profile_ns":8061,"health_ns":1000411238,"query_wait_ms":5.60000008e-05,"query_map_ms":0.00316599989,"query_encode_ms":0.0790830031,"query_copied_bytes":64}
phase-progress {"kind":"frame","phase":"end","frame":73,"submitted":73,"completed":73,"bodies":1360,"joints":1260,"physics_ns":1002725663,"draw_ns":235250,"render_ns":252385782,"ui_ns":88391,"commit_ns":16123,"profile_ns":8061,"health_ns":1000411238,"query_wait_ms":5.60000008e-05,"query_map_ms":0.00316599989,"query_encode_ms":0.0790830031,"query_copied_bytes":64}
phase-progress {"kind":"phase","phase":"setters","frame":74,"submitted":73,"completed":73,"bodies":0,"joints":0,"physics_ns":0,"draw_ns":0,"render_ns":0,"ui_ns":0,"commit_ns":0,"profile_ns":0,"health_ns":0,"query_wait_ms":0,"query_map_ms":0,"query_encode_ms":0,"query_copied_bytes":0}
phase-progress {"kind":"phase","phase":"physics","frame":74,"submitted":73,"completed":73,"bodies":0,"joints":0,"physics_ns":0,"draw_ns":0,"render_ns":0,"ui_ns":0,"commit_ns":0,"profile_ns":0,"health_ns":0,"query_wait_ms":0,"query_map_ms":0,"query_encode_ms":0,"query_copied_bytes":0}
phase-progress {"kind":"health_begin","phase":"health","frame":74,"submitted":73,"completed":73,"bodies":1360,"joints":1260,"physics_ns":0,"draw_ns":0,"render_ns":0,"ui_ns":0,"commit_ns":0,"profile_ns":0,"health_ns":0,"query_wait_ms":0,"query_map_ms":0,"query_encode_ms":0,"query_copied_bytes":0}
phase-progress {"kind":"health_end","phase":"health","frame":74,"submitted":73,"completed":73,"bodies":1360,"joints":1260,"physics_ns":0,"draw_ns":0,"render_ns":0,"ui_ns":0,"commit_ns":0,"profile_ns":0,"health_ns":948819003,"query_wait_ms":0,"query_map_ms":0,"query_encode_ms":0,"query_copied_bytes":0}
phase-progress {"kind":"phase","phase":"profile","frame":74,"submitted":73,"completed":73,"bodies":1360,"joints":1260,"physics_ns":951740480,"draw_ns":0,"render_ns":0,"ui_ns":0,"commit_ns":0,"profile_ns":0,"health_ns":948819003,"query_wait_ms":0,"query_map_ms":0,"query_encode_ms":0,"query_copied_bytes":0}
phase-progress {"kind":"phase","phase":"pick","frame":74,"submitted":73,"completed":73,"bodies":1360,"joints":1260,"physics_ns":951740480,"draw_ns":0,"render_ns":0,"ui_ns":0,"commit_ns":0,"profile_ns":8401,"health_ns":948819003,"query_wait_ms":0,"query_map_ms":0,"query_encode_ms":0,"query_copied_bytes":0}
phase-progress {"kind":"phase","phase":"draw","frame":74,"submitted":73,"completed":73,"bodies":1360,"joints":1260,"physics_ns":951740480,"draw_ns":0,"render_ns":0,"ui_ns":0,"commit_ns":0,"profile_ns":8401,"health_ns":948819003,"query_wait_ms":7.00000019e-05,"query_map_ms":0.00312400004,"query_encode_ms":0.0826320052,"query_copied_bytes":64}
phase-progress {"kind":"phase","phase":"render","frame":74,"submitted":74,"completed":74,"bodies":1360,"joints":1260,"physics_ns":951740480,"draw_ns":232954,"render_ns":0,"ui_ns":0,"commit_ns":0,"profile_ns":8401,"health_ns":948819003,"query_wait_ms":7.00000019e-05,"query_map_ms":0.00312400004,"query_encode_ms":0.0826320052,"query_copied_bytes":64}
phase-progress {"kind":"phase","phase":"ui","frame":74,"submitted":74,"completed":74,"bodies":1360,"joints":1260,"physics_ns":951740480,"draw_ns":232954,"render_ns":255276827,"ui_ns":0,"commit_ns":0,"profile_ns":8401,"health_ns":948819003,"query_wait_ms":7.00000019e-05,"query_map_ms":0.00312400004,"query_encode_ms":0.0826320052,"query_copied_bytes":64}
phase-progress {"kind":"phase","phase":"commit","frame":74,"submitted":74,"completed":74,"bodies":1360,"joints":1260,"physics_ns":951740480,"draw_ns":232954,"render_ns":255276827,"ui_ns":87765,"commit_ns":0,"profile_ns":8401,"health_ns":948819003,"query_wait_ms":7.00000019e-05,"query_map_ms":0.00312400004,"query_encode_ms":0.0826320052,"query_copied_bytes":64}
phase-progress {"kind":"phase","phase":"limiter","frame":74,"submitted":74,"completed":74,"bodies":1360,"joints":1260,"physics_ns":951740480,"draw_ns":232954,"render_ns":255276827,"ui_ns":87765,"commit_ns":15927,"profile_ns":8401,"health_ns":948819003,"query_wait_ms":7.00000019e-05,"query_map_ms":0.00312400004,"query_encode_ms":0.0826320052,"query_copied_bytes":64}
phase-progress {"kind":"phase","phase":"end","frame":74,"submitted":74,"completed":74,"bodies":1360,"joints":1260,"physics_ns":951740480,"draw_ns":232954,"render_ns":255276827,"ui_ns":87765,"commit_ns":15927,"profile_ns":8401,"health_ns":948819003,"query_wait_ms":7.00000019e-05,"query_map_ms":0.00312400004,"query_encode_ms":0.0826320052,"query_copied_bytes":64}
phase-progress {"kind":"frame","phase":"end","frame":74,"submitted":74,"completed":74,"bodies":1360,"joints":1260,"physics_ns":951740480,"draw_ns":232954,"render_ns":255276827,"ui_ns":87765,"commit_ns":15927,"profile_ns":8401,"health_ns":948819003,"query_wait_ms":7.00000019e-05,"query_map_ms":0.00312400004,"query_encode_ms":0.0826320052,"query_copied_bytes":64}
phase-progress {"kind":"phase","phase":"setters","frame":75,"submitted":74,"completed":74,"bodies":0,"joints":0,"physics_ns":0,"draw_ns":0,"render_ns":0,"ui_ns":0,"commit_ns":0,"profile_ns":0,"health_ns":0,"query_wait_ms":0,"query_map_ms":0,"query_encode_ms":0,"query_copied_bytes":0}
phase-progress {"kind":"phase","phase":"physics","frame":75,"submitted":74,"completed":74,"bodies":0,"joints":0,"physics_ns":0,"draw_ns":0,"render_ns":0,"ui_ns":0,"commit_ns":0,"profile_ns":0,"health_ns":0,"query_wait_ms":0,"query_map_ms":0,"query_encode_ms":0,"query_copied_bytes":0}
phase-progress {"kind":"health_begin","phase":"health","frame":75,"submitted":74,"completed":74,"bodies":1360,"joints":1260,"physics_ns":0,"draw_ns":0,"render_ns":0,"ui_ns":0,"commit_ns":0,"profile_ns":0,"health_ns":0,"query_wait_ms":0,"query_map_ms":0,"query_encode_ms":0,"query_copied_bytes":0}
phase-progress {"kind":"health_end","phase":"health","frame":75,"submitted":74,"completed":74,"bodies":1360,"joints":1260,"physics_ns":0,"draw_ns":0,"render_ns":0,"ui_ns":0,"commit_ns":0,"profile_ns":0,"health_ns":1042884782,"query_wait_ms":0,"query_map_ms":0,"query_encode_ms":0,"query_copied_bytes":0}
phase-progress {"kind":"phase","phase":"profile","frame":75,"submitted":74,"completed":74,"bodies":1360,"joints":1260,"physics_ns":1045188498,"draw_ns":0,"render_ns":0,"ui_ns":0,"commit_ns":0,"profile_ns":0,"health_ns":1042884782,"query_wait_ms":0,"query_map_ms":0,"query_encode_ms":0,"query_copied_bytes":0}
phase-progress {"kind":"phase","phase":"pick","frame":75,"submitted":74,"completed":74,"bodies":1360,"joints":1260,"physics_ns":1045188498,"draw_ns":0,"render_ns":0,"ui_ns":0,"commit_ns":0,"profile_ns":8742,"health_ns":1042884782,"query_wait_ms":0,"query_map_ms":0,"query_encode_ms":0,"query_copied_bytes":0}
phase-progress {"kind":"phase","phase":"draw","frame":75,"submitted":74,"completed":74,"bodies":1360,"joints":1260,"physics_ns":1045188498,"draw_ns":0,"render_ns":0,"ui_ns":0,"commit_ns":0,"profile_ns":8742,"health_ns":1042884782,"query_wait_ms":7.10000022e-05,"query_map_ms":0.00357099995,"query_encode_ms":0.0796980038,"query_copied_bytes":64}
phase-progress {"kind":"phase","phase":"render","frame":75,"submitted":75,"completed":75,"bodies":1360,"joints":1260,"physics_ns":1045188498,"draw_ns":229023,"render_ns":0,"ui_ns":0,"commit_ns":0,"profile_ns":8742,"health_ns":1042884782,"query_wait_ms":7.10000022e-05,"query_map_ms":0.00357099995,"query_encode_ms":0.0796980038,"query_copied_bytes":64}
phase-progress {"kind":"phase","phase":"ui","frame":75,"submitted":75,"completed":75,"bodies":1360,"joints":1260,"physics_ns":1045188498,"draw_ns":229023,"render_ns":265917691,"ui_ns":0,"commit_ns":0,"profile_ns":8742,"health_ns":1042884782,"query_wait_ms":7.10000022e-05,"query_map_ms":0.00357099995,"query_encode_ms":0.0796980038,"query_copied_bytes":64}
phase-progress {"kind":"phase","phase":"commit","frame":75,"submitted":75,"completed":75,"bodies":1360,"joints":1260,"physics_ns":1045188498,"draw_ns":229023,"render_ns":265917691,"ui_ns":116892,"commit_ns":0,"profile_ns":8742,"health_ns":1042884782,"query_wait_ms":7.10000022e-05,"query_map_ms":0.00357099995,"query_encode_ms":0.0796980038,"query_copied_bytes":64}
phase-progress {"kind":"phase","phase":"limiter","frame":75,"submitted":75,"completed":75,"bodies":1360,"joints":1260,"physics_ns":1045188498,"draw_ns":229023,"render_ns":265917691,"ui_ns":116892,"commit_ns":23366,"profile_ns":8742,"health_ns":1042884782,"query_wait_ms":7.10000022e-05,"query_map_ms":0.00357099995,"query_encode_ms":0.0796980038,"query_copied_bytes":64}
phase-progress {"kind":"phase","phase":"end","frame":75,"submitted":75,"completed":75,"bodies":1360,"joints":1260,"physics_ns":1045188498,"draw_ns":229023,"render_ns":265917691,"ui_ns":116892,"commit_ns":23366,"profile_ns":8742,"health_ns":1042884782,"query_wait_ms":7.10000022e-05,"query_map_ms":0.00357099995,"query_encode_ms":0.0796980038,"query_copied_bytes":64}
phase-progress {"kind":"frame","phase":"end","frame":75,"submitted":75,"completed":75,"bodies":1360,"joints":1260,"physics_ns":1045188498,"draw_ns":229023,"render_ns":265917691,"ui_ns":116892,"commit_ns":23366,"profile_ns":8742,"health_ns":1042884782,"query_wait_ms":7.10000022e-05,"query_map_ms":0.00357099995,"query_encode_ms":0.0796980038,"query_copied_bytes":64}
phase-progress {"kind":"phase","phase":"setters","frame":76,"submitted":75,"completed":75,"bodies":0,"joints":0,"physics_ns":0,"draw_ns":0,"render_ns":0,"ui_ns":0,"commit_ns":0,"profile_ns":0,"health_ns":0,"query_wait_ms":0,"query_map_ms":0,"query_encode_ms":0,"query_copied_bytes":0}
phase-progress {"kind":"phase","phase":"physics","frame":76,"submitted":75,"completed":75,"bodies":0,"joints":0,"physics_ns":0,"draw_ns":0,"render_ns":0,"ui_ns":0,"commit_ns":0,"profile_ns":0,"health_ns":0,"query_wait_ms":0,"query_map_ms":0,"query_encode_ms":0,"query_copied_bytes":0}
phase-progress {"kind":"health_begin","phase":"health","frame":76,"submitted":75,"completed":75,"bodies":1360,"joints":1260,"physics_ns":0,"draw_ns":0,"render_ns":0,"ui_ns":0,"commit_ns":0,"profile_ns":0,"health_ns":0,"query_wait_ms":0,"query_map_ms":0,"query_encode_ms":0,"query_copied_bytes":0}
phase-progress {"kind":"health_end","phase":"health","frame":76,"submitted":75,"completed":75,"bodies":1360,"joints":1260,"physics_ns":0,"draw_ns":0,"render_ns":0,"ui_ns":0,"commit_ns":0,"profile_ns":0,"health_ns":907014085,"query_wait_ms":0,"query_map_ms":0,"query_encode_ms":0,"query_copied_bytes":0}
phase-progress {"kind":"phase","phase":"profile","frame":76,"submitted":75,"completed":75,"bodies":1360,"joints":1260,"physics_ns":910016942,"draw_ns":0,"render_ns":0,"ui_ns":0,"commit_ns":0,"profile_ns":0,"health_ns":907014085,"query_wait_ms":0,"query_map_ms":0,"query_encode_ms":0,"query_copied_bytes":0}
phase-progress {"kind":"phase","phase":"pick","frame":76,"submitted":75,"completed":75,"bodies":1360,"joints":1260,"physics_ns":910016942,"draw_ns":0,"render_ns":0,"ui_ns":0,"commit_ns":0,"profile_ns":8418,"health_ns":907014085,"query_wait_ms":0,"query_map_ms":0,"query_encode_ms":0,"query_copied_bytes":0}
phase-progress {"kind":"phase","phase":"draw","frame":76,"submitted":75,"completed":75,"bodies":1360,"joints":1260,"physics_ns":910016942,"draw_ns":0,"render_ns":0,"ui_ns":0,"commit_ns":0,"profile_ns":8418,"health_ns":907014085,"query_wait_ms":5.80000014e-05,"query_map_ms":0.00298500014,"query_encode_ms":0.082220003,"query_copied_bytes":64}
phase-progress {"kind":"phase","phase":"render","frame":76,"submitted":76,"completed":76,"bodies":1360,"joints":1260,"physics_ns":910016942,"draw_ns":222796,"render_ns":0,"ui_ns":0,"commit_ns":0,"profile_ns":8418,"health_ns":907014085,"query_wait_ms":5.80000014e-05,"query_map_ms":0.00298500014,"query_encode_ms":0.082220003,"query_copied_bytes":64}
phase-progress {"kind":"phase","phase":"ui","frame":76,"submitted":76,"completed":76,"bodies":1360,"joints":1260,"physics_ns":910016942,"draw_ns":222796,"render_ns":270422617,"ui_ns":0,"commit_ns":0,"profile_ns":8418,"health_ns":907014085,"query_wait_ms":5.80000014e-05,"query_map_ms":0.00298500014,"query_encode_ms":0.082220003,"query_copied_bytes":64}
phase-progress {"kind":"phase","phase":"commit","frame":76,"submitted":76,"completed":76,"bodies":1360,"joints":1260,"physics_ns":910016942,"draw_ns":222796,"render_ns":270422617,"ui_ns":90124,"commit_ns":0,"profile_ns":8418,"health_ns":907014085,"query_wait_ms":5.80000014e-05,"query_map_ms":0.00298500014,"query_encode_ms":0.082220003,"query_copied_bytes":64}
phase-progress {"kind":"phase","phase":"limiter","frame":76,"submitted":76,"completed":76,"bodies":1360,"joints":1260,"physics_ns":910016942,"draw_ns":222796,"render_ns":270422617,"ui_ns":90124,"commit_ns":15827,"profile_ns":8418,"health_ns":907014085,"query_wait_ms":5.80000014e-05,"query_map_ms":0.00298500014,"query_encode_ms":0.082220003,"query_copied_bytes":64}
phase-progress {"kind":"phase","phase":"end","frame":76,"submitted":76,"completed":76,"bodies":1360,"joints":1260,"physics_ns":910016942,"draw_ns":222796,"render_ns":270422617,"ui_ns":90124,"commit_ns":15827,"profile_ns":8418,"health_ns":907014085,"query_wait_ms":5.80000014e-05,"query_map_ms":0.00298500014,"query_encode_ms":0.082220003,"query_copied_bytes":64}
phase-progress {"kind":"frame","phase":"end","frame":76,"submitted":76,"completed":76,"bodies":1360,"joints":1260,"physics_ns":910016942,"draw_ns":222796,"render_ns":270422617,"ui_ns":90124,"commit_ns":15827,"profile_ns":8418,"health_ns":907014085,"query_wait_ms":5.80000014e-05,"query_map_ms":0.00298500014,"query_encode_ms":0.082220003,"query_copied_bytes":64}
phase-progress {"kind":"phase","phase":"setters","frame":77,"submitted":76,"completed":76,"bodies":0,"joints":0,"physics_ns":0,"draw_ns":0,"render_ns":0,"ui_ns":0,"commit_ns":0,"profile_ns":0,"health_ns":0,"query_wait_ms":0,"query_map_ms":0,"query_encode_ms":0,"query_copied_bytes":0}
phase-progress {"kind":"phase","phase":"physics","frame":77,"submitted":76,"completed":76,"bodies":0,"joints":0,"physics_ns":0,"draw_ns":0,"render_ns":0,"ui_ns":0,"commit_ns":0,"profile_ns":0,"health_ns":0,"query_wait_ms":0,"query_map_ms":0,"query_encode_ms":0,"query_copied_bytes":0}
phase-progress {"kind":"health_begin","phase":"health","frame":77,"submitted":76,"completed":76,"bodies":1360,"joints":1260,"physics_ns":0,"draw_ns":0,"render_ns":0,"ui_ns":0,"commit_ns":0,"profile_ns":0,"health_ns":0,"query_wait_ms":0,"query_map_ms":0,"query_encode_ms":0,"query_copied_bytes":0}
phase-progress {"kind":"health_end","phase":"health","frame":77,"submitted":76,"completed":76,"bodies":1360,"joints":1260,"physics_ns":0,"draw_ns":0,"render_ns":0,"ui_ns":0,"commit_ns":0,"profile_ns":0,"health_ns":879196275,"query_wait_ms":0,"query_map_ms":0,"query_encode_ms":0,"query_copied_bytes":0}
phase-progress {"kind":"phase","phase":"profile","frame":77,"submitted":76,"completed":76,"bodies":1360,"joints":1260,"physics_ns":881526452,"draw_ns":0,"render_ns":0,"ui_ns":0,"commit_ns":0,"profile_ns":0,"health_ns":879196275,"query_wait_ms":0,"query_map_ms":0,"query_encode_ms":0,"query_copied_bytes":0}
phase-progress {"kind":"phase","phase":"pick","frame":77,"submitted":76,"completed":76,"bodies":1360,"joints":1260,"physics_ns":881526452,"draw_ns":0,"render_ns":0,"ui_ns":0,"commit_ns":0,"profile_ns":8576,"health_ns":879196275,"query_wait_ms":0,"query_map_ms":0,"query_encode_ms":0,"query_copied_bytes":0}
phase-progress {"kind":"phase","phase":"draw","frame":77,"submitted":76,"completed":76,"bodies":1360,"joints":1260,"physics_ns":881526452,"draw_ns":0,"render_ns":0,"ui_ns":0,"commit_ns":0,"profile_ns":8576,"health_ns":879196275,"query_wait_ms":6.50000002e-05,"query_map_ms":0.0032889999,"query_encode_ms":0.0816679969,"query_copied_bytes":64}
phase-progress {"kind":"phase","phase":"render","frame":77,"submitted":77,"completed":77,"bodies":1360,"joints":1260,"physics_ns":881526452,"draw_ns":239199,"render_ns":0,"ui_ns":0,"commit_ns":0,"profile_ns":8576,"health_ns":879196275,"query_wait_ms":6.50000002e-05,"query_map_ms":0.0032889999,"query_encode_ms":0.0816679969,"query_copied_bytes":64}
phase-progress {"kind":"phase","phase":"ui","frame":77,"submitted":77,"completed":77,"bodies":1360,"joints":1260,"physics_ns":881526452,"draw_ns":239199,"render_ns":281072633,"ui_ns":0,"commit_ns":0,"profile_ns":8576,"health_ns":879196275,"query_wait_ms":6.50000002e-05,"query_map_ms":0.0032889999,"query_encode_ms":0.0816679969,"query_copied_bytes":64}
phase-progress {"kind":"phase","phase":"commit","frame":77,"submitted":77,"completed":77,"bodies":1360,"joints":1260,"physics_ns":881526452,"draw_ns":239199,"render_ns":281072633,"ui_ns":86206,"commit_ns":0,"profile_ns":8576,"health_ns":879196275,"query_wait_ms":6.50000002e-05,"query_map_ms":0.0032889999,"query_encode_ms":0.0816679969,"query_copied_bytes":64}
phase-progress {"kind":"phase","phase":"limiter","frame":77,"submitted":77,"completed":77,"bodies":1360,"joints":1260,"physics_ns":881526452,"draw_ns":239199,"render_ns":281072633,"ui_ns":86206,"commit_ns":15515,"profile_ns":8576,"health_ns":879196275,"query_wait_ms":6.50000002e-05,"query_map_ms":0.0032889999,"query_encode_ms":0.0816679969,"query_copied_bytes":64}
phase-progress {"kind":"phase","phase":"end","frame":77,"submitted":77,"completed":77,"bodies":1360,"joints":1260,"physics_ns":881526452,"draw_ns":239199,"render_ns":281072633,"ui_ns":86206,"commit_ns":15515,"profile_ns":8576,"health_ns":879196275,"query_wait_ms":6.50000002e-05,"query_map_ms":0.0032889999,"query_encode_ms":0.0816679969,"query_copied_bytes":64}
phase-progress {"kind":"frame","phase":"end","frame":77,"submitted":77,"completed":77,"bodies":1360,"joints":1260,"physics_ns":881526452,"draw_ns":239199,"render_ns":281072633,"ui_ns":86206,"commit_ns":15515,"profile_ns":8576,"health_ns":879196275,"query_wait_ms":6.50000002e-05,"query_map_ms":0.0032889999,"query_encode_ms":0.0816679969,"query_copied_bytes":64}
phase-progress {"kind":"phase","phase":"setters","frame":78,"submitted":77,"completed":77,"bodies":0,"joints":0,"physics_ns":0,"draw_ns":0,"render_ns":0,"ui_ns":0,"commit_ns":0,"profile_ns":0,"health_ns":0,"query_wait_ms":0,"query_map_ms":0,"query_encode_ms":0,"query_copied_bytes":0}
phase-progress {"kind":"phase","phase":"physics","frame":78,"submitted":77,"completed":77,"bodies":0,"joints":0,"physics_ns":0,"draw_ns":0,"render_ns":0,"ui_ns":0,"commit_ns":0,"profile_ns":0,"health_ns":0,"query_wait_ms":0,"query_map_ms":0,"query_encode_ms":0,"query_copied_bytes":0}
phase-progress {"kind":"health_begin","phase":"health","frame":78,"submitted":77,"completed":77,"bodies":1360,"joints":1260,"physics_ns":0,"draw_ns":0,"render_ns":0,"ui_ns":0,"commit_ns":0,"profile_ns":0,"health_ns":0,"query_wait_ms":0,"query_map_ms":0,"query_encode_ms":0,"query_copied_bytes":0}
phase-progress {"kind":"health_end","phase":"health","frame":78,"submitted":77,"completed":77,"bodies":1360,"joints":1260,"physics_ns":0,"draw_ns":0,"render_ns":0,"ui_ns":0,"commit_ns":0,"profile_ns":0,"health_ns":897202763,"query_wait_ms":0,"query_map_ms":0,"query_encode_ms":0,"query_copied_bytes":0}
phase-progress {"kind":"phase","phase":"profile","frame":78,"submitted":77,"completed":77,"bodies":1360,"joints":1260,"physics_ns":899514821,"draw_ns":0,"render_ns":0,"ui_ns":0,"commit_ns":0,"profile_ns":0,"health_ns":897202763,"query_wait_ms":0,"query_map_ms":0,"query_encode_ms":0,"query_copied_bytes":0}
phase-progress {"kind":"phase","phase":"pick","frame":78,"submitted":77,"completed":77,"bodies":1360,"joints":1260,"physics_ns":899514821,"draw_ns":0,"render_ns":0,"ui_ns":0,"commit_ns":0,"profile_ns":8488,"health_ns":897202763,"query_wait_ms":0,"query_map_ms":0,"query_encode_ms":0,"query_copied_bytes":0}
phase-progress {"kind":"phase","phase":"draw","frame":78,"submitted":77,"completed":77,"bodies":1360,"joints":1260,"physics_ns":899514821,"draw_ns":0,"render_ns":0,"ui_ns":0,"commit_ns":0,"profile_ns":8488,"health_ns":897202763,"query_wait_ms":5.90000018e-05,"query_map_ms":0.00337899989,"query_encode_ms":0.077734001,"query_copied_bytes":64}
phase-progress {"kind":"phase","phase":"render","frame":78,"submitted":78,"completed":78,"bodies":1360,"joints":1260,"physics_ns":899514821,"draw_ns":224667,"render_ns":0,"ui_ns":0,"commit_ns":0,"profile_ns":8488,"health_ns":897202763,"query_wait_ms":5.90000018e-05,"query_map_ms":0.00337899989,"query_encode_ms":0.077734001,"query_copied_bytes":64}
phase-progress {"kind":"phase","phase":"ui","frame":78,"submitted":78,"completed":78,"bodies":1360,"joints":1260,"physics_ns":899514821,"draw_ns":224667,"render_ns":256007111,"ui_ns":0,"commit_ns":0,"profile_ns":8488,"health_ns":897202763,"query_wait_ms":5.90000018e-05,"query_map_ms":0.00337899989,"query_encode_ms":0.077734001,"query_copied_bytes":64}
phase-progress {"kind":"phase","phase":"commit","frame":78,"submitted":78,"completed":78,"bodies":1360,"joints":1260,"physics_ns":899514821,"draw_ns":224667,"render_ns":256007111,"ui_ns":89187,"commit_ns":0,"profile_ns":8488,"health_ns":897202763,"query_wait_ms":5.90000018e-05,"query_map_ms":0.00337899989,"query_encode_ms":0.077734001,"query_copied_bytes":64}
phase-progress {"kind":"phase","phase":"limiter","frame":78,"submitted":78,"completed":78,"bodies":1360,"joints":1260,"physics_ns":899514821,"draw_ns":224667,"render_ns":256007111,"ui_ns":89187,"commit_ns":15256,"profile_ns":8488,"health_ns":897202763,"query_wait_ms":5.90000018e-05,"query_map_ms":0.00337899989,"query_encode_ms":0.077734001,"query_copied_bytes":64}
phase-progress {"kind":"phase","phase":"end","frame":78,"submitted":78,"completed":78,"bodies":1360,"joints":1260,"physics_ns":899514821,"draw_ns":224667,"render_ns":256007111,"ui_ns":89187,"commit_ns":15256,"profile_ns":8488,"health_ns":897202763,"query_wait_ms":5.90000018e-05,"query_map_ms":0.00337899989,"query_encode_ms":0.077734001,"query_copied_bytes":64}
phase-progress {"kind":"frame","phase":"end","frame":78,"submitted":78,"completed":78,"bodies":1360,"joints":1260,"physics_ns":899514821,"draw_ns":224667,"render_ns":256007111,"ui_ns":89187,"commit_ns":15256,"profile_ns":8488,"health_ns":897202763,"query_wait_ms":5.90000018e-05,"query_map_ms":0.00337899989,"query_encode_ms":0.077734001,"query_copied_bytes":64}
phase-progress {"kind":"phase","phase":"setters","frame":79,"submitted":78,"completed":78,"bodies":0,"joints":0,"physics_ns":0,"draw_ns":0,"render_ns":0,"ui_ns":0,"commit_ns":0,"profile_ns":0,"health_ns":0,"query_wait_ms":0,"query_map_ms":0,"query_encode_ms":0,"query_copied_bytes":0}
phase-progress {"kind":"phase","phase":"physics","frame":79,"submitted":78,"completed":78,"bodies":0,"joints":0,"physics_ns":0,"draw_ns":0,"render_ns":0,"ui_ns":0,"commit_ns":0,"profile_ns":0,"health_ns":0,"query_wait_ms":0,"query_map_ms":0,"query_encode_ms":0,"query_copied_bytes":0}
phase-progress {"kind":"health_begin","phase":"health","frame":79,"submitted":78,"completed":78,"bodies":1360,"joints":1260,"physics_ns":0,"draw_ns":0,"render_ns":0,"ui_ns":0,"commit_ns":0,"profile_ns":0,"health_ns":0,"query_wait_ms":0,"query_map_ms":0,"query_encode_ms":0,"query_copied_bytes":0}
phase-progress {"kind":"health_end","phase":"health","frame":79,"submitted":78,"completed":78,"bodies":1360,"joints":1260,"physics_ns":0,"draw_ns":0,"render_ns":0,"ui_ns":0,"commit_ns":0,"profile_ns":0,"health_ns":953630731,"query_wait_ms":0,"query_map_ms":0,"query_encode_ms":0,"query_copied_bytes":0}
phase-progress {"kind":"phase","phase":"profile","frame":79,"submitted":78,"completed":78,"bodies":1360,"joints":1260,"physics_ns":955916795,"draw_ns":0,"render_ns":0,"ui_ns":0,"commit_ns":0,"profile_ns":0,"health_ns":953630731,"query_wait_ms":0,"query_map_ms":0,"query_encode_ms":0,"query_copied_bytes":0}
phase-progress {"kind":"phase","phase":"pick","frame":79,"submitted":78,"completed":78,"bodies":1360,"joints":1260,"physics_ns":955916795,"draw_ns":0,"render_ns":0,"ui_ns":0,"commit_ns":0,"profile_ns":8803,"health_ns":953630731,"query_wait_ms":0,"query_map_ms":0,"query_encode_ms":0,"query_copied_bytes":0}
phase-progress {"kind":"phase","phase":"draw","frame":79,"submitted":78,"completed":78,"bodies":1360,"joints":1260,"physics_ns":955916795,"draw_ns":0,"render_ns":0,"ui_ns":0,"commit_ns":0,"profile_ns":8803,"health_ns":953630731,"query_wait_ms":5.60000008e-05,"query_map_ms":0.00322100008,"query_encode_ms":0.0833669975,"query_copied_bytes":64}
phase-progress {"kind":"phase","phase":"render","frame":79,"submitted":79,"completed":79,"bodies":1360,"joints":1260,"physics_ns":955916795,"draw_ns":230296,"render_ns":0,"ui_ns":0,"commit_ns":0,"profile_ns":8803,"health_ns":953630731,"query_wait_ms":5.60000008e-05,"query_map_ms":0.00322100008,"query_encode_ms":0.0833669975,"query_copied_bytes":64}
phase-progress {"kind":"phase","phase":"ui","frame":79,"submitted":79,"completed":79,"bodies":1360,"joints":1260,"physics_ns":955916795,"draw_ns":230296,"render_ns":252390795,"ui_ns":0,"commit_ns":0,"profile_ns":8803,"health_ns":953630731,"query_wait_ms":5.60000008e-05,"query_map_ms":0.00322100008,"query_encode_ms":0.0833669975,"query_copied_bytes":64}
phase-progress {"kind":"phase","phase":"commit","frame":79,"submitted":79,"completed":79,"bodies":1360,"joints":1260,"physics_ns":955916795,"draw_ns":230296,"render_ns":252390795,"ui_ns":87568,"commit_ns":0,"profile_ns":8803,"health_ns":953630731,"query_wait_ms":5.60000008e-05,"query_map_ms":0.00322100008,"query_encode_ms":0.0833669975,"query_copied_bytes":64}
phase-progress {"kind":"phase","phase":"limiter","frame":79,"submitted":79,"completed":79,"bodies":1360,"joints":1260,"physics_ns":955916795,"draw_ns":230296,"render_ns":252390795,"ui_ns":87568,"commit_ns":16019,"profile_ns":8803,"health_ns":953630731,"query_wait_ms":5.60000008e-05,"query_map_ms":0.00322100008,"query_encode_ms":0.0833669975,"query_copied_bytes":64}
phase-progress {"kind":"phase","phase":"end","frame":79,"submitted":79,"completed":79,"bodies":1360,"joints":1260,"physics_ns":955916795,"draw_ns":230296,"render_ns":252390795,"ui_ns":87568,"commit_ns":16019,"profile_ns":8803,"health_ns":953630731,"query_wait_ms":5.60000008e-05,"query_map_ms":0.00322100008,"query_encode_ms":0.0833669975,"query_copied_bytes":64}
phase-progress {"kind":"frame","phase":"end","frame":79,"submitted":79,"completed":79,"bodies":1360,"joints":1260,"physics_ns":955916795,"draw_ns":230296,"render_ns":252390795,"ui_ns":87568,"commit_ns":16019,"profile_ns":8803,"health_ns":953630731,"query_wait_ms":5.60000008e-05,"query_map_ms":0.00322100008,"query_encode_ms":0.0833669975,"query_copied_bytes":64}
phase-progress {"kind":"phase","phase":"setters","frame":80,"submitted":79,"completed":79,"bodies":0,"joints":0,"physics_ns":0,"draw_ns":0,"render_ns":0,"ui_ns":0,"commit_ns":0,"profile_ns":0,"health_ns":0,"query_wait_ms":0,"query_map_ms":0,"query_encode_ms":0,"query_copied_bytes":0}
phase-progress {"kind":"phase","phase":"physics","frame":80,"submitted":79,"completed":79,"bodies":0,"joints":0,"physics_ns":0,"draw_ns":0,"render_ns":0,"ui_ns":0,"commit_ns":0,"profile_ns":0,"health_ns":0,"query_wait_ms":0,"query_map_ms":0,"query_encode_ms":0,"query_copied_bytes":0}
phase-progress {"kind":"health_begin","phase":"health","frame":80,"submitted":79,"completed":79,"bodies":1360,"joints":1260,"physics_ns":0,"draw_ns":0,"render_ns":0,"ui_ns":0,"commit_ns":0,"profile_ns":0,"health_ns":0,"query_wait_ms":0,"query_map_ms":0,"query_encode_ms":0,"query_copied_bytes":0}
phase-progress {"kind":"health_end","phase":"health","frame":80,"submitted":79,"completed":79,"bodies":1360,"joints":1260,"physics_ns":0,"draw_ns":0,"render_ns":0,"ui_ns":0,"commit_ns":0,"profile_ns":0,"health_ns":1021781164,"query_wait_ms":0,"query_map_ms":0,"query_encode_ms":0,"query_copied_bytes":0}
phase-progress {"kind":"phase","phase":"profile","frame":80,"submitted":79,"completed":79,"bodies":1360,"joints":1260,"physics_ns":1024125007,"draw_ns":0,"render_ns":0,"ui_ns":0,"commit_ns":0,"profile_ns":0,"health_ns":1021781164,"query_wait_ms":0,"query_map_ms":0,"query_encode_ms":0,"query_copied_bytes":0}
phase-progress {"kind":"phase","phase":"pick","frame":80,"submitted":79,"completed":79,"bodies":1360,"joints":1260,"physics_ns":1024125007,"draw_ns":0,"render_ns":0,"ui_ns":0,"commit_ns":0,"profile_ns":8639,"health_ns":1021781164,"query_wait_ms":0,"query_map_ms":0,"query_encode_ms":0,"query_copied_bytes":0}
phase-progress {"kind":"phase","phase":"draw","frame":80,"submitted":79,"completed":79,"bodies":1360,"joints":1260,"physics_ns":1024125007,"draw_ns":0,"render_ns":0,"ui_ns":0,"commit_ns":0,"profile_ns":8639,"health_ns":1021781164,"query_wait_ms":6.90000015e-05,"query_map_ms":0.00312000001,"query_encode_ms":0.0935840011,"query_copied_bytes":64}
phase-progress {"kind":"phase","phase":"render","frame":80,"submitted":80,"completed":80,"bodies":1360,"joints":1260,"physics_ns":1024125007,"draw_ns":222735,"render_ns":0,"ui_ns":0,"commit_ns":0,"profile_ns":8639,"health_ns":1021781164,"query_wait_ms":6.90000015e-05,"query_map_ms":0.00312000001,"query_encode_ms":0.0935840011,"query_copied_bytes":64}
phase-progress {"kind":"phase","phase":"ui","frame":80,"submitted":80,"completed":80,"bodies":1360,"joints":1260,"physics_ns":1024125007,"draw_ns":222735,"render_ns":249655955,"ui_ns":0,"commit_ns":0,"profile_ns":8639,"health_ns":1021781164,"query_wait_ms":6.90000015e-05,"query_map_ms":0.00312000001,"query_encode_ms":0.0935840011,"query_copied_bytes":64}
phase-progress {"kind":"phase","phase":"commit","frame":80,"submitted":80,"completed":80,"bodies":1360,"joints":1260,"physics_ns":1024125007,"draw_ns":222735,"render_ns":249655955,"ui_ns":97295,"commit_ns":0,"profile_ns":8639,"health_ns":1021781164,"query_wait_ms":6.90000015e-05,"query_map_ms":0.00312000001,"query_encode_ms":0.0935840011,"query_copied_bytes":64}
phase-progress {"kind":"phase","phase":"limiter","frame":80,"submitted":80,"completed":80,"bodies":1360,"joints":1260,"physics_ns":1024125007,"draw_ns":222735,"render_ns":249655955,"ui_ns":97295,"commit_ns":16319,"profile_ns":8639,"health_ns":1021781164,"query_wait_ms":6.90000015e-05,"query_map_ms":0.00312000001,"query_encode_ms":0.0935840011,"query_copied_bytes":64}
phase-progress {"kind":"phase","phase":"end","frame":80,"submitted":80,"completed":80,"bodies":1360,"joints":1260,"physics_ns":1024125007,"draw_ns":222735,"render_ns":249655955,"ui_ns":97295,"commit_ns":16319,"profile_ns":8639,"health_ns":1021781164,"query_wait_ms":6.90000015e-05,"query_map_ms":0.00312000001,"query_encode_ms":0.0935840011,"query_copied_bytes":64}
phase-progress {"kind":"frame","phase":"end","frame":80,"submitted":80,"completed":80,"bodies":1360,"joints":1260,"physics_ns":1024125007,"draw_ns":222735,"render_ns":249655955,"ui_ns":97295,"commit_ns":16319,"profile_ns":8639,"health_ns":1021781164,"query_wait_ms":6.90000015e-05,"query_map_ms":0.00312000001,"query_encode_ms":0.0935840011,"query_copied_bytes":64}
phase-progress {"kind":"phase","phase":"setters","frame":81,"submitted":80,"completed":80,"bodies":0,"joints":0,"physics_ns":0,"draw_ns":0,"render_ns":0,"ui_ns":0,"commit_ns":0,"profile_ns":0,"health_ns":0,"query_wait_ms":0,"query_map_ms":0,"query_encode_ms":0,"query_copied_bytes":0}
phase-progress {"kind":"phase","phase":"physics","frame":81,"submitted":80,"completed":80,"bodies":0,"joints":0,"physics_ns":0,"draw_ns":0,"render_ns":0,"ui_ns":0,"commit_ns":0,"profile_ns":0,"health_ns":0,"query_wait_ms":0,"query_map_ms":0,"query_encode_ms":0,"query_copied_bytes":0}
gpu-alloc scene generation=0 bodies=2080 shapes=2480 hull_points=3360 hull_planes=64 hull_edges=64 hull_topology=64 mesh_vertices=33700 mesh_triangles=64000 mesh_nodes=15800 materials=2480 joints=1680 scene_heap_bytes=3151424 max=536870912
gpu-scene-input shapes=1880 mesh_vertices=33700 mesh_triangles=64000 scene_heap_bytes=3151424
phase-progress {"kind":"health_begin","phase":"health","frame":81,"submitted":80,"completed":80,"bodies":1780,"joints":1680,"physics_ns":0,"draw_ns":0,"render_ns":0,"ui_ns":0,"commit_ns":0,"profile_ns":0,"health_ns":0,"query_wait_ms":0,"query_map_ms":0,"query_encode_ms":0,"query_copied_bytes":0}
phase-progress {"kind":"health_end","phase":"health","frame":81,"submitted":80,"completed":80,"bodies":1780,"joints":1680,"physics_ns":0,"draw_ns":0,"render_ns":0,"ui_ns":0,"commit_ns":0,"profile_ns":0,"health_ns":1443487074,"query_wait_ms":0,"query_map_ms":0,"query_encode_ms":0,"query_copied_bytes":0}
phase-progress {"kind":"phase","phase":"profile","frame":81,"submitted":80,"completed":80,"bodies":1780,"joints":1680,"physics_ns":1496293966,"draw_ns":0,"render_ns":0,"ui_ns":0,"commit_ns":0,"profile_ns":0,"health_ns":1443487074,"query_wait_ms":0,"query_map_ms":0,"query_encode_ms":0,"query_copied_bytes":0}
phase-progress {"kind":"phase","phase":"pick","frame":81,"submitted":80,"completed":80,"bodies":1780,"joints":1680,"physics_ns":1496293966,"draw_ns":0,"render_ns":0,"ui_ns":0,"commit_ns":0,"profile_ns":8657,"health_ns":1443487074,"query_wait_ms":0,"query_map_ms":0,"query_encode_ms":0,"query_copied_bytes":0}
phase-progress {"kind":"phase","phase":"draw","frame":81,"submitted":80,"completed":80,"bodies":1780,"joints":1680,"physics_ns":1496293966,"draw_ns":0,"render_ns":0,"ui_ns":0,"commit_ns":0,"profile_ns":8657,"health_ns":1443487074,"query_wait_ms":7.10000022e-05,"query_map_ms":0.00314699998,"query_encode_ms":0.081873998,"query_copied_bytes":64}
phase-progress {"kind":"phase","phase":"render","frame":81,"submitted":81,"completed":81,"bodies":1780,"joints":1680,"physics_ns":1496293966,"draw_ns":356496,"render_ns":0,"ui_ns":0,"commit_ns":0,"profile_ns":8657,"health_ns":1443487074,"query_wait_ms":7.10000022e-05,"query_map_ms":0.00314699998,"query_encode_ms":0.081873998,"query_copied_bytes":64}
phase-progress {"kind":"phase","phase":"ui","frame":81,"submitted":81,"completed":81,"bodies":1780,"joints":1680,"physics_ns":1496293966,"draw_ns":356496,"render_ns":258010133,"ui_ns":0,"commit_ns":0,"profile_ns":8657,"health_ns":1443487074,"query_wait_ms":7.10000022e-05,"query_map_ms":0.00314699998,"query_encode_ms":0.081873998,"query_copied_bytes":64}
phase-progress {"kind":"phase","phase":"commit","frame":81,"submitted":81,"completed":81,"bodies":1780,"joints":1680,"physics_ns":1496293966,"draw_ns":356496,"render_ns":258010133,"ui_ns":86709,"commit_ns":0,"profile_ns":8657,"health_ns":1443487074,"query_wait_ms":7.10000022e-05,"query_map_ms":0.00314699998,"query_encode_ms":0.081873998,"query_copied_bytes":64}
phase-progress {"kind":"phase","phase":"limiter","frame":81,"submitted":81,"completed":81,"bodies":1780,"joints":1680,"physics_ns":1496293966,"draw_ns":356496,"render_ns":258010133,"ui_ns":86709,"commit_ns":28808,"profile_ns":8657,"health_ns":1443487074,"query_wait_ms":7.10000022e-05,"query_map_ms":0.00314699998,"query_encode_ms":0.081873998,"query_copied_bytes":64}
phase-progress {"kind":"phase","phase":"end","frame":81,"submitted":81,"completed":81,"bodies":1780,"joints":1680,"physics_ns":1496293966,"draw_ns":356496,"render_ns":258010133,"ui_ns":86709,"commit_ns":28808,"profile_ns":8657,"health_ns":1443487074,"query_wait_ms":7.10000022e-05,"query_map_ms":0.00314699998,"query_encode_ms":0.081873998,"query_copied_bytes":64}
phase-progress {"kind":"frame","phase":"end","frame":81,"submitted":81,"completed":81,"bodies":1780,"joints":1680,"physics_ns":1496293966,"draw_ns":356496,"render_ns":258010133,"ui_ns":86709,"commit_ns":28808,"profile_ns":8657,"health_ns":1443487074,"query_wait_ms":7.10000022e-05,"query_map_ms":0.00314699998,"query_encode_ms":0.081873998,"query_copied_bytes":64}
phase-progress {"kind":"phase","phase":"setters","frame":82,"submitted":81,"completed":81,"bodies":0,"joints":0,"physics_ns":0,"draw_ns":0,"render_ns":0,"ui_ns":0,"commit_ns":0,"profile_ns":0,"health_ns":0,"query_wait_ms":0,"query_map_ms":0,"query_encode_ms":0,"query_copied_bytes":0}
phase-progress {"kind":"phase","phase":"physics","frame":82,"submitted":81,"completed":81,"bodies":0,"joints":0,"physics_ns":0,"draw_ns":0,"render_ns":0,"ui_ns":0,"commit_ns":0,"profile_ns":0,"health_ns":0,"query_wait_ms":0,"query_map_ms":0,"query_encode_ms":0,"query_copied_bytes":0}
phase-progress {"kind":"health_begin","phase":"health","frame":82,"submitted":81,"completed":81,"bodies":1780,"joints":1680,"physics_ns":0,"draw_ns":0,"render_ns":0,"ui_ns":0,"commit_ns":0,"profile_ns":0,"health_ns":0,"query_wait_ms":0,"query_map_ms":0,"query_encode_ms":0,"query_copied_bytes":0}
phase-progress {"kind":"health_end","phase":"health","frame":82,"submitted":81,"completed":81,"bodies":1780,"joints":1680,"physics_ns":0,"draw_ns":0,"render_ns":0,"ui_ns":0,"commit_ns":0,"profile_ns":0,"health_ns":1536641506,"query_wait_ms":0,"query_map_ms":0,"query_encode_ms":0,"query_copied_bytes":0}
phase-progress {"kind":"phase","phase":"profile","frame":82,"submitted":81,"completed":81,"bodies":1780,"joints":1680,"physics_ns":1539012902,"draw_ns":0,"render_ns":0,"ui_ns":0,"commit_ns":0,"profile_ns":0,"health_ns":1536641506,"query_wait_ms":0,"query_map_ms":0,"query_encode_ms":0,"query_copied_bytes":0}
phase-progress {"kind":"phase","phase":"pick","frame":82,"submitted":81,"completed":81,"bodies":1780,"joints":1680,"physics_ns":1539012902,"draw_ns":0,"render_ns":0,"ui_ns":0,"commit_ns":0,"profile_ns":8845,"health_ns":1536641506,"query_wait_ms":0,"query_map_ms":0,"query_encode_ms":0,"query_copied_bytes":0}
phase-progress {"kind":"phase","phase":"draw","frame":82,"submitted":81,"completed":81,"bodies":1780,"joints":1680,"physics_ns":1539012902,"draw_ns":0,"render_ns":0,"ui_ns":0,"commit_ns":0,"profile_ns":8845,"health_ns":1536641506,"query_wait_ms":5.99999985e-05,"query_map_ms":0.0034510002,"query_encode_ms":0.0799659938,"query_copied_bytes":64}
phase-progress {"kind":"phase","phase":"render","frame":82,"submitted":82,"completed":82,"bodies":1780,"joints":1680,"physics_ns":1539012902,"draw_ns":292330,"render_ns":0,"ui_ns":0,"commit_ns":0,"profile_ns":8845,"health_ns":1536641506,"query_wait_ms":5.99999985e-05,"query_map_ms":0.0034510002,"query_encode_ms":0.0799659938,"query_copied_bytes":64}
phase-progress {"kind":"phase","phase":"ui","frame":82,"submitted":82,"completed":82,"bodies":1780,"joints":1680,"physics_ns":1539012902,"draw_ns":292330,"render_ns":260247195,"ui_ns":0,"commit_ns":0,"profile_ns":8845,"health_ns":1536641506,"query_wait_ms":5.99999985e-05,"query_map_ms":0.0034510002,"query_encode_ms":0.0799659938,"query_copied_bytes":64}
phase-progress {"kind":"phase","phase":"commit","frame":82,"submitted":82,"completed":82,"bodies":1780,"joints":1680,"physics_ns":1539012902,"draw_ns":292330,"render_ns":260247195,"ui_ns":88842,"commit_ns":0,"profile_ns":8845,"health_ns":1536641506,"query_wait_ms":5.99999985e-05,"query_map_ms":0.0034510002,"query_encode_ms":0.0799659938,"query_copied_bytes":64}
phase-progress {"kind":"phase","phase":"limiter","frame":82,"submitted":82,"completed":82,"bodies":1780,"joints":1680,"physics_ns":1539012902,"draw_ns":292330,"render_ns":260247195,"ui_ns":88842,"commit_ns":29286,"profile_ns":8845,"health_ns":1536641506,"query_wait_ms":5.99999985e-05,"query_map_ms":0.0034510002,"query_encode_ms":0.0799659938,"query_copied_bytes":64}
phase-progress {"kind":"phase","phase":"end","frame":82,"submitted":82,"completed":82,"bodies":1780,"joints":1680,"physics_ns":1539012902,"draw_ns":292330,"render_ns":260247195,"ui_ns":88842,"commit_ns":29286,"profile_ns":8845,"health_ns":1536641506,"query_wait_ms":5.99999985e-05,"query_map_ms":0.0034510002,"query_encode_ms":0.0799659938,"query_copied_bytes":64}
phase-progress {"kind":"frame","phase":"end","frame":82,"submitted":82,"completed":82,"bodies":1780,"joints":1680,"physics_ns":1539012902,"draw_ns":292330,"render_ns":260247195,"ui_ns":88842,"commit_ns":29286,"profile_ns":8845,"health_ns":1536641506,"query_wait_ms":5.99999985e-05,"query_map_ms":0.0034510002,"query_encode_ms":0.0799659938,"query_copied_bytes":64}
phase-progress {"kind":"phase","phase":"setters","frame":83,"submitted":82,"completed":82,"bodies":0,"joints":0,"physics_ns":0,"draw_ns":0,"render_ns":0,"ui_ns":0,"commit_ns":0,"profile_ns":0,"health_ns":0,"query_wait_ms":0,"query_map_ms":0,"query_encode_ms":0,"query_copied_bytes":0}
phase-progress {"kind":"phase","phase":"physics","frame":83,"submitted":82,"completed":82,"bodies":0,"joints":0,"physics_ns":0,"draw_ns":0,"render_ns":0,"ui_ns":0,"commit_ns":0,"profile_ns":0,"health_ns":0,"query_wait_ms":0,"query_map_ms":0,"query_encode_ms":0,"query_copied_bytes":0}
phase-progress {"kind":"health_begin","phase":"health","frame":83,"submitted":82,"completed":82,"bodies":1780,"joints":1680,"physics_ns":0,"draw_ns":0,"render_ns":0,"ui_ns":0,"commit_ns":0,"profile_ns":0,"health_ns":0,"query_wait_ms":0,"query_map_ms":0,"query_encode_ms":0,"query_copied_bytes":0}
phase-progress {"kind":"health_end","phase":"health","frame":83,"submitted":82,"completed":82,"bodies":1780,"joints":1680,"physics_ns":0,"draw_ns":0,"render_ns":0,"ui_ns":0,"commit_ns":0,"profile_ns":0,"health_ns":1459825669,"query_wait_ms":0,"query_map_ms":0,"query_encode_ms":0,"query_copied_bytes":0}
phase-progress {"kind":"phase","phase":"profile","frame":83,"submitted":82,"completed":82,"bodies":1780,"joints":1680,"physics_ns":1462173706,"draw_ns":0,"render_ns":0,"ui_ns":0,"commit_ns":0,"profile_ns":0,"health_ns":1459825669,"query_wait_ms":0,"query_map_ms":0,"query_encode_ms":0,"query_copied_bytes":0}
phase-progress {"kind":"phase","phase":"pick","frame":83,"submitted":82,"completed":82,"bodies":1780,"joints":1680,"physics_ns":1462173706,"draw_ns":0,"render_ns":0,"ui_ns":0,"commit_ns":0,"profile_ns":11696,"health_ns":1459825669,"query_wait_ms":0,"query_map_ms":0,"query_encode_ms":0,"query_copied_bytes":0}
phase-progress {"kind":"phase","phase":"draw","frame":83,"submitted":82,"completed":82,"bodies":1780,"joints":1680,"physics_ns":1462173706,"draw_ns":0,"render_ns":0,"ui_ns":0,"commit_ns":0,"profile_ns":11696,"health_ns":1459825669,"query_wait_ms":6.70000009e-05,"query_map_ms":0.00315700006,"query_encode_ms":0.0809879974,"query_copied_bytes":64}
phase-progress {"kind":"phase","phase":"render","frame":83,"submitted":83,"completed":83,"bodies":1780,"joints":1680,"physics_ns":1462173706,"draw_ns":291936,"render_ns":0,"ui_ns":0,"commit_ns":0,"profile_ns":11696,"health_ns":1459825669,"query_wait_ms":6.70000009e-05,"query_map_ms":0.00315700006,"query_encode_ms":0.0809879974,"query_copied_bytes":64}
phase-progress {"kind":"phase","phase":"ui","frame":83,"submitted":83,"completed":83,"bodies":1780,"joints":1680,"physics_ns":1462173706,"draw_ns":291936,"render_ns":253534679,"ui_ns":0,"commit_ns":0,"profile_ns":11696,"health_ns":1459825669,"query_wait_ms":6.70000009e-05,"query_map_ms":0.00315700006,"query_encode_ms":0.0809879974,"query_copied_bytes":64}
phase-progress {"kind":"phase","phase":"commit","frame":83,"submitted":83,"completed":83,"bodies":1780,"joints":1680,"physics_ns":1462173706,"draw_ns":291936,"render_ns":253534679,"ui_ns":99494,"commit_ns":0,"profile_ns":11696,"health_ns":1459825669,"query_wait_ms":6.70000009e-05,"query_map_ms":0.00315700006,"query_encode_ms":0.0809879974,"query_copied_bytes":64}
phase-progress {"kind":"phase","phase":"limiter","frame":83,"submitted":83,"completed":83,"bodies":1780,"joints":1680,"physics_ns":1462173706,"draw_ns":291936,"render_ns":253534679,"ui_ns":99494,"commit_ns":15774,"profile_ns":11696,"health_ns":1459825669,"query_wait_ms":6.70000009e-05,"query_map_ms":0.00315700006,"query_encode_ms":0.0809879974,"query_copied_bytes":64}
phase-progress {"kind":"phase","phase":"end","frame":83,"submitted":83,"completed":83,"bodies":1780,"joints":1680,"physics_ns":1462173706,"draw_ns":291936,"render_ns":253534679,"ui_ns":99494,"commit_ns":15774,"profile_ns":11696,"health_ns":1459825669,"query_wait_ms":6.70000009e-05,"query_map_ms":0.00315700006,"query_encode_ms":0.0809879974,"query_copied_bytes":64}
phase-progress {"kind":"frame","phase":"end","frame":83,"submitted":83,"completed":83,"bodies":1780,"joints":1680,"physics_ns":1462173706,"draw_ns":291936,"render_ns":253534679,"ui_ns":99494,"commit_ns":15774,"profile_ns":11696,"health_ns":1459825669,"query_wait_ms":6.70000009e-05,"query_map_ms":0.00315700006,"query_encode_ms":0.0809879974,"query_copied_bytes":64}
phase-progress {"kind":"phase","phase":"setters","frame":84,"submitted":83,"completed":83,"bodies":0,"joints":0,"physics_ns":0,"draw_ns":0,"render_ns":0,"ui_ns":0,"commit_ns":0,"profile_ns":0,"health_ns":0,"query_wait_ms":0,"query_map_ms":0,"query_encode_ms":0,"query_copied_bytes":0}
phase-progress {"kind":"phase","phase":"physics","frame":84,"submitted":83,"completed":83,"bodies":0,"joints":0,"physics_ns":0,"draw_ns":0,"render_ns":0,"ui_ns":0,"commit_ns":0,"profile_ns":0,"health_ns":0,"query_wait_ms":0,"query_map_ms":0,"query_encode_ms":0,"query_copied_bytes":0}
phase-progress {"kind":"health_begin","phase":"health","frame":84,"submitted":83,"completed":83,"bodies":1780,"joints":1680,"physics_ns":0,"draw_ns":0,"render_ns":0,"ui_ns":0,"commit_ns":0,"profile_ns":0,"health_ns":0,"query_wait_ms":0,"query_map_ms":0,"query_encode_ms":0,"query_copied_bytes":0}
phase-progress {"kind":"health_end","phase":"health","frame":84,"submitted":83,"completed":83,"bodies":1780,"joints":1680,"physics_ns":0,"draw_ns":0,"render_ns":0,"ui_ns":0,"commit_ns":0,"profile_ns":0,"health_ns":1381210684,"query_wait_ms":0,"query_map_ms":0,"query_encode_ms":0,"query_copied_bytes":0}
phase-progress {"kind":"phase","phase":"profile","frame":84,"submitted":83,"completed":83,"bodies":1780,"joints":1680,"physics_ns":1383553379,"draw_ns":0,"render_ns":0,"ui_ns":0,"commit_ns":0,"profile_ns":0,"health_ns":1381210684,"query_wait_ms":0,"query_map_ms":0,"query_encode_ms":0,"query_copied_bytes":0}
phase-progress {"kind":"phase","phase":"pick","frame":84,"submitted":83,"completed":83,"bodies":1780,"joints":1680,"physics_ns":1383553379,"draw_ns":0,"render_ns":0,"ui_ns":0,"commit_ns":0,"profile_ns":12186,"health_ns":1381210684,"query_wait_ms":0,"query_map_ms":0,"query_encode_ms":0,"query_copied_bytes":0}
phase-progress {"kind":"phase","phase":"draw","frame":84,"submitted":83,"completed":83,"bodies":1780,"joints":1680,"physics_ns":1383553379,"draw_ns":0,"render_ns":0,"ui_ns":0,"commit_ns":0,"profile_ns":12186,"health_ns":1381210684,"query_wait_ms":7.19999953e-05,"query_map_ms":0.00309300004,"query_encode_ms":0.0805229992,"query_copied_bytes":64}
phase-progress {"kind":"phase","phase":"render","frame":84,"submitted":84,"completed":84,"bodies":1780,"joints":1680,"physics_ns":1383553379,"draw_ns":298664,"render_ns":0,"ui_ns":0,"commit_ns":0,"profile_ns":12186,"health_ns":1381210684,"query_wait_ms":7.19999953e-05,"query_map_ms":0.00309300004,"query_encode_ms":0.0805229992,"query_copied_bytes":64}
phase-progress {"kind":"phase","phase":"ui","frame":84,"submitted":84,"completed":84,"bodies":1780,"joints":1680,"physics_ns":1383553379,"draw_ns":298664,"render_ns":267241606,"ui_ns":0,"commit_ns":0,"profile_ns":12186,"health_ns":1381210684,"query_wait_ms":7.19999953e-05,"query_map_ms":0.00309300004,"query_encode_ms":0.0805229992,"query_copied_bytes":64}
phase-progress {"kind":"phase","phase":"commit","frame":84,"submitted":84,"completed":84,"bodies":1780,"joints":1680,"physics_ns":1383553379,"draw_ns":298664,"render_ns":267241606,"ui_ns":99206,"commit_ns":0,"profile_ns":12186,"health_ns":1381210684,"query_wait_ms":7.19999953e-05,"query_map_ms":0.00309300004,"query_encode_ms":0.0805229992,"query_copied_bytes":64}
phase-progress {"kind":"phase","phase":"limiter","frame":84,"submitted":84,"completed":84,"bodies":1780,"joints":1680,"physics_ns":1383553379,"draw_ns":298664,"render_ns":267241606,"ui_ns":99206,"commit_ns":16085,"profile_ns":12186,"health_ns":1381210684,"query_wait_ms":7.19999953e-05,"query_map_ms":0.00309300004,"query_encode_ms":0.0805229992,"query_copied_bytes":64}
phase-progress {"kind":"phase","phase":"end","frame":84,"submitted":84,"completed":84,"bodies":1780,"joints":1680,"physics_ns":1383553379,"draw_ns":298664,"render_ns":267241606,"ui_ns":99206,"commit_ns":16085,"profile_ns":12186,"health_ns":1381210684,"query_wait_ms":7.19999953e-05,"query_map_ms":0.00309300004,"query_encode_ms":0.0805229992,"query_copied_bytes":64}
phase-progress {"kind":"frame","phase":"end","frame":84,"submitted":84,"completed":84,"bodies":1780,"joints":1680,"physics_ns":1383553379,"draw_ns":298664,"render_ns":267241606,"ui_ns":99206,"commit_ns":16085,"profile_ns":12186,"health_ns":1381210684,"query_wait_ms":7.19999953e-05,"query_map_ms":0.00309300004,"query_encode_ms":0.0805229992,"query_copied_bytes":64}
phase-progress {"kind":"phase","phase":"setters","frame":85,"submitted":84,"completed":84,"bodies":0,"joints":0,"physics_ns":0,"draw_ns":0,"render_ns":0,"ui_ns":0,"commit_ns":0,"profile_ns":0,"health_ns":0,"query_wait_ms":0,"query_map_ms":0,"query_encode_ms":0,"query_copied_bytes":0}
phase-progress {"kind":"phase","phase":"physics","frame":85,"submitted":84,"completed":84,"bodies":0,"joints":0,"physics_ns":0,"draw_ns":0,"render_ns":0,"ui_ns":0,"commit_ns":0,"profile_ns":0,"health_ns":0,"query_wait_ms":0,"query_map_ms":0,"query_encode_ms":0,"query_copied_bytes":0}
phase-progress {"kind":"health_begin","phase":"health","frame":85,"submitted":84,"completed":84,"bodies":1780,"joints":1680,"physics_ns":0,"draw_ns":0,"render_ns":0,"ui_ns":0,"commit_ns":0,"profile_ns":0,"health_ns":0,"query_wait_ms":0,"query_map_ms":0,"query_encode_ms":0,"query_copied_bytes":0}
phase-progress {"kind":"health_end","phase":"health","frame":85,"submitted":84,"completed":84,"bodies":1780,"joints":1680,"physics_ns":0,"draw_ns":0,"render_ns":0,"ui_ns":0,"commit_ns":0,"profile_ns":0,"health_ns":1595641225,"query_wait_ms":0,"query_map_ms":0,"query_encode_ms":0,"query_copied_bytes":0}
phase-progress {"kind":"phase","phase":"profile","frame":85,"submitted":84,"completed":84,"bodies":1780,"joints":1680,"physics_ns":1597996421,"draw_ns":0,"render_ns":0,"ui_ns":0,"commit_ns":0,"profile_ns":0,"health_ns":1595641225,"query_wait_ms":0,"query_map_ms":0,"query_encode_ms":0,"query_copied_bytes":0}
phase-progress {"kind":"phase","phase":"pick","frame":85,"submitted":84,"completed":84,"bodies":1780,"joints":1680,"physics_ns":1597996421,"draw_ns":0,"render_ns":0,"ui_ns":0,"commit_ns":0,"profile_ns":8310,"health_ns":1595641225,"query_wait_ms":0,"query_map_ms":0,"query_encode_ms":0,"query_copied_bytes":0}
phase-progress {"kind":"phase","phase":"draw","frame":85,"submitted":84,"completed":84,"bodies":1780,"joints":1680,"physics_ns":1597996421,"draw_ns":0,"render_ns":0,"ui_ns":0,"commit_ns":0,"profile_ns":8310,"health_ns":1595641225,"query_wait_ms":6.90000015e-05,"query_map_ms":0.00342799979,"query_encode_ms":0.079625003,"query_copied_bytes":64}
phase-progress {"kind":"phase","phase":"render","frame":85,"submitted":85,"completed":85,"bodies":1780,"joints":1680,"physics_ns":1597996421,"draw_ns":286556,"render_ns":0,"ui_ns":0,"commit_ns":0,"profile_ns":8310,"health_ns":1595641225,"query_wait_ms":6.90000015e-05,"query_map_ms":0.00342799979,"query_encode_ms":0.079625003,"query_copied_bytes":64}
phase-progress {"kind":"phase","phase":"ui","frame":85,"submitted":85,"completed":85,"bodies":1780,"joints":1680,"physics_ns":1597996421,"draw_ns":286556,"render_ns":275772694,"ui_ns":0,"commit_ns":0,"profile_ns":8310,"health_ns":1595641225,"query_wait_ms":6.90000015e-05,"query_map_ms":0.00342799979,"query_encode_ms":0.079625003,"query_copied_bytes":64}
phase-progress {"kind":"phase","phase":"commit","frame":85,"submitted":85,"completed":85,"bodies":1780,"joints":1680,"physics_ns":1597996421,"draw_ns":286556,"render_ns":275772694,"ui_ns":139878,"commit_ns":0,"profile_ns":8310,"health_ns":1595641225,"query_wait_ms":6.90000015e-05,"query_map_ms":0.00342799979,"query_encode_ms":0.079625003,"query_copied_bytes":64}
phase-progress {"kind":"phase","phase":"limiter","frame":85,"submitted":85,"completed":85,"bodies":1780,"joints":1680,"physics_ns":1597996421,"draw_ns":286556,"render_ns":275772694,"ui_ns":139878,"commit_ns":23084,"profile_ns":8310,"health_ns":1595641225,"query_wait_ms":6.90000015e-05,"query_map_ms":0.00342799979,"query_encode_ms":0.079625003,"query_copied_bytes":64}
phase-progress {"kind":"phase","phase":"end","frame":85,"submitted":85,"completed":85,"bodies":1780,"joints":1680,"physics_ns":1597996421,"draw_ns":286556,"render_ns":275772694,"ui_ns":139878,"commit_ns":23084,"profile_ns":8310,"health_ns":1595641225,"query_wait_ms":6.90000015e-05,"query_map_ms":0.00342799979,"query_encode_ms":0.079625003,"query_copied_bytes":64}
phase-progress {"kind":"frame","phase":"end","frame":85,"submitted":85,"completed":85,"bodies":1780,"joints":1680,"physics_ns":1597996421,"draw_ns":286556,"render_ns":275772694,"ui_ns":139878,"commit_ns":23084,"profile_ns":8310,"health_ns":1595641225,"query_wait_ms":6.90000015e-05,"query_map_ms":0.00342799979,"query_encode_ms":0.079625003,"query_copied_bytes":64}
phase-progress {"kind":"phase","phase":"setters","frame":86,"submitted":85,"completed":85,"bodies":0,"joints":0,"physics_ns":0,"draw_ns":0,"render_ns":0,"ui_ns":0,"commit_ns":0,"profile_ns":0,"health_ns":0,"query_wait_ms":0,"query_map_ms":0,"query_encode_ms":0,"query_copied_bytes":0}
phase-progress {"kind":"phase","phase":"physics","frame":86,"submitted":85,"completed":85,"bodies":0,"joints":0,"physics_ns":0,"draw_ns":0,"render_ns":0,"ui_ns":0,"commit_ns":0,"profile_ns":0,"health_ns":0,"query_wait_ms":0,"query_map_ms":0,"query_encode_ms":0,"query_copied_bytes":0}
phase-progress {"kind":"health_begin","phase":"health","frame":86,"submitted":85,"completed":85,"bodies":1780,"joints":1680,"physics_ns":0,"draw_ns":0,"render_ns":0,"ui_ns":0,"commit_ns":0,"profile_ns":0,"health_ns":0,"query_wait_ms":0,"query_map_ms":0,"query_encode_ms":0,"query_copied_bytes":0}
phase-progress {"kind":"health_end","phase":"health","frame":86,"submitted":85,"completed":85,"bodies":1780,"joints":1680,"physics_ns":0,"draw_ns":0,"render_ns":0,"ui_ns":0,"commit_ns":0,"profile_ns":0,"health_ns":1629772114,"query_wait_ms":0,"query_map_ms":0,"query_encode_ms":0,"query_copied_bytes":0}
phase-progress {"kind":"phase","phase":"profile","frame":86,"submitted":85,"completed":85,"bodies":1780,"joints":1680,"physics_ns":1633580527,"draw_ns":0,"render_ns":0,"ui_ns":0,"commit_ns":0,"profile_ns":0,"health_ns":1629772114,"query_wait_ms":0,"query_map_ms":0,"query_encode_ms":0,"query_copied_bytes":0}
phase-progress {"kind":"phase","phase":"pick","frame":86,"submitted":85,"completed":85,"bodies":1780,"joints":1680,"physics_ns":1633580527,"draw_ns":0,"render_ns":0,"ui_ns":0,"commit_ns":0,"profile_ns":8237,"health_ns":1629772114,"query_wait_ms":0,"query_map_ms":0,"query_encode_ms":0,"query_copied_bytes":0}
phase-progress {"kind":"phase","phase":"draw","frame":86,"submitted":85,"completed":85,"bodies":1780,"joints":1680,"physics_ns":1633580527,"draw_ns":0,"render_ns":0,"ui_ns":0,"commit_ns":0,"profile_ns":8237,"health_ns":1629772114,"query_wait_ms":5.80000014e-05,"query_map_ms":0.003364,"query_encode_ms":0.0826900005,"query_copied_bytes":64}
phase-progress {"kind":"phase","phase":"render","frame":86,"submitted":86,"completed":86,"bodies":1780,"joints":1680,"physics_ns":1633580527,"draw_ns":298670,"render_ns":0,"ui_ns":0,"commit_ns":0,"profile_ns":8237,"health_ns":1629772114,"query_wait_ms":5.80000014e-05,"query_map_ms":0.003364,"query_encode_ms":0.0826900005,"query_copied_bytes":64}
phase-progress {"kind":"phase","phase":"ui","frame":86,"submitted":86,"completed":86,"bodies":1780,"joints":1680,"physics_ns":1633580527,"draw_ns":298670,"render_ns":272959373,"ui_ns":0,"commit_ns":0,"profile_ns":8237,"health_ns":1629772114,"query_wait_ms":5.80000014e-05,"query_map_ms":0.003364,"query_encode_ms":0.0826900005,"query_copied_bytes":64}
phase-progress {"kind":"phase","phase":"commit","frame":86,"submitted":86,"completed":86,"bodies":1780,"joints":1680,"physics_ns":1633580527,"draw_ns":298670,"render_ns":272959373,"ui_ns":89048,"commit_ns":0,"profile_ns":8237,"health_ns":1629772114,"query_wait_ms":5.80000014e-05,"query_map_ms":0.003364,"query_encode_ms":0.0826900005,"query_copied_bytes":64}
phase-progress {"kind":"phase","phase":"limiter","frame":86,"submitted":86,"completed":86,"bodies":1780,"joints":1680,"physics_ns":1633580527,"draw_ns":298670,"render_ns":272959373,"ui_ns":89048,"commit_ns":15539,"profile_ns":8237,"health_ns":1629772114,"query_wait_ms":5.80000014e-05,"query_map_ms":0.003364,"query_encode_ms":0.0826900005,"query_copied_bytes":64}
phase-progress {"kind":"phase","phase":"end","frame":86,"submitted":86,"completed":86,"bodies":1780,"joints":1680,"physics_ns":1633580527,"draw_ns":298670,"render_ns":272959373,"ui_ns":89048,"commit_ns":15539,"profile_ns":8237,"health_ns":1629772114,"query_wait_ms":5.80000014e-05,"query_map_ms":0.003364,"query_encode_ms":0.0826900005,"query_copied_bytes":64}
phase-progress {"kind":"frame","phase":"end","frame":86,"submitted":86,"completed":86,"bodies":1780,"joints":1680,"physics_ns":1633580527,"draw_ns":298670,"render_ns":272959373,"ui_ns":89048,"commit_ns":15539,"profile_ns":8237,"health_ns":1629772114,"query_wait_ms":5.80000014e-05,"query_map_ms":0.003364,"query_encode_ms":0.0826900005,"query_copied_bytes":64}
phase-progress {"kind":"phase","phase":"setters","frame":87,"submitted":86,"completed":86,"bodies":0,"joints":0,"physics_ns":0,"draw_ns":0,"render_ns":0,"ui_ns":0,"commit_ns":0,"profile_ns":0,"health_ns":0,"query_wait_ms":0,"query_map_ms":0,"query_encode_ms":0,"query_copied_bytes":0}
phase-progress {"kind":"phase","phase":"physics","frame":87,"submitted":86,"completed":86,"bodies":0,"joints":0,"physics_ns":0,"draw_ns":0,"render_ns":0,"ui_ns":0,"commit_ns":0,"profile_ns":0,"health_ns":0,"query_wait_ms":0,"query_map_ms":0,"query_encode_ms":0,"query_copied_bytes":0}
phase-progress {"kind":"health_begin","phase":"health","frame":87,"submitted":86,"completed":86,"bodies":1780,"joints":1680,"physics_ns":0,"draw_ns":0,"render_ns":0,"ui_ns":0,"commit_ns":0,"profile_ns":0,"health_ns":0,"query_wait_ms":0,"query_map_ms":0,"query_encode_ms":0,"query_copied_bytes":0}
phase-progress {"kind":"health_end","phase":"health","frame":87,"submitted":86,"completed":86,"bodies":1780,"joints":1680,"physics_ns":0,"draw_ns":0,"render_ns":0,"ui_ns":0,"commit_ns":0,"profile_ns":0,"health_ns":1330215466,"query_wait_ms":0,"query_map_ms":0,"query_encode_ms":0,"query_copied_bytes":0}
phase-progress {"kind":"phase","phase":"profile","frame":87,"submitted":86,"completed":86,"bodies":1780,"joints":1680,"physics_ns":1332575366,"draw_ns":0,"render_ns":0,"ui_ns":0,"commit_ns":0,"profile_ns":0,"health_ns":1330215466,"query_wait_ms":0,"query_map_ms":0,"query_encode_ms":0,"query_copied_bytes":0}
phase-progress {"kind":"phase","phase":"pick","frame":87,"submitted":86,"completed":86,"bodies":1780,"joints":1680,"physics_ns":1332575366,"draw_ns":0,"render_ns":0,"ui_ns":0,"commit_ns":0,"profile_ns":8183,"health_ns":1330215466,"query_wait_ms":0,"query_map_ms":0,"query_encode_ms":0,"query_copied_bytes":0}
phase-progress {"kind":"phase","phase":"draw","frame":87,"submitted":86,"completed":86,"bodies":1780,"joints":1680,"physics_ns":1332575366,"draw_ns":0,"render_ns":0,"ui_ns":0,"commit_ns":0,"profile_ns":8183,"health_ns":1330215466,"query_wait_ms":5.90000018e-05,"query_map_ms":0.00318200001,"query_encode_ms":0.0847769976,"query_copied_bytes":64}
phase-progress {"kind":"phase","phase":"render","frame":87,"submitted":87,"completed":87,"bodies":1780,"joints":1680,"physics_ns":1332575366,"draw_ns":301648,"render_ns":0,"ui_ns":0,"commit_ns":0,"profile_ns":8183,"health_ns":1330215466,"query_wait_ms":5.90000018e-05,"query_map_ms":0.00318200001,"query_encode_ms":0.0847769976,"query_copied_bytes":64}
phase-progress {"kind":"phase","phase":"ui","frame":87,"submitted":87,"completed":87,"bodies":1780,"joints":1680,"physics_ns":1332575366,"draw_ns":301648,"render_ns":270098968,"ui_ns":0,"commit_ns":0,"profile_ns":8183,"health_ns":1330215466,"query_wait_ms":5.90000018e-05,"query_map_ms":0.00318200001,"query_encode_ms":0.0847769976,"query_copied_bytes":64}
phase-progress {"kind":"phase","phase":"commit","frame":87,"submitted":87,"completed":87,"bodies":1780,"joints":1680,"physics_ns":1332575366,"draw_ns":301648,"render_ns":270098968,"ui_ns":87080,"commit_ns":0,"profile_ns":8183,"health_ns":1330215466,"query_wait_ms":5.90000018e-05,"query_map_ms":0.00318200001,"query_encode_ms":0.0847769976,"query_copied_bytes":64}
phase-progress {"kind":"phase","phase":"limiter","frame":87,"submitted":87,"completed":87,"bodies":1780,"joints":1680,"physics_ns":1332575366,"draw_ns":301648,"render_ns":270098968,"ui_ns":87080,"commit_ns":14999,"profile_ns":8183,"health_ns":1330215466,"query_wait_ms":5.90000018e-05,"query_map_ms":0.00318200001,"query_encode_ms":0.0847769976,"query_copied_bytes":64}
phase-progress {"kind":"phase","phase":"end","frame":87,"submitted":87,"completed":87,"bodies":1780,"joints":1680,"physics_ns":1332575366,"draw_ns":301648,"render_ns":270098968,"ui_ns":87080,"commit_ns":14999,"profile_ns":8183,"health_ns":1330215466,"query_wait_ms":5.90000018e-05,"query_map_ms":0.00318200001,"query_encode_ms":0.0847769976,"query_copied_bytes":64}
phase-progress {"kind":"frame","phase":"end","frame":87,"submitted":87,"completed":87,"bodies":1780,"joints":1680,"physics_ns":1332575366,"draw_ns":301648,"render_ns":270098968,"ui_ns":87080,"commit_ns":14999,"profile_ns":8183,"health_ns":1330215466,"query_wait_ms":5.90000018e-05,"query_map_ms":0.00318200001,"query_encode_ms":0.0847769976,"query_copied_bytes":64}
phase-progress {"kind":"phase","phase":"setters","frame":88,"submitted":87,"completed":87,"bodies":0,"joints":0,"physics_ns":0,"draw_ns":0,"render_ns":0,"ui_ns":0,"commit_ns":0,"profile_ns":0,"health_ns":0,"query_wait_ms":0,"query_map_ms":0,"query_encode_ms":0,"query_copied_bytes":0}
phase-progress {"kind":"phase","phase":"physics","frame":88,"submitted":87,"completed":87,"bodies":0,"joints":0,"physics_ns":0,"draw_ns":0,"render_ns":0,"ui_ns":0,"commit_ns":0,"profile_ns":0,"health_ns":0,"query_wait_ms":0,"query_map_ms":0,"query_encode_ms":0,"query_copied_bytes":0}
phase-progress {"kind":"health_begin","phase":"health","frame":88,"submitted":87,"completed":87,"bodies":1780,"joints":1680,"physics_ns":0,"draw_ns":0,"render_ns":0,"ui_ns":0,"commit_ns":0,"profile_ns":0,"health_ns":0,"query_wait_ms":0,"query_map_ms":0,"query_encode_ms":0,"query_copied_bytes":0}
phase-progress {"kind":"health_end","phase":"health","frame":88,"submitted":87,"completed":87,"bodies":1780,"joints":1680,"physics_ns":0,"draw_ns":0,"render_ns":0,"ui_ns":0,"commit_ns":0,"profile_ns":0,"health_ns":1865086086,"query_wait_ms":0,"query_map_ms":0,"query_encode_ms":0,"query_copied_bytes":0}
phase-progress {"kind":"phase","phase":"profile","frame":88,"submitted":87,"completed":87,"bodies":1780,"joints":1680,"physics_ns":1867459729,"draw_ns":0,"render_ns":0,"ui_ns":0,"commit_ns":0,"profile_ns":0,"health_ns":1865086086,"query_wait_ms":0,"query_map_ms":0,"query_encode_ms":0,"query_copied_bytes":0}
phase-progress {"kind":"phase","phase":"pick","frame":88,"submitted":87,"completed":87,"bodies":1780,"joints":1680,"physics_ns":1867459729,"draw_ns":0,"render_ns":0,"ui_ns":0,"commit_ns":0,"profile_ns":8303,"health_ns":1865086086,"query_wait_ms":0,"query_map_ms":0,"query_encode_ms":0,"query_copied_bytes":0}
phase-progress {"kind":"phase","phase":"draw","frame":88,"submitted":87,"completed":87,"bodies":1780,"joints":1680,"physics_ns":1867459729,"draw_ns":0,"render_ns":0,"ui_ns":0,"commit_ns":0,"profile_ns":8303,"health_ns":1865086086,"query_wait_ms":6.19999992e-05,"query_map_ms":0.00319099985,"query_encode_ms":0.0851329938,"query_copied_bytes":64}
phase-progress {"kind":"phase","phase":"render","frame":88,"submitted":88,"completed":88,"bodies":1780,"joints":1680,"physics_ns":1867459729,"draw_ns":288952,"render_ns":0,"ui_ns":0,"commit_ns":0,"profile_ns":8303,"health_ns":1865086086,"query_wait_ms":6.19999992e-05,"query_map_ms":0.00319099985,"query_encode_ms":0.0851329938,"query_copied_bytes":64}
phase-progress {"kind":"phase","phase":"ui","frame":88,"submitted":88,"completed":88,"bodies":1780,"joints":1680,"physics_ns":1867459729,"draw_ns":288952,"render_ns":266603385,"ui_ns":0,"commit_ns":0,"profile_ns":8303,"health_ns":1865086086,"query_wait_ms":6.19999992e-05,"query_map_ms":0.00319099985,"query_encode_ms":0.0851329938,"query_copied_bytes":64}
phase-progress {"kind":"phase","phase":"commit","frame":88,"submitted":88,"completed":88,"bodies":1780,"joints":1680,"physics_ns":1867459729,"draw_ns":288952,"render_ns":266603385,"ui_ns":86659,"commit_ns":0,"profile_ns":8303,"health_ns":1865086086,"query_wait_ms":6.19999992e-05,"query_map_ms":0.00319099985,"query_encode_ms":0.0851329938,"query_copied_bytes":64}
phase-progress {"kind":"phase","phase":"limiter","frame":88,"submitted":88,"completed":88,"bodies":1780,"joints":1680,"physics_ns":1867459729,"draw_ns":288952,"render_ns":266603385,"ui_ns":86659,"commit_ns":15403,"profile_ns":8303,"health_ns":1865086086,"query_wait_ms":6.19999992e-05,"query_map_ms":0.00319099985,"query_encode_ms":0.0851329938,"query_copied_bytes":64}
phase-progress {"kind":"phase","phase":"end","frame":88,"submitted":88,"completed":88,"bodies":1780,"joints":1680,"physics_ns":1867459729,"draw_ns":288952,"render_ns":266603385,"ui_ns":86659,"commit_ns":15403,"profile_ns":8303,"health_ns":1865086086,"query_wait_ms":6.19999992e-05,"query_map_ms":0.00319099985,"query_encode_ms":0.0851329938,"query_copied_bytes":64}
phase-progress {"kind":"frame","phase":"end","frame":88,"submitted":88,"completed":88,"bodies":1780,"joints":1680,"physics_ns":1867459729,"draw_ns":288952,"render_ns":266603385,"ui_ns":86659,"commit_ns":15403,"profile_ns":8303,"health_ns":1865086086,"query_wait_ms":6.19999992e-05,"query_map_ms":0.00319099985,"query_encode_ms":0.0851329938,"query_copied_bytes":64}
phase-progress {"kind":"phase","phase":"setters","frame":89,"submitted":88,"completed":88,"bodies":0,"joints":0,"physics_ns":0,"draw_ns":0,"render_ns":0,"ui_ns":0,"commit_ns":0,"profile_ns":0,"health_ns":0,"query_wait_ms":0,"query_map_ms":0,"query_encode_ms":0,"query_copied_bytes":0}
phase-progress {"kind":"phase","phase":"physics","frame":89,"submitted":88,"completed":88,"bodies":0,"joints":0,"physics_ns":0,"draw_ns":0,"render_ns":0,"ui_ns":0,"commit_ns":0,"profile_ns":0,"health_ns":0,"query_wait_ms":0,"query_map_ms":0,"query_encode_ms":0,"query_copied_bytes":0}
phase-progress {"kind":"health_begin","phase":"health","frame":89,"submitted":88,"completed":88,"bodies":1780,"joints":1680,"physics_ns":0,"draw_ns":0,"render_ns":0,"ui_ns":0,"commit_ns":0,"profile_ns":0,"health_ns":0,"query_wait_ms":0,"query_map_ms":0,"query_encode_ms":0,"query_copied_bytes":0}
phase-progress {"kind":"health_end","phase":"health","frame":89,"submitted":88,"completed":88,"bodies":1780,"joints":1680,"physics_ns":0,"draw_ns":0,"render_ns":0,"ui_ns":0,"commit_ns":0,"profile_ns":0,"health_ns":1818699074,"query_wait_ms":0,"query_map_ms":0,"query_encode_ms":0,"query_copied_bytes":0}
phase-progress {"kind":"phase","phase":"profile","frame":89,"submitted":88,"completed":88,"bodies":1780,"joints":1680,"physics_ns":1821037055,"draw_ns":0,"render_ns":0,"ui_ns":0,"commit_ns":0,"profile_ns":0,"health_ns":1818699074,"query_wait_ms":0,"query_map_ms":0,"query_encode_ms":0,"query_copied_bytes":0}
phase-progress {"kind":"phase","phase":"pick","frame":89,"submitted":88,"completed":88,"bodies":1780,"joints":1680,"physics_ns":1821037055,"draw_ns":0,"render_ns":0,"ui_ns":0,"commit_ns":0,"profile_ns":20672,"health_ns":1818699074,"query_wait_ms":0,"query_map_ms":0,"query_encode_ms":0,"query_copied_bytes":0}
phase-progress {"kind":"phase","phase":"draw","frame":89,"submitted":88,"completed":88,"bodies":1780,"joints":1680,"physics_ns":1821037055,"draw_ns":0,"render_ns":0,"ui_ns":0,"commit_ns":0,"profile_ns":20672,"health_ns":1818699074,"query_wait_ms":5.80000014e-05,"query_map_ms":0.00334700011,"query_encode_ms":0.0837780014,"query_copied_bytes":64}
phase-progress {"kind":"phase","phase":"render","frame":89,"submitted":89,"completed":89,"bodies":1780,"joints":1680,"physics_ns":1821037055,"draw_ns":307105,"render_ns":0,"ui_ns":0,"commit_ns":0,"profile_ns":20672,"health_ns":1818699074,"query_wait_ms":5.80000014e-05,"query_map_ms":0.00334700011,"query_encode_ms":0.0837780014,"query_copied_bytes":64}
phase-progress {"kind":"phase","phase":"ui","frame":89,"submitted":89,"completed":89,"bodies":1780,"joints":1680,"physics_ns":1821037055,"draw_ns":307105,"render_ns":277989165,"ui_ns":0,"commit_ns":0,"profile_ns":20672,"health_ns":1818699074,"query_wait_ms":5.80000014e-05,"query_map_ms":0.00334700011,"query_encode_ms":0.0837780014,"query_copied_bytes":64}
phase-progress {"kind":"phase","phase":"commit","frame":89,"submitted":89,"completed":89,"bodies":1780,"joints":1680,"physics_ns":1821037055,"draw_ns":307105,"render_ns":277989165,"ui_ns":83490,"commit_ns":0,"profile_ns":20672,"health_ns":1818699074,"query_wait_ms":5.80000014e-05,"query_map_ms":0.00334700011,"query_encode_ms":0.0837780014,"query_copied_bytes":64}
phase-progress {"kind":"phase","phase":"limiter","frame":89,"submitted":89,"completed":89,"bodies":1780,"joints":1680,"physics_ns":1821037055,"draw_ns":307105,"render_ns":277989165,"ui_ns":83490,"commit_ns":15553,"profile_ns":20672,"health_ns":1818699074,"query_wait_ms":5.80000014e-05,"query_map_ms":0.00334700011,"query_encode_ms":0.0837780014,"query_copied_bytes":64}
phase-progress {"kind":"phase","phase":"end","frame":89,"submitted":89,"completed":89,"bodies":1780,"joints":1680,"physics_ns":1821037055,"draw_ns":307105,"render_ns":277989165,"ui_ns":83490,"commit_ns":15553,"profile_ns":20672,"health_ns":1818699074,"query_wait_ms":5.80000014e-05,"query_map_ms":0.00334700011,"query_encode_ms":0.0837780014,"query_copied_bytes":64}
phase-progress {"kind":"frame","phase":"end","frame":89,"submitted":89,"completed":89,"bodies":1780,"joints":1680,"physics_ns":1821037055,"draw_ns":307105,"render_ns":277989165,"ui_ns":83490,"commit_ns":15553,"profile_ns":20672,"health_ns":1818699074,"query_wait_ms":5.80000014e-05,"query_map_ms":0.00334700011,"query_encode_ms":0.0837780014,"query_copied_bytes":64}
phase-progress {"kind":"phase","phase":"setters","frame":90,"submitted":89,"completed":89,"bodies":0,"joints":0,"physics_ns":0,"draw_ns":0,"render_ns":0,"ui_ns":0,"commit_ns":0,"profile_ns":0,"health_ns":0,"query_wait_ms":0,"query_map_ms":0,"query_encode_ms":0,"query_copied_bytes":0}
phase-progress {"kind":"phase","phase":"physics","frame":90,"submitted":89,"completed":89,"bodies":0,"joints":0,"physics_ns":0,"draw_ns":0,"render_ns":0,"ui_ns":0,"commit_ns":0,"profile_ns":0,"health_ns":0,"query_wait_ms":0,"query_map_ms":0,"query_encode_ms":0,"query_copied_bytes":0}
phase-progress {"kind":"health_begin","phase":"health","frame":90,"submitted":89,"completed":89,"bodies":1780,"joints":1680,"physics_ns":0,"draw_ns":0,"render_ns":0,"ui_ns":0,"commit_ns":0,"profile_ns":0,"health_ns":0,"query_wait_ms":0,"query_map_ms":0,"query_encode_ms":0,"query_copied_bytes":0}
phase-progress {"kind":"health_end","phase":"health","frame":90,"submitted":89,"completed":89,"bodies":1780,"joints":1680,"physics_ns":0,"draw_ns":0,"render_ns":0,"ui_ns":0,"commit_ns":0,"profile_ns":0,"health_ns":2145206039,"query_wait_ms":0,"query_map_ms":0,"query_encode_ms":0,"query_copied_bytes":0}
phase-progress {"kind":"phase","phase":"profile","frame":90,"submitted":89,"completed":89,"bodies":1780,"joints":1680,"physics_ns":2147667493,"draw_ns":0,"render_ns":0,"ui_ns":0,"commit_ns":0,"profile_ns":0,"health_ns":2145206039,"query_wait_ms":0,"query_map_ms":0,"query_encode_ms":0,"query_copied_bytes":0}
phase-progress {"kind":"phase","phase":"pick","frame":90,"submitted":89,"completed":89,"bodies":1780,"joints":1680,"physics_ns":2147667493,"draw_ns":0,"render_ns":0,"ui_ns":0,"commit_ns":0,"profile_ns":25038,"health_ns":2145206039,"query_wait_ms":0,"query_map_ms":0,"query_encode_ms":0,"query_copied_bytes":0}
phase-progress {"kind":"phase","phase":"draw","frame":90,"submitted":89,"completed":89,"bodies":1780,"joints":1680,"physics_ns":2147667493,"draw_ns":0,"render_ns":0,"ui_ns":0,"commit_ns":0,"profile_ns":25038,"health_ns":2145206039,"query_wait_ms":7.10000022e-05,"query_map_ms":0.00332699995,"query_encode_ms":0.0813390017,"query_copied_bytes":64}
phase-progress {"kind":"phase","phase":"render","frame":90,"submitted":90,"completed":90,"bodies":1780,"joints":1680,"physics_ns":2147667493,"draw_ns":292285,"render_ns":0,"ui_ns":0,"commit_ns":0,"profile_ns":25038,"health_ns":2145206039,"query_wait_ms":7.10000022e-05,"query_map_ms":0.00332699995,"query_encode_ms":0.0813390017,"query_copied_bytes":64}
phase-progress {"kind":"phase","phase":"ui","frame":90,"submitted":90,"completed":90,"bodies":1780,"joints":1680,"physics_ns":2147667493,"draw_ns":292285,"render_ns":270758641,"ui_ns":0,"commit_ns":0,"profile_ns":25038,"health_ns":2145206039,"query_wait_ms":7.10000022e-05,"query_map_ms":0.00332699995,"query_encode_ms":0.0813390017,"query_copied_bytes":64}
phase-progress {"kind":"phase","phase":"commit","frame":90,"submitted":90,"completed":90,"bodies":1780,"joints":1680,"physics_ns":2147667493,"draw_ns":292285,"render_ns":270758641,"ui_ns":89425,"commit_ns":0,"profile_ns":25038,"health_ns":2145206039,"query_wait_ms":7.10000022e-05,"query_map_ms":0.00332699995,"query_encode_ms":0.0813390017,"query_copied_bytes":64}
phase-progress {"kind":"phase","phase":"limiter","frame":90,"submitted":90,"completed":90,"bodies":1780,"joints":1680,"physics_ns":2147667493,"draw_ns":292285,"render_ns":270758641,"ui_ns":89425,"commit_ns":15341,"profile_ns":25038,"health_ns":2145206039,"query_wait_ms":7.10000022e-05,"query_map_ms":0.00332699995,"query_encode_ms":0.0813390017,"query_copied_bytes":64}
phase-progress {"kind":"phase","phase":"end","frame":90,"submitted":90,"completed":90,"bodies":1780,"joints":1680,"physics_ns":2147667493,"draw_ns":292285,"render_ns":270758641,"ui_ns":89425,"commit_ns":15341,"profile_ns":25038,"health_ns":2145206039,"query_wait_ms":7.10000022e-05,"query_map_ms":0.00332699995,"query_encode_ms":0.0813390017,"query_copied_bytes":64}
phase-progress {"kind":"frame","phase":"end","frame":90,"submitted":90,"completed":90,"bodies":1780,"joints":1680,"physics_ns":2147667493,"draw_ns":292285,"render_ns":270758641,"ui_ns":89425,"commit_ns":15341,"profile_ns":25038,"health_ns":2145206039,"query_wait_ms":7.10000022e-05,"query_map_ms":0.00332699995,"query_encode_ms":0.0813390017,"query_copied_bytes":64}
phase-progress {"kind":"phase","phase":"setters","frame":91,"submitted":90,"completed":90,"bodies":0,"joints":0,"physics_ns":0,"draw_ns":0,"render_ns":0,"ui_ns":0,"commit_ns":0,"profile_ns":0,"health_ns":0,"query_wait_ms":0,"query_map_ms":0,"query_encode_ms":0,"query_copied_bytes":0}
phase-progress {"kind":"phase","phase":"physics","frame":91,"submitted":90,"completed":90,"bodies":0,"joints":0,"physics_ns":0,"draw_ns":0,"render_ns":0,"ui_ns":0,"commit_ns":0,"profile_ns":0,"health_ns":0,"query_wait_ms":0,"query_map_ms":0,"query_encode_ms":0,"query_copied_bytes":0}
phase-progress {"kind":"health_begin","phase":"health","frame":91,"submitted":90,"completed":90,"bodies":1780,"joints":1680,"physics_ns":0,"draw_ns":0,"render_ns":0,"ui_ns":0,"commit_ns":0,"profile_ns":0,"health_ns":0,"query_wait_ms":0,"query_map_ms":0,"query_encode_ms":0,"query_copied_bytes":0}
phase-progress {"kind":"health_end","phase":"health","frame":91,"submitted":90,"completed":90,"bodies":1780,"joints":1680,"physics_ns":0,"draw_ns":0,"render_ns":0,"ui_ns":0,"commit_ns":0,"profile_ns":0,"health_ns":2176613318,"query_wait_ms":0,"query_map_ms":0,"query_encode_ms":0,"query_copied_bytes":0}
phase-progress {"kind":"phase","phase":"profile","frame":91,"submitted":90,"completed":90,"bodies":1780,"joints":1680,"physics_ns":2179327983,"draw_ns":0,"render_ns":0,"ui_ns":0,"commit_ns":0,"profile_ns":0,"health_ns":2176613318,"query_wait_ms":0,"query_map_ms":0,"query_encode_ms":0,"query_copied_bytes":0}
phase-progress {"kind":"phase","phase":"pick","frame":91,"submitted":90,"completed":90,"bodies":1780,"joints":1680,"physics_ns":2179327983,"draw_ns":0,"render_ns":0,"ui_ns":0,"commit_ns":0,"profile_ns":8337,"health_ns":2176613318,"query_wait_ms":0,"query_map_ms":0,"query_encode_ms":0,"query_copied_bytes":0}
phase-progress {"kind":"phase","phase":"draw","frame":91,"submitted":90,"completed":90,"bodies":1780,"joints":1680,"physics_ns":2179327983,"draw_ns":0,"render_ns":0,"ui_ns":0,"commit_ns":0,"profile_ns":8337,"health_ns":2176613318,"query_wait_ms":6.80000012e-05,"query_map_ms":0.00363799999,"query_encode_ms":0.0834699944,"query_copied_bytes":64}
phase-progress {"kind":"phase","phase":"render","frame":91,"submitted":91,"completed":91,"bodies":1780,"joints":1680,"physics_ns":2179327983,"draw_ns":292982,"render_ns":0,"ui_ns":0,"commit_ns":0,"profile_ns":8337,"health_ns":2176613318,"query_wait_ms":6.80000012e-05,"query_map_ms":0.00363799999,"query_encode_ms":0.0834699944,"query_copied_bytes":64}
phase-progress {"kind":"phase","phase":"ui","frame":91,"submitted":91,"completed":91,"bodies":1780,"joints":1680,"physics_ns":2179327983,"draw_ns":292982,"render_ns":273224577,"ui_ns":0,"commit_ns":0,"profile_ns":8337,"health_ns":2176613318,"query_wait_ms":6.80000012e-05,"query_map_ms":0.00363799999,"query_encode_ms":0.0834699944,"query_copied_bytes":64}
phase-progress {"kind":"phase","phase":"commit","frame":91,"submitted":91,"completed":91,"bodies":1780,"joints":1680,"physics_ns":2179327983,"draw_ns":292982,"render_ns":273224577,"ui_ns":117745,"commit_ns":0,"profile_ns":8337,"health_ns":2176613318,"query_wait_ms":6.80000012e-05,"query_map_ms":0.00363799999,"query_encode_ms":0.0834699944,"query_copied_bytes":64}
phase-progress {"kind":"phase","phase":"limiter","frame":91,"submitted":91,"completed":91,"bodies":1780,"joints":1680,"physics_ns":2179327983,"draw_ns":292982,"render_ns":273224577,"ui_ns":117745,"commit_ns":22392,"profile_ns":8337,"health_ns":2176613318,"query_wait_ms":6.80000012e-05,"query_map_ms":0.00363799999,"query_encode_ms":0.0834699944,"query_copied_bytes":64}
phase-progress {"kind":"phase","phase":"end","frame":91,"submitted":91,"completed":91,"bodies":1780,"joints":1680,"physics_ns":2179327983,"draw_ns":292982,"render_ns":273224577,"ui_ns":117745,"commit_ns":22392,"profile_ns":8337,"health_ns":2176613318,"query_wait_ms":6.80000012e-05,"query_map_ms":0.00363799999,"query_encode_ms":0.0834699944,"query_copied_bytes":64}
phase-progress {"kind":"frame","phase":"end","frame":91,"submitted":91,"completed":91,"bodies":1780,"joints":1680,"physics_ns":2179327983,"draw_ns":292982,"render_ns":273224577,"ui_ns":117745,"commit_ns":22392,"profile_ns":8337,"health_ns":2176613318,"query_wait_ms":6.80000012e-05,"query_map_ms":0.00363799999,"query_encode_ms":0.0834699944,"query_copied_bytes":64}
phase-progress {"kind":"phase","phase":"setters","frame":92,"submitted":91,"completed":91,"bodies":0,"joints":0,"physics_ns":0,"draw_ns":0,"render_ns":0,"ui_ns":0,"commit_ns":0,"profile_ns":0,"health_ns":0,"query_wait_ms":0,"query_map_ms":0,"query_encode_ms":0,"query_copied_bytes":0}
phase-progress {"kind":"phase","phase":"physics","frame":92,"submitted":91,"completed":91,"bodies":0,"joints":0,"physics_ns":0,"draw_ns":0,"render_ns":0,"ui_ns":0,"commit_ns":0,"profile_ns":0,"health_ns":0,"query_wait_ms":0,"query_map_ms":0,"query_encode_ms":0,"query_copied_bytes":0}
phase-progress {"kind":"health_begin","phase":"health","frame":92,"submitted":91,"completed":91,"bodies":1780,"joints":1680,"physics_ns":0,"draw_ns":0,"render_ns":0,"ui_ns":0,"commit_ns":0,"profile_ns":0,"health_ns":0,"query_wait_ms":0,"query_map_ms":0,"query_encode_ms":0,"query_copied_bytes":0}
phase-progress {"kind":"health_end","phase":"health","frame":92,"submitted":91,"completed":91,"bodies":1780,"joints":1680,"physics_ns":0,"draw_ns":0,"render_ns":0,"ui_ns":0,"commit_ns":0,"profile_ns":0,"health_ns":2006276340,"query_wait_ms":0,"query_map_ms":0,"query_encode_ms":0,"query_copied_bytes":0}
phase-progress {"kind":"phase","phase":"profile","frame":92,"submitted":91,"completed":91,"bodies":1780,"joints":1680,"physics_ns":2008784102,"draw_ns":0,"render_ns":0,"ui_ns":0,"commit_ns":0,"profile_ns":0,"health_ns":2006276340,"query_wait_ms":0,"query_map_ms":0,"query_encode_ms":0,"query_copied_bytes":0}
phase-progress {"kind":"phase","phase":"pick","frame":92,"submitted":91,"completed":91,"bodies":1780,"joints":1680,"physics_ns":2008784102,"draw_ns":0,"render_ns":0,"ui_ns":0,"commit_ns":0,"profile_ns":8521,"health_ns":2006276340,"query_wait_ms":0,"query_map_ms":0,"query_encode_ms":0,"query_copied_bytes":0}
phase-progress {"kind":"phase","phase":"draw","frame":92,"submitted":91,"completed":91,"bodies":1780,"joints":1680,"physics_ns":2008784102,"draw_ns":0,"render_ns":0,"ui_ns":0,"commit_ns":0,"profile_ns":8521,"health_ns":2006276340,"query_wait_ms":8.39999993e-05,"query_map_ms":0.00362199987,"query_encode_ms":0.0842069983,"query_copied_bytes":64}
phase-progress {"kind":"phase","phase":"render","frame":92,"submitted":92,"completed":92,"bodies":1780,"joints":1680,"physics_ns":2008784102,"draw_ns":300399,"render_ns":0,"ui_ns":0,"commit_ns":0,"profile_ns":8521,"health_ns":2006276340,"query_wait_ms":8.39999993e-05,"query_map_ms":0.00362199987,"query_encode_ms":0.0842069983,"query_copied_bytes":64}
phase-progress {"kind":"phase","phase":"ui","frame":92,"submitted":92,"completed":92,"bodies":1780,"joints":1680,"physics_ns":2008784102,"draw_ns":300399,"render_ns":253840643,"ui_ns":0,"commit_ns":0,"profile_ns":8521,"health_ns":2006276340,"query_wait_ms":8.39999993e-05,"query_map_ms":0.00362199987,"query_encode_ms":0.0842069983,"query_copied_bytes":64}
phase-progress {"kind":"phase","phase":"commit","frame":92,"submitted":92,"completed":92,"bodies":1780,"joints":1680,"physics_ns":2008784102,"draw_ns":300399,"render_ns":253840643,"ui_ns":110597,"commit_ns":0,"profile_ns":8521,"health_ns":2006276340,"query_wait_ms":8.39999993e-05,"query_map_ms":0.00362199987,"query_encode_ms":0.0842069983,"query_copied_bytes":64}
phase-progress {"kind":"phase","phase":"limiter","frame":92,"submitted":92,"completed":92,"bodies":1780,"joints":1680,"physics_ns":2008784102,"draw_ns":300399,"render_ns":253840643,"ui_ns":110597,"commit_ns":21360,"profile_ns":8521,"health_ns":2006276340,"query_wait_ms":8.39999993e-05,"query_map_ms":0.00362199987,"query_encode_ms":0.0842069983,"query_copied_bytes":64}
phase-progress {"kind":"phase","phase":"end","frame":92,"submitted":92,"completed":92,"bodies":1780,"joints":1680,"physics_ns":2008784102,"draw_ns":300399,"render_ns":253840643,"ui_ns":110597,"commit_ns":21360,"profile_ns":8521,"health_ns":2006276340,"query_wait_ms":8.39999993e-05,"query_map_ms":0.00362199987,"query_encode_ms":0.0842069983,"query_copied_bytes":64}
phase-progress {"kind":"frame","phase":"end","frame":92,"submitted":92,"completed":92,"bodies":1780,"joints":1680,"physics_ns":2008784102,"draw_ns":300399,"render_ns":253840643,"ui_ns":110597,"commit_ns":21360,"profile_ns":8521,"health_ns":2006276340,"query_wait_ms":8.39999993e-05,"query_map_ms":0.00362199987,"query_encode_ms":0.0842069983,"query_copied_bytes":64}
phase-progress {"kind":"phase","phase":"setters","frame":93,"submitted":92,"completed":92,"bodies":0,"joints":0,"physics_ns":0,"draw_ns":0,"render_ns":0,"ui_ns":0,"commit_ns":0,"profile_ns":0,"health_ns":0,"query_wait_ms":0,"query_map_ms":0,"query_encode_ms":0,"query_copied_bytes":0}
phase-progress {"kind":"phase","phase":"physics","frame":93,"submitted":92,"completed":92,"bodies":0,"joints":0,"physics_ns":0,"draw_ns":0,"render_ns":0,"ui_ns":0,"commit_ns":0,"profile_ns":0,"health_ns":0,"query_wait_ms":0,"query_map_ms":0,"query_encode_ms":0,"query_copied_bytes":0}
phase-progress {"kind":"health_begin","phase":"health","frame":93,"submitted":92,"completed":92,"bodies":1780,"joints":1680,"physics_ns":0,"draw_ns":0,"render_ns":0,"ui_ns":0,"commit_ns":0,"profile_ns":0,"health_ns":0,"query_wait_ms":0,"query_map_ms":0,"query_encode_ms":0,"query_copied_bytes":0}
phase-progress {"kind":"health_end","phase":"health","frame":93,"submitted":92,"completed":92,"bodies":1780,"joints":1680,"physics_ns":0,"draw_ns":0,"render_ns":0,"ui_ns":0,"commit_ns":0,"profile_ns":0,"health_ns":1816175141,"query_wait_ms":0,"query_map_ms":0,"query_encode_ms":0,"query_copied_bytes":0}
phase-progress {"kind":"phase","phase":"profile","frame":93,"submitted":92,"completed":92,"bodies":1780,"joints":1680,"physics_ns":1819569738,"draw_ns":0,"render_ns":0,"ui_ns":0,"commit_ns":0,"profile_ns":0,"health_ns":1816175141,"query_wait_ms":0,"query_map_ms":0,"query_encode_ms":0,"query_copied_bytes":0}
phase-progress {"kind":"phase","phase":"pick","frame":93,"submitted":92,"completed":92,"bodies":1780,"joints":1680,"physics_ns":1819569738,"draw_ns":0,"render_ns":0,"ui_ns":0,"commit_ns":0,"profile_ns":8444,"health_ns":1816175141,"query_wait_ms":0,"query_map_ms":0,"query_encode_ms":0,"query_copied_bytes":0}
phase-progress {"kind":"phase","phase":"draw","frame":93,"submitted":92,"completed":92,"bodies":1780,"joints":1680,"physics_ns":1819569738,"draw_ns":0,"render_ns":0,"ui_ns":0,"commit_ns":0,"profile_ns":8444,"health_ns":1816175141,"query_wait_ms":5.00000024e-05,"query_map_ms":0.00347700017,"query_encode_ms":0.0793880001,"query_copied_bytes":64}
phase-progress {"kind":"phase","phase":"render","frame":93,"submitted":93,"completed":93,"bodies":1780,"joints":1680,"physics_ns":1819569738,"draw_ns":301820,"render_ns":0,"ui_ns":0,"commit_ns":0,"profile_ns":8444,"health_ns":1816175141,"query_wait_ms":5.00000024e-05,"query_map_ms":0.00347700017,"query_encode_ms":0.0793880001,"query_copied_bytes":64}
phase-progress {"kind":"phase","phase":"ui","frame":93,"submitted":93,"completed":93,"bodies":1780,"joints":1680,"physics_ns":1819569738,"draw_ns":301820,"render_ns":262856501,"ui_ns":0,"commit_ns":0,"profile_ns":8444,"health_ns":1816175141,"query_wait_ms":5.00000024e-05,"query_map_ms":0.00347700017,"query_encode_ms":0.0793880001,"query_copied_bytes":64}
phase-progress {"kind":"phase","phase":"commit","frame":93,"submitted":93,"completed":93,"bodies":1780,"joints":1680,"physics_ns":1819569738,"draw_ns":301820,"render_ns":262856501,"ui_ns":87800,"commit_ns":0,"profile_ns":8444,"health_ns":1816175141,"query_wait_ms":5.00000024e-05,"query_map_ms":0.00347700017,"query_encode_ms":0.0793880001,"query_copied_bytes":64}
phase-progress {"kind":"phase","phase":"limiter","frame":93,"submitted":93,"completed":93,"bodies":1780,"joints":1680,"physics_ns":1819569738,"draw_ns":301820,"render_ns":262856501,"ui_ns":87800,"commit_ns":15464,"profile_ns":8444,"health_ns":1816175141,"query_wait_ms":5.00000024e-05,"query_map_ms":0.00347700017,"query_encode_ms":0.0793880001,"query_copied_bytes":64}
phase-progress {"kind":"phase","phase":"end","frame":93,"submitted":93,"completed":93,"bodies":1780,"joints":1680,"physics_ns":1819569738,"draw_ns":301820,"render_ns":262856501,"ui_ns":87800,"commit_ns":15464,"profile_ns":8444,"health_ns":1816175141,"query_wait_ms":5.00000024e-05,"query_map_ms":0.00347700017,"query_encode_ms":0.0793880001,"query_copied_bytes":64}
phase-progress {"kind":"frame","phase":"end","frame":93,"submitted":93,"completed":93,"bodies":1780,"joints":1680,"physics_ns":1819569738,"draw_ns":301820,"render_ns":262856501,"ui_ns":87800,"commit_ns":15464,"profile_ns":8444,"health_ns":1816175141,"query_wait_ms":5.00000024e-05,"query_map_ms":0.00347700017,"query_encode_ms":0.0793880001,"query_copied_bytes":64}
phase-progress {"kind":"phase","phase":"setters","frame":94,"submitted":93,"completed":93,"bodies":0,"joints":0,"physics_ns":0,"draw_ns":0,"render_ns":0,"ui_ns":0,"commit_ns":0,"profile_ns":0,"health_ns":0,"query_wait_ms":0,"query_map_ms":0,"query_encode_ms":0,"query_copied_bytes":0}
phase-progress {"kind":"phase","phase":"physics","frame":94,"submitted":93,"completed":93,"bodies":0,"joints":0,"physics_ns":0,"draw_ns":0,"render_ns":0,"ui_ns":0,"commit_ns":0,"profile_ns":0,"health_ns":0,"query_wait_ms":0,"query_map_ms":0,"query_encode_ms":0,"query_copied_bytes":0}
phase-progress {"kind":"health_begin","phase":"health","frame":94,"submitted":93,"completed":93,"bodies":1780,"joints":1680,"physics_ns":0,"draw_ns":0,"render_ns":0,"ui_ns":0,"commit_ns":0,"profile_ns":0,"health_ns":0,"query_wait_ms":0,"query_map_ms":0,"query_encode_ms":0,"query_copied_bytes":0}
phase-progress {"kind":"health_end","phase":"health","frame":94,"submitted":93,"completed":93,"bodies":1780,"joints":1680,"physics_ns":0,"draw_ns":0,"render_ns":0,"ui_ns":0,"commit_ns":0,"profile_ns":0,"health_ns":2002439690,"query_wait_ms":0,"query_map_ms":0,"query_encode_ms":0,"query_copied_bytes":0}
phase-progress {"kind":"phase","phase":"profile","frame":94,"submitted":93,"completed":93,"bodies":1780,"joints":1680,"physics_ns":2004869464,"draw_ns":0,"render_ns":0,"ui_ns":0,"commit_ns":0,"profile_ns":0,"health_ns":2002439690,"query_wait_ms":0,"query_map_ms":0,"query_encode_ms":0,"query_copied_bytes":0}
phase-progress {"kind":"phase","phase":"pick","frame":94,"submitted":93,"completed":93,"bodies":1780,"joints":1680,"physics_ns":2004869464,"draw_ns":0,"render_ns":0,"ui_ns":0,"commit_ns":0,"profile_ns":8697,"health_ns":2002439690,"query_wait_ms":0,"query_map_ms":0,"query_encode_ms":0,"query_copied_bytes":0}
phase-progress {"kind":"phase","phase":"draw","frame":94,"submitted":93,"completed":93,"bodies":1780,"joints":1680,"physics_ns":2004869464,"draw_ns":0,"render_ns":0,"ui_ns":0,"commit_ns":0,"profile_ns":8697,"health_ns":2002439690,"query_wait_ms":5.90000018e-05,"query_map_ms":0.00312400004,"query_encode_ms":0.0804350004,"query_copied_bytes":64}
phase-progress {"kind":"phase","phase":"render","frame":94,"submitted":94,"completed":94,"bodies":1780,"joints":1680,"physics_ns":2004869464,"draw_ns":295456,"render_ns":0,"ui_ns":0,"commit_ns":0,"profile_ns":8697,"health_ns":2002439690,"query_wait_ms":5.90000018e-05,"query_map_ms":0.00312400004,"query_encode_ms":0.0804350004,"query_copied_bytes":64}
phase-progress {"kind":"phase","phase":"ui","frame":94,"submitted":94,"completed":94,"bodies":1780,"joints":1680,"physics_ns":2004869464,"draw_ns":295456,"render_ns":254516681,"ui_ns":0,"commit_ns":0,"profile_ns":8697,"health_ns":2002439690,"query_wait_ms":5.90000018e-05,"query_map_ms":0.00312400004,"query_encode_ms":0.0804350004,"query_copied_bytes":64}
phase-progress {"kind":"phase","phase":"commit","frame":94,"submitted":94,"completed":94,"bodies":1780,"joints":1680,"physics_ns":2004869464,"draw_ns":295456,"render_ns":254516681,"ui_ns":87825,"commit_ns":0,"profile_ns":8697,"health_ns":2002439690,"query_wait_ms":5.90000018e-05,"query_map_ms":0.00312400004,"query_encode_ms":0.0804350004,"query_copied_bytes":64}
phase-progress {"kind":"phase","phase":"limiter","frame":94,"submitted":94,"completed":94,"bodies":1780,"joints":1680,"physics_ns":2004869464,"draw_ns":295456,"render_ns":254516681,"ui_ns":87825,"commit_ns":15739,"profile_ns":8697,"health_ns":2002439690,"query_wait_ms":5.90000018e-05,"query_map_ms":0.00312400004,"query_encode_ms":0.0804350004,"query_copied_bytes":64}
phase-progress {"kind":"phase","phase":"end","frame":94,"submitted":94,"completed":94,"bodies":1780,"joints":1680,"physics_ns":2004869464,"draw_ns":295456,"render_ns":254516681,"ui_ns":87825,"commit_ns":15739,"profile_ns":8697,"health_ns":2002439690,"query_wait_ms":5.90000018e-05,"query_map_ms":0.00312400004,"query_encode_ms":0.0804350004,"query_copied_bytes":64}
phase-progress {"kind":"frame","phase":"end","frame":94,"submitted":94,"completed":94,"bodies":1780,"joints":1680,"physics_ns":2004869464,"draw_ns":295456,"render_ns":254516681,"ui_ns":87825,"commit_ns":15739,"profile_ns":8697,"health_ns":2002439690,"query_wait_ms":5.90000018e-05,"query_map_ms":0.00312400004,"query_encode_ms":0.0804350004,"query_copied_bytes":64}
phase-progress {"kind":"phase","phase":"setters","frame":95,"submitted":94,"completed":94,"bodies":0,"joints":0,"physics_ns":0,"draw_ns":0,"render_ns":0,"ui_ns":0,"commit_ns":0,"profile_ns":0,"health_ns":0,"query_wait_ms":0,"query_map_ms":0,"query_encode_ms":0,"query_copied_bytes":0}
phase-progress {"kind":"phase","phase":"physics","frame":95,"submitted":94,"completed":94,"bodies":0,"joints":0,"physics_ns":0,"draw_ns":0,"render_ns":0,"ui_ns":0,"commit_ns":0,"profile_ns":0,"health_ns":0,"query_wait_ms":0,"query_map_ms":0,"query_encode_ms":0,"query_copied_bytes":0}
phase-progress {"kind":"health_begin","phase":"health","frame":95,"submitted":94,"completed":94,"bodies":1780,"joints":1680,"physics_ns":0,"draw_ns":0,"render_ns":0,"ui_ns":0,"commit_ns":0,"profile_ns":0,"health_ns":0,"query_wait_ms":0,"query_map_ms":0,"query_encode_ms":0,"query_copied_bytes":0}
phase-progress {"kind":"health_end","phase":"health","frame":95,"submitted":94,"completed":94,"bodies":1780,"joints":1680,"physics_ns":0,"draw_ns":0,"render_ns":0,"ui_ns":0,"commit_ns":0,"profile_ns":0,"health_ns":1855306203,"query_wait_ms":0,"query_map_ms":0,"query_encode_ms":0,"query_copied_bytes":0}
phase-progress {"kind":"phase","phase":"profile","frame":95,"submitted":94,"completed":94,"bodies":1780,"joints":1680,"physics_ns":1857640830,"draw_ns":0,"render_ns":0,"ui_ns":0,"commit_ns":0,"profile_ns":0,"health_ns":1855306203,"query_wait_ms":0,"query_map_ms":0,"query_encode_ms":0,"query_copied_bytes":0}
phase-progress {"kind":"phase","phase":"pick","frame":95,"submitted":94,"completed":94,"bodies":1780,"joints":1680,"physics_ns":1857640830,"draw_ns":0,"render_ns":0,"ui_ns":0,"commit_ns":0,"profile_ns":8592,"health_ns":1855306203,"query_wait_ms":0,"query_map_ms":0,"query_encode_ms":0,"query_copied_bytes":0}
phase-progress {"kind":"phase","phase":"draw","frame":95,"submitted":94,"completed":94,"bodies":1780,"joints":1680,"physics_ns":1857640830,"draw_ns":0,"render_ns":0,"ui_ns":0,"commit_ns":0,"profile_ns":8592,"health_ns":1855306203,"query_wait_ms":7.30000029e-05,"query_map_ms":0.00303999986,"query_encode_ms":0.0796940029,"query_copied_bytes":64}
phase-progress {"kind":"phase","phase":"render","frame":95,"submitted":95,"completed":95,"bodies":1780,"joints":1680,"physics_ns":1857640830,"draw_ns":296886,"render_ns":0,"ui_ns":0,"commit_ns":0,"profile_ns":8592,"health_ns":1855306203,"query_wait_ms":7.30000029e-05,"query_map_ms":0.00303999986,"query_encode_ms":0.0796940029,"query_copied_bytes":64}
phase-progress {"kind":"phase","phase":"ui","frame":95,"submitted":95,"completed":95,"bodies":1780,"joints":1680,"physics_ns":1857640830,"draw_ns":296886,"render_ns":268728297,"ui_ns":0,"commit_ns":0,"profile_ns":8592,"health_ns":1855306203,"query_wait_ms":7.30000029e-05,"query_map_ms":0.00303999986,"query_encode_ms":0.0796940029,"query_copied_bytes":64}
phase-progress {"kind":"phase","phase":"commit","frame":95,"submitted":95,"completed":95,"bodies":1780,"joints":1680,"physics_ns":1857640830,"draw_ns":296886,"render_ns":268728297,"ui_ns":91826,"commit_ns":0,"profile_ns":8592,"health_ns":1855306203,"query_wait_ms":7.30000029e-05,"query_map_ms":0.00303999986,"query_encode_ms":0.0796940029,"query_copied_bytes":64}
phase-progress {"kind":"phase","phase":"limiter","frame":95,"submitted":95,"completed":95,"bodies":1780,"joints":1680,"physics_ns":1857640830,"draw_ns":296886,"render_ns":268728297,"ui_ns":91826,"commit_ns":16133,"profile_ns":8592,"health_ns":1855306203,"query_wait_ms":7.30000029e-05,"query_map_ms":0.00303999986,"query_encode_ms":0.0796940029,"query_copied_bytes":64}
phase-progress {"kind":"phase","phase":"end","frame":95,"submitted":95,"completed":95,"bodies":1780,"joints":1680,"physics_ns":1857640830,"draw_ns":296886,"render_ns":268728297,"ui_ns":91826,"commit_ns":16133,"profile_ns":8592,"health_ns":1855306203,"query_wait_ms":7.30000029e-05,"query_map_ms":0.00303999986,"query_encode_ms":0.0796940029,"query_copied_bytes":64}
phase-progress {"kind":"frame","phase":"end","frame":95,"submitted":95,"completed":95,"bodies":1780,"joints":1680,"physics_ns":1857640830,"draw_ns":296886,"render_ns":268728297,"ui_ns":91826,"commit_ns":16133,"profile_ns":8592,"health_ns":1855306203,"query_wait_ms":7.30000029e-05,"query_map_ms":0.00303999986,"query_encode_ms":0.0796940029,"query_copied_bytes":64}
phase-progress {"kind":"phase","phase":"setters","frame":96,"submitted":95,"completed":95,"bodies":0,"joints":0,"physics_ns":0,"draw_ns":0,"render_ns":0,"ui_ns":0,"commit_ns":0,"profile_ns":0,"health_ns":0,"query_wait_ms":0,"query_map_ms":0,"query_encode_ms":0,"query_copied_bytes":0}
phase-progress {"kind":"phase","phase":"physics","frame":96,"submitted":95,"completed":95,"bodies":0,"joints":0,"physics_ns":0,"draw_ns":0,"render_ns":0,"ui_ns":0,"commit_ns":0,"profile_ns":0,"health_ns":0,"query_wait_ms":0,"query_map_ms":0,"query_encode_ms":0,"query_copied_bytes":0}
phase-progress {"kind":"health_begin","phase":"health","frame":96,"submitted":95,"completed":95,"bodies":1780,"joints":1680,"physics_ns":0,"draw_ns":0,"render_ns":0,"ui_ns":0,"commit_ns":0,"profile_ns":0,"health_ns":0,"query_wait_ms":0,"query_map_ms":0,"query_encode_ms":0,"query_copied_bytes":0}
phase-progress {"kind":"health_end","phase":"health","frame":96,"submitted":95,"completed":95,"bodies":1780,"joints":1680,"physics_ns":0,"draw_ns":0,"render_ns":0,"ui_ns":0,"commit_ns":0,"profile_ns":0,"health_ns":1822756354,"query_wait_ms":0,"query_map_ms":0,"query_encode_ms":0,"query_copied_bytes":0}
phase-progress {"kind":"phase","phase":"profile","frame":96,"submitted":95,"completed":95,"bodies":1780,"joints":1680,"physics_ns":1825156188,"draw_ns":0,"render_ns":0,"ui_ns":0,"commit_ns":0,"profile_ns":0,"health_ns":1822756354,"query_wait_ms":0,"query_map_ms":0,"query_encode_ms":0,"query_copied_bytes":0}
phase-progress {"kind":"phase","phase":"pick","frame":96,"submitted":95,"completed":95,"bodies":1780,"joints":1680,"physics_ns":1825156188,"draw_ns":0,"render_ns":0,"ui_ns":0,"commit_ns":0,"profile_ns":12001,"health_ns":1822756354,"query_wait_ms":0,"query_map_ms":0,"query_encode_ms":0,"query_copied_bytes":0}
phase-progress {"kind":"phase","phase":"draw","frame":96,"submitted":95,"completed":95,"bodies":1780,"joints":1680,"physics_ns":1825156188,"draw_ns":0,"render_ns":0,"ui_ns":0,"commit_ns":0,"profile_ns":12001,"health_ns":1822756354,"query_wait_ms":7.00000019e-05,"query_map_ms":0.00340800011,"query_encode_ms":0.0819440037,"query_copied_bytes":64}
phase-progress {"kind":"phase","phase":"render","frame":96,"submitted":96,"completed":96,"bodies":1780,"joints":1680,"physics_ns":1825156188,"draw_ns":291225,"render_ns":0,"ui_ns":0,"commit_ns":0,"profile_ns":12001,"health_ns":1822756354,"query_wait_ms":7.00000019e-05,"query_map_ms":0.00340800011,"query_encode_ms":0.0819440037,"query_copied_bytes":64}
phase-progress {"kind":"phase","phase":"ui","frame":96,"submitted":96,"completed":96,"bodies":1780,"joints":1680,"physics_ns":1825156188,"draw_ns":291225,"render_ns":259889539,"ui_ns":0,"commit_ns":0,"profile_ns":12001,"health_ns":1822756354,"query_wait_ms":7.00000019e-05,"query_map_ms":0.00340800011,"query_encode_ms":0.0819440037,"query_copied_bytes":64}
phase-progress {"kind":"phase","phase":"commit","frame":96,"submitted":96,"completed":96,"bodies":1780,"joints":1680,"physics_ns":1825156188,"draw_ns":291225,"render_ns":259889539,"ui_ns":86534,"commit_ns":0,"profile_ns":12001,"health_ns":1822756354,"query_wait_ms":7.00000019e-05,"query_map_ms":0.00340800011,"query_encode_ms":0.0819440037,"query_copied_bytes":64}
phase-progress {"kind":"phase","phase":"limiter","frame":96,"submitted":96,"completed":96,"bodies":1780,"joints":1680,"physics_ns":1825156188,"draw_ns":291225,"render_ns":259889539,"ui_ns":86534,"commit_ns":15828,"profile_ns":12001,"health_ns":1822756354,"query_wait_ms":7.00000019e-05,"query_map_ms":0.00340800011,"query_encode_ms":0.0819440037,"query_copied_bytes":64}
phase-progress {"kind":"phase","phase":"end","frame":96,"submitted":96,"completed":96,"bodies":1780,"joints":1680,"physics_ns":1825156188,"draw_ns":291225,"render_ns":259889539,"ui_ns":86534,"commit_ns":15828,"profile_ns":12001,"health_ns":1822756354,"query_wait_ms":7.00000019e-05,"query_map_ms":0.00340800011,"query_encode_ms":0.0819440037,"query_copied_bytes":64}
phase-progress {"kind":"frame","phase":"end","frame":96,"submitted":96,"completed":96,"bodies":1780,"joints":1680,"physics_ns":1825156188,"draw_ns":291225,"render_ns":259889539,"ui_ns":86534,"commit_ns":15828,"profile_ns":12001,"health_ns":1822756354,"query_wait_ms":7.00000019e-05,"query_map_ms":0.00340800011,"query_encode_ms":0.0819440037,"query_copied_bytes":64}
phase-progress {"kind":"phase","phase":"setters","frame":97,"submitted":96,"completed":96,"bodies":0,"joints":0,"physics_ns":0,"draw_ns":0,"render_ns":0,"ui_ns":0,"commit_ns":0,"profile_ns":0,"health_ns":0,"query_wait_ms":0,"query_map_ms":0,"query_encode_ms":0,"query_copied_bytes":0}
phase-progress {"kind":"phase","phase":"physics","frame":97,"submitted":96,"completed":96,"bodies":0,"joints":0,"physics_ns":0,"draw_ns":0,"render_ns":0,"ui_ns":0,"commit_ns":0,"profile_ns":0,"health_ns":0,"query_wait_ms":0,"query_map_ms":0,"query_encode_ms":0,"query_copied_bytes":0}
phase-progress {"kind":"health_begin","phase":"health","frame":97,"submitted":96,"completed":96,"bodies":1780,"joints":1680,"physics_ns":0,"draw_ns":0,"render_ns":0,"ui_ns":0,"commit_ns":0,"profile_ns":0,"health_ns":0,"query_wait_ms":0,"query_map_ms":0,"query_encode_ms":0,"query_copied_bytes":0}
phase-progress {"kind":"health_end","phase":"health","frame":97,"submitted":96,"completed":96,"bodies":1780,"joints":1680,"physics_ns":0,"draw_ns":0,"render_ns":0,"ui_ns":0,"commit_ns":0,"profile_ns":0,"health_ns":1818633815,"query_wait_ms":0,"query_map_ms":0,"query_encode_ms":0,"query_copied_bytes":0}
phase-progress {"kind":"phase","phase":"profile","frame":97,"submitted":96,"completed":96,"bodies":1780,"joints":1680,"physics_ns":1821011929,"draw_ns":0,"render_ns":0,"ui_ns":0,"commit_ns":0,"profile_ns":0,"health_ns":1818633815,"query_wait_ms":0,"query_map_ms":0,"query_encode_ms":0,"query_copied_bytes":0}
phase-progress {"kind":"phase","phase":"pick","frame":97,"submitted":96,"completed":96,"bodies":1780,"joints":1680,"physics_ns":1821011929,"draw_ns":0,"render_ns":0,"ui_ns":0,"commit_ns":0,"profile_ns":8478,"health_ns":1818633815,"query_wait_ms":0,"query_map_ms":0,"query_encode_ms":0,"query_copied_bytes":0}
phase-progress {"kind":"phase","phase":"draw","frame":97,"submitted":96,"completed":96,"bodies":1780,"joints":1680,"physics_ns":1821011929,"draw_ns":0,"render_ns":0,"ui_ns":0,"commit_ns":0,"profile_ns":8478,"health_ns":1818633815,"query_wait_ms":5.99999985e-05,"query_map_ms":0.00298999995,"query_encode_ms":0.079791002,"query_copied_bytes":64}
phase-progress {"kind":"phase","phase":"render","frame":97,"submitted":97,"completed":97,"bodies":1780,"joints":1680,"physics_ns":1821011929,"draw_ns":287981,"render_ns":0,"ui_ns":0,"commit_ns":0,"profile_ns":8478,"health_ns":1818633815,"query_wait_ms":5.99999985e-05,"query_map_ms":0.00298999995,"query_encode_ms":0.079791002,"query_copied_bytes":64}
phase-progress {"kind":"phase","phase":"ui","frame":97,"submitted":97,"completed":97,"bodies":1780,"joints":1680,"physics_ns":1821011929,"draw_ns":287981,"render_ns":266336631,"ui_ns":0,"commit_ns":0,"profile_ns":8478,"health_ns":1818633815,"query_wait_ms":5.99999985e-05,"query_map_ms":0.00298999995,"query_encode_ms":0.079791002,"query_copied_bytes":64}
phase-progress {"kind":"phase","phase":"commit","frame":97,"submitted":97,"completed":97,"bodies":1780,"joints":1680,"physics_ns":1821011929,"draw_ns":287981,"render_ns":266336631,"ui_ns":87860,"commit_ns":0,"profile_ns":8478,"health_ns":1818633815,"query_wait_ms":5.99999985e-05,"query_map_ms":0.00298999995,"query_encode_ms":0.079791002,"query_copied_bytes":64}
phase-progress {"kind":"phase","phase":"limiter","frame":97,"submitted":97,"completed":97,"bodies":1780,"joints":1680,"physics_ns":1821011929,"draw_ns":287981,"render_ns":266336631,"ui_ns":87860,"commit_ns":15403,"profile_ns":8478,"health_ns":1818633815,"query_wait_ms":5.99999985e-05,"query_map_ms":0.00298999995,"query_encode_ms":0.079791002,"query_copied_bytes":64}
phase-progress {"kind":"phase","phase":"end","frame":97,"submitted":97,"completed":97,"bodies":1780,"joints":1680,"physics_ns":1821011929,"draw_ns":287981,"render_ns":266336631,"ui_ns":87860,"commit_ns":15403,"profile_ns":8478,"health_ns":1818633815,"query_wait_ms":5.99999985e-05,"query_map_ms":0.00298999995,"query_encode_ms":0.079791002,"query_copied_bytes":64}
phase-progress {"kind":"frame","phase":"end","frame":97,"submitted":97,"completed":97,"bodies":1780,"joints":1680,"physics_ns":1821011929,"draw_ns":287981,"render_ns":266336631,"ui_ns":87860,"commit_ns":15403,"profile_ns":8478,"health_ns":1818633815,"query_wait_ms":5.99999985e-05,"query_map_ms":0.00298999995,"query_encode_ms":0.079791002,"query_copied_bytes":64}
phase-progress {"kind":"phase","phase":"setters","frame":98,"submitted":97,"completed":97,"bodies":0,"joints":0,"physics_ns":0,"draw_ns":0,"render_ns":0,"ui_ns":0,"commit_ns":0,"profile_ns":0,"health_ns":0,"query_wait_ms":0,"query_map_ms":0,"query_encode_ms":0,"query_copied_bytes":0}
phase-progress {"kind":"phase","phase":"physics","frame":98,"submitted":97,"completed":97,"bodies":0,"joints":0,"physics_ns":0,"draw_ns":0,"render_ns":0,"ui_ns":0,"commit_ns":0,"profile_ns":0,"health_ns":0,"query_wait_ms":0,"query_map_ms":0,"query_encode_ms":0,"query_copied_bytes":0}
phase-progress {"kind":"health_begin","phase":"health","frame":98,"submitted":97,"completed":97,"bodies":1780,"joints":1680,"physics_ns":0,"draw_ns":0,"render_ns":0,"ui_ns":0,"commit_ns":0,"profile_ns":0,"health_ns":0,"query_wait_ms":0,"query_map_ms":0,"query_encode_ms":0,"query_copied_bytes":0}
phase-progress {"kind":"health_end","phase":"health","frame":98,"submitted":97,"completed":97,"bodies":1780,"joints":1680,"physics_ns":0,"draw_ns":0,"render_ns":0,"ui_ns":0,"commit_ns":0,"profile_ns":0,"health_ns":1839676426,"query_wait_ms":0,"query_map_ms":0,"query_encode_ms":0,"query_copied_bytes":0}
phase-progress {"kind":"phase","phase":"profile","frame":98,"submitted":97,"completed":97,"bodies":1780,"joints":1680,"physics_ns":1842047344,"draw_ns":0,"render_ns":0,"ui_ns":0,"commit_ns":0,"profile_ns":0,"health_ns":1839676426,"query_wait_ms":0,"query_map_ms":0,"query_encode_ms":0,"query_copied_bytes":0}
phase-progress {"kind":"phase","phase":"pick","frame":98,"submitted":97,"completed":97,"bodies":1780,"joints":1680,"physics_ns":1842047344,"draw_ns":0,"render_ns":0,"ui_ns":0,"commit_ns":0,"profile_ns":8545,"health_ns":1839676426,"query_wait_ms":0,"query_map_ms":0,"query_encode_ms":0,"query_copied_bytes":0}
phase-progress {"kind":"phase","phase":"draw","frame":98,"submitted":97,"completed":97,"bodies":1780,"joints":1680,"physics_ns":1842047344,"draw_ns":0,"render_ns":0,"ui_ns":0,"commit_ns":0,"profile_ns":8545,"health_ns":1839676426,"query_wait_ms":5.99999985e-05,"query_map_ms":0.00340699987,"query_encode_ms":0.0793310031,"query_copied_bytes":64}
phase-progress {"kind":"phase","phase":"render","frame":98,"submitted":98,"completed":98,"bodies":1780,"joints":1680,"physics_ns":1842047344,"draw_ns":298808,"render_ns":0,"ui_ns":0,"commit_ns":0,"profile_ns":8545,"health_ns":1839676426,"query_wait_ms":5.99999985e-05,"query_map_ms":0.00340699987,"query_encode_ms":0.0793310031,"query_copied_bytes":64}
phase-progress {"kind":"phase","phase":"ui","frame":98,"submitted":98,"completed":98,"bodies":1780,"joints":1680,"physics_ns":1842047344,"draw_ns":298808,"render_ns":271250858,"ui_ns":0,"commit_ns":0,"profile_ns":8545,"health_ns":1839676426,"query_wait_ms":5.99999985e-05,"query_map_ms":0.00340699987,"query_encode_ms":0.0793310031,"query_copied_bytes":64}
phase-progress {"kind":"phase","phase":"commit","frame":98,"submitted":98,"completed":98,"bodies":1780,"joints":1680,"physics_ns":1842047344,"draw_ns":298808,"render_ns":271250858,"ui_ns":103634,"commit_ns":0,"profile_ns":8545,"health_ns":1839676426,"query_wait_ms":5.99999985e-05,"query_map_ms":0.00340699987,"query_encode_ms":0.0793310031,"query_copied_bytes":64}
phase-progress {"kind":"phase","phase":"limiter","frame":98,"submitted":98,"completed":98,"bodies":1780,"joints":1680,"physics_ns":1842047344,"draw_ns":298808,"render_ns":271250858,"ui_ns":103634,"commit_ns":20610,"profile_ns":8545,"health_ns":1839676426,"query_wait_ms":5.99999985e-05,"query_map_ms":0.00340699987,"query_encode_ms":0.0793310031,"query_copied_bytes":64}
phase-progress {"kind":"phase","phase":"end","frame":98,"submitted":98,"completed":98,"bodies":1780,"joints":1680,"physics_ns":1842047344,"draw_ns":298808,"render_ns":271250858,"ui_ns":103634,"commit_ns":20610,"profile_ns":8545,"health_ns":1839676426,"query_wait_ms":5.99999985e-05,"query_map_ms":0.00340699987,"query_encode_ms":0.0793310031,"query_copied_bytes":64}
phase-progress {"kind":"frame","phase":"end","frame":98,"submitted":98,"completed":98,"bodies":1780,"joints":1680,"physics_ns":1842047344,"draw_ns":298808,"render_ns":271250858,"ui_ns":103634,"commit_ns":20610,"profile_ns":8545,"health_ns":1839676426,"query_wait_ms":5.99999985e-05,"query_map_ms":0.00340699987,"query_encode_ms":0.0793310031,"query_copied_bytes":64}
phase-progress {"kind":"phase","phase":"setters","frame":99,"submitted":98,"completed":98,"bodies":0,"joints":0,"physics_ns":0,"draw_ns":0,"render_ns":0,"ui_ns":0,"commit_ns":0,"profile_ns":0,"health_ns":0,"query_wait_ms":0,"query_map_ms":0,"query_encode_ms":0,"query_copied_bytes":0}
phase-progress {"kind":"phase","phase":"physics","frame":99,"submitted":98,"completed":98,"bodies":0,"joints":0,"physics_ns":0,"draw_ns":0,"render_ns":0,"ui_ns":0,"commit_ns":0,"profile_ns":0,"health_ns":0,"query_wait_ms":0,"query_map_ms":0,"query_encode_ms":0,"query_copied_bytes":0}
phase-progress {"kind":"health_begin","phase":"health","frame":99,"submitted":98,"completed":98,"bodies":1780,"joints":1680,"physics_ns":0,"draw_ns":0,"render_ns":0,"ui_ns":0,"commit_ns":0,"profile_ns":0,"health_ns":0,"query_wait_ms":0,"query_map_ms":0,"query_encode_ms":0,"query_copied_bytes":0}
phase-progress {"kind":"health_end","phase":"health","frame":99,"submitted":98,"completed":98,"bodies":1780,"joints":1680,"physics_ns":0,"draw_ns":0,"render_ns":0,"ui_ns":0,"commit_ns":0,"profile_ns":0,"health_ns":1911432492,"query_wait_ms":0,"query_map_ms":0,"query_encode_ms":0,"query_copied_bytes":0}
phase-progress {"kind":"phase","phase":"profile","frame":99,"submitted":98,"completed":98,"bodies":1780,"joints":1680,"physics_ns":1913784827,"draw_ns":0,"render_ns":0,"ui_ns":0,"commit_ns":0,"profile_ns":0,"health_ns":1911432492,"query_wait_ms":0,"query_map_ms":0,"query_encode_ms":0,"query_copied_bytes":0}
phase-progress {"kind":"phase","phase":"pick","frame":99,"submitted":98,"completed":98,"bodies":1780,"joints":1680,"physics_ns":1913784827,"draw_ns":0,"render_ns":0,"ui_ns":0,"commit_ns":0,"profile_ns":11666,"health_ns":1911432492,"query_wait_ms":0,"query_map_ms":0,"query_encode_ms":0,"query_copied_bytes":0}
phase-progress {"kind":"phase","phase":"draw","frame":99,"submitted":98,"completed":98,"bodies":1780,"joints":1680,"physics_ns":1913784827,"draw_ns":0,"render_ns":0,"ui_ns":0,"commit_ns":0,"profile_ns":11666,"health_ns":1911432492,"query_wait_ms":8.50000069e-05,"query_map_ms":0.00323399995,"query_encode_ms":0.0829600021,"query_copied_bytes":64}
phase-progress {"kind":"phase","phase":"render","frame":99,"submitted":99,"completed":99,"bodies":1780,"joints":1680,"physics_ns":1913784827,"draw_ns":303200,"render_ns":0,"ui_ns":0,"commit_ns":0,"profile_ns":11666,"health_ns":1911432492,"query_wait_ms":8.50000069e-05,"query_map_ms":0.00323399995,"query_encode_ms":0.0829600021,"query_copied_bytes":64}
phase-progress {"kind":"phase","phase":"ui","frame":99,"submitted":99,"completed":99,"bodies":1780,"joints":1680,"physics_ns":1913784827,"draw_ns":303200,"render_ns":269934304,"ui_ns":0,"commit_ns":0,"profile_ns":11666,"health_ns":1911432492,"query_wait_ms":8.50000069e-05,"query_map_ms":0.00323399995,"query_encode_ms":0.0829600021,"query_copied_bytes":64}
phase-progress {"kind":"phase","phase":"commit","frame":99,"submitted":99,"completed":99,"bodies":1780,"joints":1680,"physics_ns":1913784827,"draw_ns":303200,"render_ns":269934304,"ui_ns":88007,"commit_ns":0,"profile_ns":11666,"health_ns":1911432492,"query_wait_ms":8.50000069e-05,"query_map_ms":0.00323399995,"query_encode_ms":0.0829600021,"query_copied_bytes":64}
phase-progress {"kind":"phase","phase":"limiter","frame":99,"submitted":99,"completed":99,"bodies":1780,"joints":1680,"physics_ns":1913784827,"draw_ns":303200,"render_ns":269934304,"ui_ns":88007,"commit_ns":15748,"profile_ns":11666,"health_ns":1911432492,"query_wait_ms":8.50000069e-05,"query_map_ms":0.00323399995,"query_encode_ms":0.0829600021,"query_copied_bytes":64}
phase-progress {"kind":"phase","phase":"end","frame":99,"submitted":99,"completed":99,"bodies":1780,"joints":1680,"physics_ns":1913784827,"draw_ns":303200,"render_ns":269934304,"ui_ns":88007,"commit_ns":15748,"profile_ns":11666,"health_ns":1911432492,"query_wait_ms":8.50000069e-05,"query_map_ms":0.00323399995,"query_encode_ms":0.0829600021,"query_copied_bytes":64}
phase-progress {"kind":"frame","phase":"end","frame":99,"submitted":99,"completed":99,"bodies":1780,"joints":1680,"physics_ns":1913784827,"draw_ns":303200,"render_ns":269934304,"ui_ns":88007,"commit_ns":15748,"profile_ns":11666,"health_ns":1911432492,"query_wait_ms":8.50000069e-05,"query_map_ms":0.00323399995,"query_encode_ms":0.0829600021,"query_copied_bytes":64}
phase-progress {"kind":"phase","phase":"setters","frame":100,"submitted":99,"completed":99,"bodies":0,"joints":0,"physics_ns":0,"draw_ns":0,"render_ns":0,"ui_ns":0,"commit_ns":0,"profile_ns":0,"health_ns":0,"query_wait_ms":0,"query_map_ms":0,"query_encode_ms":0,"query_copied_bytes":0}
phase-progress {"kind":"phase","phase":"physics","frame":100,"submitted":99,"completed":99,"bodies":0,"joints":0,"physics_ns":0,"draw_ns":0,"render_ns":0,"ui_ns":0,"commit_ns":0,"profile_ns":0,"health_ns":0,"query_wait_ms":0,"query_map_ms":0,"query_encode_ms":0,"query_copied_bytes":0}
phase-progress {"kind":"health_begin","phase":"health","frame":100,"submitted":99,"completed":99,"bodies":1780,"joints":1680,"physics_ns":0,"draw_ns":0,"render_ns":0,"ui_ns":0,"commit_ns":0,"profile_ns":0,"health_ns":0,"query_wait_ms":0,"query_map_ms":0,"query_encode_ms":0,"query_copied_bytes":0}
phase-progress {"kind":"health_end","phase":"health","frame":100,"submitted":99,"completed":99,"bodies":1780,"joints":1680,"physics_ns":0,"draw_ns":0,"render_ns":0,"ui_ns":0,"commit_ns":0,"profile_ns":0,"health_ns":2021203355,"query_wait_ms":0,"query_map_ms":0,"query_encode_ms":0,"query_copied_bytes":0}
phase-progress {"kind":"phase","phase":"profile","frame":100,"submitted":99,"completed":99,"bodies":1780,"joints":1680,"physics_ns":2023571331,"draw_ns":0,"render_ns":0,"ui_ns":0,"commit_ns":0,"profile_ns":0,"health_ns":2021203355,"query_wait_ms":0,"query_map_ms":0,"query_encode_ms":0,"query_copied_bytes":0}
phase-progress {"kind":"phase","phase":"pick","frame":100,"submitted":99,"completed":99,"bodies":1780,"joints":1680,"physics_ns":2023571331,"draw_ns":0,"render_ns":0,"ui_ns":0,"commit_ns":0,"profile_ns":8209,"health_ns":2021203355,"query_wait_ms":0,"query_map_ms":0,"query_encode_ms":0,"query_copied_bytes":0}
phase-progress {"kind":"phase","phase":"draw","frame":100,"submitted":99,"completed":99,"bodies":1780,"joints":1680,"physics_ns":2023571331,"draw_ns":0,"render_ns":0,"ui_ns":0,"commit_ns":0,"profile_ns":8209,"health_ns":2021203355,"query_wait_ms":5.70000011e-05,"query_map_ms":0.00319700013,"query_encode_ms":0.0782390013,"query_copied_bytes":64}
phase-progress {"kind":"phase","phase":"render","frame":100,"submitted":100,"completed":100,"bodies":1780,"joints":1680,"physics_ns":2023571331,"draw_ns":286424,"render_ns":0,"ui_ns":0,"commit_ns":0,"profile_ns":8209,"health_ns":2021203355,"query_wait_ms":5.70000011e-05,"query_map_ms":0.00319700013,"query_encode_ms":0.0782390013,"query_copied_bytes":64}
phase-progress {"kind":"phase","phase":"ui","frame":100,"submitted":100,"completed":100,"bodies":1780,"joints":1680,"physics_ns":2023571331,"draw_ns":286424,"render_ns":275739948,"ui_ns":0,"commit_ns":0,"profile_ns":8209,"health_ns":2021203355,"query_wait_ms":5.70000011e-05,"query_map_ms":0.00319700013,"query_encode_ms":0.0782390013,"query_copied_bytes":64}
phase-progress {"kind":"phase","phase":"commit","frame":100,"submitted":100,"completed":100,"bodies":1780,"joints":1680,"physics_ns":2023571331,"draw_ns":286424,"render_ns":275739948,"ui_ns":89498,"commit_ns":0,"profile_ns":8209,"health_ns":2021203355,"query_wait_ms":5.70000011e-05,"query_map_ms":0.00319700013,"query_encode_ms":0.0782390013,"query_copied_bytes":64}
phase-progress {"kind":"phase","phase":"limiter","frame":100,"submitted":100,"completed":100,"bodies":1780,"joints":1680,"physics_ns":2023571331,"draw_ns":286424,"render_ns":275739948,"ui_ns":89498,"commit_ns":28338,"profile_ns":8209,"health_ns":2021203355,"query_wait_ms":5.70000011e-05,"query_map_ms":0.00319700013,"query_encode_ms":0.0782390013,"query_copied_bytes":64}
phase-progress {"kind":"phase","phase":"end","frame":100,"submitted":100,"completed":100,"bodies":1780,"joints":1680,"physics_ns":2023571331,"draw_ns":286424,"render_ns":275739948,"ui_ns":89498,"commit_ns":28338,"profile_ns":8209,"health_ns":2021203355,"query_wait_ms":5.70000011e-05,"query_map_ms":0.00319700013,"query_encode_ms":0.0782390013,"query_copied_bytes":64}
phase-progress {"kind":"frame","phase":"end","frame":100,"submitted":100,"completed":100,"bodies":1780,"joints":1680,"physics_ns":2023571331,"draw_ns":286424,"render_ns":275739948,"ui_ns":89498,"commit_ns":28338,"profile_ns":8209,"health_ns":2021203355,"query_wait_ms":5.70000011e-05,"query_map_ms":0.00319700013,"query_encode_ms":0.0782390013,"query_copied_bytes":64}
phase-progress {"kind":"phase","phase":"setters","frame":101,"submitted":100,"completed":100,"bodies":0,"joints":0,"physics_ns":0,"draw_ns":0,"render_ns":0,"ui_ns":0,"commit_ns":0,"profile_ns":0,"health_ns":0,"query_wait_ms":0,"query_map_ms":0,"query_encode_ms":0,"query_copied_bytes":0}
phase-progress {"kind":"phase","phase":"physics","frame":101,"submitted":100,"completed":100,"bodies":0,"joints":0,"physics_ns":0,"draw_ns":0,"render_ns":0,"ui_ns":0,"commit_ns":0,"profile_ns":0,"health_ns":0,"query_wait_ms":0,"query_map_ms":0,"query_encode_ms":0,"query_copied_bytes":0}
phase-progress {"kind":"health_begin","phase":"health","frame":101,"submitted":100,"completed":100,"bodies":1780,"joints":1680,"physics_ns":0,"draw_ns":0,"render_ns":0,"ui_ns":0,"commit_ns":0,"profile_ns":0,"health_ns":0,"query_wait_ms":0,"query_map_ms":0,"query_encode_ms":0,"query_copied_bytes":0}
phase-progress {"kind":"health_end","phase":"health","frame":101,"submitted":100,"completed":100,"bodies":1780,"joints":1680,"physics_ns":0,"draw_ns":0,"render_ns":0,"ui_ns":0,"commit_ns":0,"profile_ns":0,"health_ns":1994827499,"query_wait_ms":0,"query_map_ms":0,"query_encode_ms":0,"query_copied_bytes":0}
phase-progress {"kind":"phase","phase":"profile","frame":101,"submitted":100,"completed":100,"bodies":1780,"joints":1680,"physics_ns":1997163972,"draw_ns":0,"render_ns":0,"ui_ns":0,"commit_ns":0,"profile_ns":0,"health_ns":1994827499,"query_wait_ms":0,"query_map_ms":0,"query_encode_ms":0,"query_copied_bytes":0}
phase-progress {"kind":"phase","phase":"pick","frame":101,"submitted":100,"completed":100,"bodies":1780,"joints":1680,"physics_ns":1997163972,"draw_ns":0,"render_ns":0,"ui_ns":0,"commit_ns":0,"profile_ns":8140,"health_ns":1994827499,"query_wait_ms":0,"query_map_ms":0,"query_encode_ms":0,"query_copied_bytes":0}
phase-progress {"kind":"phase","phase":"draw","frame":101,"submitted":100,"completed":100,"bodies":1780,"joints":1680,"physics_ns":1997163972,"draw_ns":0,"render_ns":0,"ui_ns":0,"commit_ns":0,"profile_ns":8140,"health_ns":1994827499,"query_wait_ms":4.3e-05,"query_map_ms":0.00341999996,"query_encode_ms":0.0815410018,"query_copied_bytes":64}
phase-progress {"kind":"phase","phase":"render","frame":101,"submitted":101,"completed":101,"bodies":1780,"joints":1680,"physics_ns":1997163972,"draw_ns":294116,"render_ns":0,"ui_ns":0,"commit_ns":0,"profile_ns":8140,"health_ns":1994827499,"query_wait_ms":4.3e-05,"query_map_ms":0.00341999996,"query_encode_ms":0.0815410018,"query_copied_bytes":64}
phase-progress {"kind":"phase","phase":"ui","frame":101,"submitted":101,"completed":101,"bodies":1780,"joints":1680,"physics_ns":1997163972,"draw_ns":294116,"render_ns":257264706,"ui_ns":0,"commit_ns":0,"profile_ns":8140,"health_ns":1994827499,"query_wait_ms":4.3e-05,"query_map_ms":0.00341999996,"query_encode_ms":0.0815410018,"query_copied_bytes":64}
phase-progress {"kind":"phase","phase":"commit","frame":101,"submitted":101,"completed":101,"bodies":1780,"joints":1680,"physics_ns":1997163972,"draw_ns":294116,"render_ns":257264706,"ui_ns":97003,"commit_ns":0,"profile_ns":8140,"health_ns":1994827499,"query_wait_ms":4.3e-05,"query_map_ms":0.00341999996,"query_encode_ms":0.0815410018,"query_copied_bytes":64}
phase-progress {"kind":"phase","phase":"limiter","frame":101,"submitted":101,"completed":101,"bodies":1780,"joints":1680,"physics_ns":1997163972,"draw_ns":294116,"render_ns":257264706,"ui_ns":97003,"commit_ns":24470,"profile_ns":8140,"health_ns":1994827499,"query_wait_ms":4.3e-05,"query_map_ms":0.00341999996,"query_encode_ms":0.0815410018,"query_copied_bytes":64}
phase-progress {"kind":"phase","phase":"end","frame":101,"submitted":101,"completed":101,"bodies":1780,"joints":1680,"physics_ns":1997163972,"draw_ns":294116,"render_ns":257264706,"ui_ns":97003,"commit_ns":24470,"profile_ns":8140,"health_ns":1994827499,"query_wait_ms":4.3e-05,"query_map_ms":0.00341999996,"query_encode_ms":0.0815410018,"query_copied_bytes":64}
phase-progress {"kind":"frame","phase":"end","frame":101,"submitted":101,"completed":101,"bodies":1780,"joints":1680,"physics_ns":1997163972,"draw_ns":294116,"render_ns":257264706,"ui_ns":97003,"commit_ns":24470,"profile_ns":8140,"health_ns":1994827499,"query_wait_ms":4.3e-05,"query_map_ms":0.00341999996,"query_encode_ms":0.0815410018,"query_copied_bytes":64}
phase-progress {"kind":"phase","phase":"setters","frame":102,"submitted":101,"completed":101,"bodies":0,"joints":0,"physics_ns":0,"draw_ns":0,"render_ns":0,"ui_ns":0,"commit_ns":0,"profile_ns":0,"health_ns":0,"query_wait_ms":0,"query_map_ms":0,"query_encode_ms":0,"query_copied_bytes":0}
phase-progress {"kind":"phase","phase":"physics","frame":102,"submitted":101,"completed":101,"bodies":0,"joints":0,"physics_ns":0,"draw_ns":0,"render_ns":0,"ui_ns":0,"commit_ns":0,"profile_ns":0,"health_ns":0,"query_wait_ms":0,"query_map_ms":0,"query_encode_ms":0,"query_copied_bytes":0}
phase-progress {"kind":"health_begin","phase":"health","frame":102,"submitted":101,"completed":101,"bodies":1780,"joints":1680,"physics_ns":0,"draw_ns":0,"render_ns":0,"ui_ns":0,"commit_ns":0,"profile_ns":0,"health_ns":0,"query_wait_ms":0,"query_map_ms":0,"query_encode_ms":0,"query_copied_bytes":0}
phase-progress {"kind":"health_end","phase":"health","frame":102,"submitted":101,"completed":101,"bodies":1780,"joints":1680,"physics_ns":0,"draw_ns":0,"render_ns":0,"ui_ns":0,"commit_ns":0,"profile_ns":0,"health_ns":1818677189,"query_wait_ms":0,"query_map_ms":0,"query_encode_ms":0,"query_copied_bytes":0}
phase-progress {"kind":"phase","phase":"profile","frame":102,"submitted":101,"completed":101,"bodies":1780,"joints":1680,"physics_ns":1821054745,"draw_ns":0,"render_ns":0,"ui_ns":0,"commit_ns":0,"profile_ns":0,"health_ns":1818677189,"query_wait_ms":0,"query_map_ms":0,"query_encode_ms":0,"query_copied_bytes":0}
phase-progress {"kind":"phase","phase":"pick","frame":102,"submitted":101,"completed":101,"bodies":1780,"joints":1680,"physics_ns":1821054745,"draw_ns":0,"render_ns":0,"ui_ns":0,"commit_ns":0,"profile_ns":8472,"health_ns":1818677189,"query_wait_ms":0,"query_map_ms":0,"query_encode_ms":0,"query_copied_bytes":0}
phase-progress {"kind":"phase","phase":"draw","frame":102,"submitted":101,"completed":101,"bodies":1780,"joints":1680,"physics_ns":1821054745,"draw_ns":0,"render_ns":0,"ui_ns":0,"commit_ns":0,"profile_ns":8472,"health_ns":1818677189,"query_wait_ms":6.50000002e-05,"query_map_ms":0.00316999992,"query_encode_ms":0.079215996,"query_copied_bytes":64}
phase-progress {"kind":"phase","phase":"render","frame":102,"submitted":102,"completed":102,"bodies":1780,"joints":1680,"physics_ns":1821054745,"draw_ns":289792,"render_ns":0,"ui_ns":0,"commit_ns":0,"profile_ns":8472,"health_ns":1818677189,"query_wait_ms":6.50000002e-05,"query_map_ms":0.00316999992,"query_encode_ms":0.079215996,"query_copied_bytes":64}
phase-progress {"kind":"phase","phase":"ui","frame":102,"submitted":102,"completed":102,"bodies":1780,"joints":1680,"physics_ns":1821054745,"draw_ns":289792,"render_ns":278032293,"ui_ns":0,"commit_ns":0,"profile_ns":8472,"health_ns":1818677189,"query_wait_ms":6.50000002e-05,"query_map_ms":0.00316999992,"query_encode_ms":0.079215996,"query_copied_bytes":64}
phase-progress {"kind":"phase","phase":"commit","frame":102,"submitted":102,"completed":102,"bodies":1780,"joints":1680,"physics_ns":1821054745,"draw_ns":289792,"render_ns":278032293,"ui_ns":129116,"commit_ns":0,"profile_ns":8472,"health_ns":1818677189,"query_wait_ms":6.50000002e-05,"query_map_ms":0.00316999992,"query_encode_ms":0.079215996,"query_copied_bytes":64}
phase-progress {"kind":"phase","phase":"limiter","frame":102,"submitted":102,"completed":102,"bodies":1780,"joints":1680,"physics_ns":1821054745,"draw_ns":289792,"render_ns":278032293,"ui_ns":129116,"commit_ns":20988,"profile_ns":8472,"health_ns":1818677189,"query_wait_ms":6.50000002e-05,"query_map_ms":0.00316999992,"query_encode_ms":0.079215996,"query_copied_bytes":64}
phase-progress {"kind":"phase","phase":"end","frame":102,"submitted":102,"completed":102,"bodies":1780,"joints":1680,"physics_ns":1821054745,"draw_ns":289792,"render_ns":278032293,"ui_ns":129116,"commit_ns":20988,"profile_ns":8472,"health_ns":1818677189,"query_wait_ms":6.50000002e-05,"query_map_ms":0.00316999992,"query_encode_ms":0.079215996,"query_copied_bytes":64}
phase-progress {"kind":"frame","phase":"end","frame":102,"submitted":102,"completed":102,"bodies":1780,"joints":1680,"physics_ns":1821054745,"draw_ns":289792,"render_ns":278032293,"ui_ns":129116,"commit_ns":20988,"profile_ns":8472,"health_ns":1818677189,"query_wait_ms":6.50000002e-05,"query_map_ms":0.00316999992,"query_encode_ms":0.079215996,"query_copied_bytes":64}
phase-progress {"kind":"phase","phase":"setters","frame":103,"submitted":102,"completed":102,"bodies":0,"joints":0,"physics_ns":0,"draw_ns":0,"render_ns":0,"ui_ns":0,"commit_ns":0,"profile_ns":0,"health_ns":0,"query_wait_ms":0,"query_map_ms":0,"query_encode_ms":0,"query_copied_bytes":0}
phase-progress {"kind":"phase","phase":"physics","frame":103,"submitted":102,"completed":102,"bodies":0,"joints":0,"physics_ns":0,"draw_ns":0,"render_ns":0,"ui_ns":0,"commit_ns":0,"profile_ns":0,"health_ns":0,"query_wait_ms":0,"query_map_ms":0,"query_encode_ms":0,"query_copied_bytes":0}
phase-progress {"kind":"health_begin","phase":"health","frame":103,"submitted":102,"completed":102,"bodies":1780,"joints":1680,"physics_ns":0,"draw_ns":0,"render_ns":0,"ui_ns":0,"commit_ns":0,"profile_ns":0,"health_ns":0,"query_wait_ms":0,"query_map_ms":0,"query_encode_ms":0,"query_copied_bytes":0}
phase-progress {"kind":"health_end","phase":"health","frame":103,"submitted":102,"completed":102,"bodies":1780,"joints":1680,"physics_ns":0,"draw_ns":0,"render_ns":0,"ui_ns":0,"commit_ns":0,"profile_ns":0,"health_ns":1794290507,"query_wait_ms":0,"query_map_ms":0,"query_encode_ms":0,"query_copied_bytes":0}
phase-progress {"kind":"phase","phase":"profile","frame":103,"submitted":102,"completed":102,"bodies":1780,"joints":1680,"physics_ns":1796672050,"draw_ns":0,"render_ns":0,"ui_ns":0,"commit_ns":0,"profile_ns":0,"health_ns":1794290507,"query_wait_ms":0,"query_map_ms":0,"query_encode_ms":0,"query_copied_bytes":0}
phase-progress {"kind":"phase","phase":"pick","frame":103,"submitted":102,"completed":102,"bodies":1780,"joints":1680,"physics_ns":1796672050,"draw_ns":0,"render_ns":0,"ui_ns":0,"commit_ns":0,"profile_ns":8589,"health_ns":1794290507,"query_wait_ms":0,"query_map_ms":0,"query_encode_ms":0,"query_copied_bytes":0}
phase-progress {"kind":"phase","phase":"draw","frame":103,"submitted":102,"completed":102,"bodies":1780,"joints":1680,"physics_ns":1796672050,"draw_ns":0,"render_ns":0,"ui_ns":0,"commit_ns":0,"profile_ns":8589,"health_ns":1794290507,"query_wait_ms":6.10000025e-05,"query_map_ms":0.00336600002,"query_encode_ms":0.0827070028,"query_copied_bytes":64}
phase-progress {"kind":"phase","phase":"render","frame":103,"submitted":103,"completed":103,"bodies":1780,"joints":1680,"physics_ns":1796672050,"draw_ns":313490,"render_ns":0,"ui_ns":0,"commit_ns":0,"profile_ns":8589,"health_ns":1794290507,"query_wait_ms":6.10000025e-05,"query_map_ms":0.00336600002,"query_encode_ms":0.0827070028,"query_copied_bytes":64}
phase-progress {"kind":"phase","phase":"ui","frame":103,"submitted":103,"completed":103,"bodies":1780,"joints":1680,"physics_ns":1796672050,"draw_ns":313490,"render_ns":276348084,"ui_ns":0,"commit_ns":0,"profile_ns":8589,"health_ns":1794290507,"query_wait_ms":6.10000025e-05,"query_map_ms":0.00336600002,"query_encode_ms":0.0827070028,"query_copied_bytes":64}
phase-progress {"kind":"phase","phase":"commit","frame":103,"submitted":103,"completed":103,"bodies":1780,"joints":1680,"physics_ns":1796672050,"draw_ns":313490,"render_ns":276348084,"ui_ns":100854,"commit_ns":0,"profile_ns":8589,"health_ns":1794290507,"query_wait_ms":6.10000025e-05,"query_map_ms":0.00336600002,"query_encode_ms":0.0827070028,"query_copied_bytes":64}
phase-progress {"kind":"phase","phase":"limiter","frame":103,"submitted":103,"completed":103,"bodies":1780,"joints":1680,"physics_ns":1796672050,"draw_ns":313490,"render_ns":276348084,"ui_ns":100854,"commit_ns":21271,"profile_ns":8589,"health_ns":1794290507,"query_wait_ms":6.10000025e-05,"query_map_ms":0.00336600002,"query_encode_ms":0.0827070028,"query_copied_bytes":64}
phase-progress {"kind":"phase","phase":"end","frame":103,"submitted":103,"completed":103,"bodies":1780,"joints":1680,"physics_ns":1796672050,"draw_ns":313490,"render_ns":276348084,"ui_ns":100854,"commit_ns":21271,"profile_ns":8589,"health_ns":1794290507,"query_wait_ms":6.10000025e-05,"query_map_ms":0.00336600002,"query_encode_ms":0.0827070028,"query_copied_bytes":64}
phase-progress {"kind":"frame","phase":"end","frame":103,"submitted":103,"completed":103,"bodies":1780,"joints":1680,"physics_ns":1796672050,"draw_ns":313490,"render_ns":276348084,"ui_ns":100854,"commit_ns":21271,"profile_ns":8589,"health_ns":1794290507,"query_wait_ms":6.10000025e-05,"query_map_ms":0.00336600002,"query_encode_ms":0.0827070028,"query_copied_bytes":64}
phase-progress {"kind":"phase","phase":"setters","frame":104,"submitted":103,"completed":103,"bodies":0,"joints":0,"physics_ns":0,"draw_ns":0,"render_ns":0,"ui_ns":0,"commit_ns":0,"profile_ns":0,"health_ns":0,"query_wait_ms":0,"query_map_ms":0,"query_encode_ms":0,"query_copied_bytes":0}
phase-progress {"kind":"phase","phase":"physics","frame":104,"submitted":103,"completed":103,"bodies":0,"joints":0,"physics_ns":0,"draw_ns":0,"render_ns":0,"ui_ns":0,"commit_ns":0,"profile_ns":0,"health_ns":0,"query_wait_ms":0,"query_map_ms":0,"query_encode_ms":0,"query_copied_bytes":0}
phase-progress {"kind":"health_begin","phase":"health","frame":104,"submitted":103,"completed":103,"bodies":1780,"joints":1680,"physics_ns":0,"draw_ns":0,"render_ns":0,"ui_ns":0,"commit_ns":0,"profile_ns":0,"health_ns":0,"query_wait_ms":0,"query_map_ms":0,"query_encode_ms":0,"query_copied_bytes":0}
phase-progress {"kind":"health_end","phase":"health","frame":104,"submitted":103,"completed":103,"bodies":1780,"joints":1680,"physics_ns":0,"draw_ns":0,"render_ns":0,"ui_ns":0,"commit_ns":0,"profile_ns":0,"health_ns":1892453393,"query_wait_ms":0,"query_map_ms":0,"query_encode_ms":0,"query_copied_bytes":0}
phase-progress {"kind":"phase","phase":"profile","frame":104,"submitted":103,"completed":103,"bodies":1780,"joints":1680,"physics_ns":1894865052,"draw_ns":0,"render_ns":0,"ui_ns":0,"commit_ns":0,"profile_ns":0,"health_ns":1892453393,"query_wait_ms":0,"query_map_ms":0,"query_encode_ms":0,"query_copied_bytes":0}
phase-progress {"kind":"phase","phase":"pick","frame":104,"submitted":103,"completed":103,"bodies":1780,"joints":1680,"physics_ns":1894865052,"draw_ns":0,"render_ns":0,"ui_ns":0,"commit_ns":0,"profile_ns":8346,"health_ns":1892453393,"query_wait_ms":0,"query_map_ms":0,"query_encode_ms":0,"query_copied_bytes":0}
phase-progress {"kind":"phase","phase":"draw","frame":104,"submitted":103,"completed":103,"bodies":1780,"joints":1680,"physics_ns":1894865052,"draw_ns":0,"render_ns":0,"ui_ns":0,"commit_ns":0,"profile_ns":8346,"health_ns":1892453393,"query_wait_ms":6.70000009e-05,"query_map_ms":0.00315400003,"query_encode_ms":0.0825730041,"query_copied_bytes":64}
phase-progress {"kind":"phase","phase":"render","frame":104,"submitted":104,"completed":104,"bodies":1780,"joints":1680,"physics_ns":1894865052,"draw_ns":292797,"render_ns":0,"ui_ns":0,"commit_ns":0,"profile_ns":8346,"health_ns":1892453393,"query_wait_ms":6.70000009e-05,"query_map_ms":0.00315400003,"query_encode_ms":0.0825730041,"query_copied_bytes":64}
phase-progress {"kind":"phase","phase":"ui","frame":104,"submitted":104,"completed":104,"bodies":1780,"joints":1680,"physics_ns":1894865052,"draw_ns":292797,"render_ns":270315312,"ui_ns":0,"commit_ns":0,"profile_ns":8346,"health_ns":1892453393,"query_wait_ms":6.70000009e-05,"query_map_ms":0.00315400003,"query_encode_ms":0.0825730041,"query_copied_bytes":64}
phase-progress {"kind":"phase","phase":"commit","frame":104,"submitted":104,"completed":104,"bodies":1780,"joints":1680,"physics_ns":1894865052,"draw_ns":292797,"render_ns":270315312,"ui_ns":87217,"commit_ns":0,"profile_ns":8346,"health_ns":1892453393,"query_wait_ms":6.70000009e-05,"query_map_ms":0.00315400003,"query_encode_ms":0.0825730041,"query_copied_bytes":64}
phase-progress {"kind":"phase","phase":"limiter","frame":104,"submitted":104,"completed":104,"bodies":1780,"joints":1680,"physics_ns":1894865052,"draw_ns":292797,"render_ns":270315312,"ui_ns":87217,"commit_ns":15709,"profile_ns":8346,"health_ns":1892453393,"query_wait_ms":6.70000009e-05,"query_map_ms":0.00315400003,"query_encode_ms":0.0825730041,"query_copied_bytes":64}
phase-progress {"kind":"phase","phase":"end","frame":104,"submitted":104,"completed":104,"bodies":1780,"joints":1680,"physics_ns":1894865052,"draw_ns":292797,"render_ns":270315312,"ui_ns":87217,"commit_ns":15709,"profile_ns":8346,"health_ns":1892453393,"query_wait_ms":6.70000009e-05,"query_map_ms":0.00315400003,"query_encode_ms":0.0825730041,"query_copied_bytes":64}
phase-progress {"kind":"frame","phase":"end","frame":104,"submitted":104,"completed":104,"bodies":1780,"joints":1680,"physics_ns":1894865052,"draw_ns":292797,"render_ns":270315312,"ui_ns":87217,"commit_ns":15709,"profile_ns":8346,"health_ns":1892453393,"query_wait_ms":6.70000009e-05,"query_map_ms":0.00315400003,"query_encode_ms":0.0825730041,"query_copied_bytes":64}
phase-progress {"kind":"phase","phase":"setters","frame":105,"submitted":104,"completed":104,"bodies":0,"joints":0,"physics_ns":0,"draw_ns":0,"render_ns":0,"ui_ns":0,"commit_ns":0,"profile_ns":0,"health_ns":0,"query_wait_ms":0,"query_map_ms":0,"query_encode_ms":0,"query_copied_bytes":0}
phase-progress {"kind":"phase","phase":"physics","frame":105,"submitted":104,"completed":104,"bodies":0,"joints":0,"physics_ns":0,"draw_ns":0,"render_ns":0,"ui_ns":0,"commit_ns":0,"profile_ns":0,"health_ns":0,"query_wait_ms":0,"query_map_ms":0,"query_encode_ms":0,"query_copied_bytes":0}
phase-progress {"kind":"health_begin","phase":"health","frame":105,"submitted":104,"completed":104,"bodies":1780,"joints":1680,"physics_ns":0,"draw_ns":0,"render_ns":0,"ui_ns":0,"commit_ns":0,"profile_ns":0,"health_ns":0,"query_wait_ms":0,"query_map_ms":0,"query_encode_ms":0,"query_copied_bytes":0}
phase-progress {"kind":"health_end","phase":"health","frame":105,"submitted":104,"completed":104,"bodies":1780,"joints":1680,"physics_ns":0,"draw_ns":0,"render_ns":0,"ui_ns":0,"commit_ns":0,"profile_ns":0,"health_ns":1850069939,"query_wait_ms":0,"query_map_ms":0,"query_encode_ms":0,"query_copied_bytes":0}
phase-progress {"kind":"phase","phase":"profile","frame":105,"submitted":104,"completed":104,"bodies":1780,"joints":1680,"physics_ns":1852408493,"draw_ns":0,"render_ns":0,"ui_ns":0,"commit_ns":0,"profile_ns":0,"health_ns":1850069939,"query_wait_ms":0,"query_map_ms":0,"query_encode_ms":0,"query_copied_bytes":0}
phase-progress {"kind":"phase","phase":"pick","frame":105,"submitted":104,"completed":104,"bodies":1780,"joints":1680,"physics_ns":1852408493,"draw_ns":0,"render_ns":0,"ui_ns":0,"commit_ns":0,"profile_ns":8256,"health_ns":1850069939,"query_wait_ms":0,"query_map_ms":0,"query_encode_ms":0,"query_copied_bytes":0}
phase-progress {"kind":"phase","phase":"draw","frame":105,"submitted":104,"completed":104,"bodies":1780,"joints":1680,"physics_ns":1852408493,"draw_ns":0,"render_ns":0,"ui_ns":0,"commit_ns":0,"profile_ns":8256,"health_ns":1850069939,"query_wait_ms":5.90000018e-05,"query_map_ms":0.00352899986,"query_encode_ms":0.0810109973,"query_copied_bytes":64}
phase-progress {"kind":"phase","phase":"render","frame":105,"submitted":105,"completed":105,"bodies":1780,"joints":1680,"physics_ns":1852408493,"draw_ns":308936,"render_ns":0,"ui_ns":0,"commit_ns":0,"profile_ns":8256,"health_ns":1850069939,"query_wait_ms":5.90000018e-05,"query_map_ms":0.00352899986,"query_encode_ms":0.0810109973,"query_copied_bytes":64}
phase-progress {"kind":"phase","phase":"ui","frame":105,"submitted":105,"completed":105,"bodies":1780,"joints":1680,"physics_ns":1852408493,"draw_ns":308936,"render_ns":262889356,"ui_ns":0,"commit_ns":0,"profile_ns":8256,"health_ns":1850069939,"query_wait_ms":5.90000018e-05,"query_map_ms":0.00352899986,"query_encode_ms":0.0810109973,"query_copied_bytes":64}
phase-progress {"kind":"phase","phase":"commit","frame":105,"submitted":105,"completed":105,"bodies":1780,"joints":1680,"physics_ns":1852408493,"draw_ns":308936,"render_ns":262889356,"ui_ns":87152,"commit_ns":0,"profile_ns":8256,"health_ns":1850069939,"query_wait_ms":5.90000018e-05,"query_map_ms":0.00352899986,"query_encode_ms":0.0810109973,"query_copied_bytes":64}
phase-progress {"kind":"phase","phase":"limiter","frame":105,"submitted":105,"completed":105,"bodies":1780,"joints":1680,"physics_ns":1852408493,"draw_ns":308936,"render_ns":262889356,"ui_ns":87152,"commit_ns":14977,"profile_ns":8256,"health_ns":1850069939,"query_wait_ms":5.90000018e-05,"query_map_ms":0.00352899986,"query_encode_ms":0.0810109973,"query_copied_bytes":64}
phase-progress {"kind":"phase","phase":"end","frame":105,"submitted":105,"completed":105,"bodies":1780,"joints":1680,"physics_ns":1852408493,"draw_ns":308936,"render_ns":262889356,"ui_ns":87152,"commit_ns":14977,"profile_ns":8256,"health_ns":1850069939,"query_wait_ms":5.90000018e-05,"query_map_ms":0.00352899986,"query_encode_ms":0.0810109973,"query_copied_bytes":64}
phase-progress {"kind":"frame","phase":"end","frame":105,"submitted":105,"completed":105,"bodies":1780,"joints":1680,"physics_ns":1852408493,"draw_ns":308936,"render_ns":262889356,"ui_ns":87152,"commit_ns":14977,"profile_ns":8256,"health_ns":1850069939,"query_wait_ms":5.90000018e-05,"query_map_ms":0.00352899986,"query_encode_ms":0.0810109973,"query_copied_bytes":64}
phase-progress {"kind":"phase","phase":"setters","frame":106,"submitted":105,"completed":105,"bodies":0,"joints":0,"physics_ns":0,"draw_ns":0,"render_ns":0,"ui_ns":0,"commit_ns":0,"profile_ns":0,"health_ns":0,"query_wait_ms":0,"query_map_ms":0,"query_encode_ms":0,"query_copied_bytes":0}
phase-progress {"kind":"phase","phase":"physics","frame":106,"submitted":105,"completed":105,"bodies":0,"joints":0,"physics_ns":0,"draw_ns":0,"render_ns":0,"ui_ns":0,"commit_ns":0,"profile_ns":0,"health_ns":0,"query_wait_ms":0,"query_map_ms":0,"query_encode_ms":0,"query_copied_bytes":0}
phase-progress {"kind":"health_begin","phase":"health","frame":106,"submitted":105,"completed":105,"bodies":1780,"joints":1680,"physics_ns":0,"draw_ns":0,"render_ns":0,"ui_ns":0,"commit_ns":0,"profile_ns":0,"health_ns":0,"query_wait_ms":0,"query_map_ms":0,"query_encode_ms":0,"query_copied_bytes":0}
phase-progress {"kind":"health_end","phase":"health","frame":106,"submitted":105,"completed":105,"bodies":1780,"joints":1680,"physics_ns":0,"draw_ns":0,"render_ns":0,"ui_ns":0,"commit_ns":0,"profile_ns":0,"health_ns":1892403426,"query_wait_ms":0,"query_map_ms":0,"query_encode_ms":0,"query_copied_bytes":0}
phase-progress {"kind":"phase","phase":"profile","frame":106,"submitted":105,"completed":105,"bodies":1780,"joints":1680,"physics_ns":1894796023,"draw_ns":0,"render_ns":0,"ui_ns":0,"commit_ns":0,"profile_ns":0,"health_ns":1892403426,"query_wait_ms":0,"query_map_ms":0,"query_encode_ms":0,"query_copied_bytes":0}
phase-progress {"kind":"phase","phase":"pick","frame":106,"submitted":105,"completed":105,"bodies":1780,"joints":1680,"physics_ns":1894796023,"draw_ns":0,"render_ns":0,"ui_ns":0,"commit_ns":0,"profile_ns":9049,"health_ns":1892403426,"query_wait_ms":0,"query_map_ms":0,"query_encode_ms":0,"query_copied_bytes":0}
phase-progress {"kind":"phase","phase":"draw","frame":106,"submitted":105,"completed":105,"bodies":1780,"joints":1680,"physics_ns":1894796023,"draw_ns":0,"render_ns":0,"ui_ns":0,"commit_ns":0,"profile_ns":9049,"health_ns":1892403426,"query_wait_ms":6.80000012e-05,"query_map_ms":0.00295199989,"query_encode_ms":0.0631550029,"query_copied_bytes":64}
phase-progress {"kind":"phase","phase":"render","frame":106,"submitted":106,"completed":106,"bodies":1780,"joints":1680,"physics_ns":1894796023,"draw_ns":277911,"render_ns":0,"ui_ns":0,"commit_ns":0,"profile_ns":9049,"health_ns":1892403426,"query_wait_ms":6.80000012e-05,"query_map_ms":0.00295199989,"query_encode_ms":0.0631550029,"query_copied_bytes":64}
phase-progress {"kind":"phase","phase":"ui","frame":106,"submitted":106,"completed":106,"bodies":1780,"joints":1680,"physics_ns":1894796023,"draw_ns":277911,"render_ns":260313834,"ui_ns":0,"commit_ns":0,"profile_ns":9049,"health_ns":1892403426,"query_wait_ms":6.80000012e-05,"query_map_ms":0.00295199989,"query_encode_ms":0.0631550029,"query_copied_bytes":64}
phase-progress {"kind":"phase","phase":"commit","frame":106,"submitted":106,"completed":106,"bodies":1780,"joints":1680,"physics_ns":1894796023,"draw_ns":277911,"render_ns":260313834,"ui_ns":98852,"commit_ns":0,"profile_ns":9049,"health_ns":1892403426,"query_wait_ms":6.80000012e-05,"query_map_ms":0.00295199989,"query_encode_ms":0.0631550029,"query_copied_bytes":64}
phase-progress {"kind":"phase","phase":"limiter","frame":106,"submitted":106,"completed":106,"bodies":1780,"joints":1680,"physics_ns":1894796023,"draw_ns":277911,"render_ns":260313834,"ui_ns":98852,"commit_ns":16794,"profile_ns":9049,"health_ns":1892403426,"query_wait_ms":6.80000012e-05,"query_map_ms":0.00295199989,"query_encode_ms":0.0631550029,"query_copied_bytes":64}
phase-progress {"kind":"phase","phase":"end","frame":106,"submitted":106,"completed":106,"bodies":1780,"joints":1680,"physics_ns":1894796023,"draw_ns":277911,"render_ns":260313834,"ui_ns":98852,"commit_ns":16794,"profile_ns":9049,"health_ns":1892403426,"query_wait_ms":6.80000012e-05,"query_map_ms":0.00295199989,"query_encode_ms":0.0631550029,"query_copied_bytes":64}
phase-progress {"kind":"frame","phase":"end","frame":106,"submitted":106,"completed":106,"bodies":1780,"joints":1680,"physics_ns":1894796023,"draw_ns":277911,"render_ns":260313834,"ui_ns":98852,"commit_ns":16794,"profile_ns":9049,"health_ns":1892403426,"query_wait_ms":6.80000012e-05,"query_map_ms":0.00295199989,"query_encode_ms":0.0631550029,"query_copied_bytes":64}
phase-progress {"kind":"phase","phase":"setters","frame":107,"submitted":106,"completed":106,"bodies":0,"joints":0,"physics_ns":0,"draw_ns":0,"render_ns":0,"ui_ns":0,"commit_ns":0,"profile_ns":0,"health_ns":0,"query_wait_ms":0,"query_map_ms":0,"query_encode_ms":0,"query_copied_bytes":0}
phase-progress {"kind":"phase","phase":"physics","frame":107,"submitted":106,"completed":106,"bodies":0,"joints":0,"physics_ns":0,"draw_ns":0,"render_ns":0,"ui_ns":0,"commit_ns":0,"profile_ns":0,"health_ns":0,"query_wait_ms":0,"query_map_ms":0,"query_encode_ms":0,"query_copied_bytes":0}
phase-progress {"kind":"health_begin","phase":"health","frame":107,"submitted":106,"completed":106,"bodies":1780,"joints":1680,"physics_ns":0,"draw_ns":0,"render_ns":0,"ui_ns":0,"commit_ns":0,"profile_ns":0,"health_ns":0,"query_wait_ms":0,"query_map_ms":0,"query_encode_ms":0,"query_copied_bytes":0}
phase-progress {"kind":"health_end","phase":"health","frame":107,"submitted":106,"completed":106,"bodies":1780,"joints":1680,"physics_ns":0,"draw_ns":0,"render_ns":0,"ui_ns":0,"commit_ns":0,"profile_ns":0,"health_ns":2050305569,"query_wait_ms":0,"query_map_ms":0,"query_encode_ms":0,"query_copied_bytes":0}
phase-progress {"kind":"phase","phase":"profile","frame":107,"submitted":106,"completed":106,"bodies":1780,"joints":1680,"physics_ns":2052669266,"draw_ns":0,"render_ns":0,"ui_ns":0,"commit_ns":0,"profile_ns":0,"health_ns":2050305569,"query_wait_ms":0,"query_map_ms":0,"query_encode_ms":0,"query_copied_bytes":0}
phase-progress {"kind":"phase","phase":"pick","frame":107,"submitted":106,"completed":106,"bodies":1780,"joints":1680,"physics_ns":2052669266,"draw_ns":0,"render_ns":0,"ui_ns":0,"commit_ns":0,"profile_ns":30827,"health_ns":2050305569,"query_wait_ms":0,"query_map_ms":0,"query_encode_ms":0,"query_copied_bytes":0}
phase-progress {"kind":"phase","phase":"draw","frame":107,"submitted":106,"completed":106,"bodies":1780,"joints":1680,"physics_ns":2052669266,"draw_ns":0,"render_ns":0,"ui_ns":0,"commit_ns":0,"profile_ns":30827,"health_ns":2050305569,"query_wait_ms":5.90000018e-05,"query_map_ms":0.00437400024,"query_encode_ms":0.0895669982,"query_copied_bytes":64}
phase-progress {"kind":"phase","phase":"render","frame":107,"submitted":107,"completed":107,"bodies":1780,"joints":1680,"physics_ns":2052669266,"draw_ns":322060,"render_ns":0,"ui_ns":0,"commit_ns":0,"profile_ns":30827,"health_ns":2050305569,"query_wait_ms":5.90000018e-05,"query_map_ms":0.00437400024,"query_encode_ms":0.0895669982,"query_copied_bytes":64}
phase-progress {"kind":"phase","phase":"ui","frame":107,"submitted":107,"completed":107,"bodies":1780,"joints":1680,"physics_ns":2052669266,"draw_ns":322060,"render_ns":266841999,"ui_ns":0,"commit_ns":0,"profile_ns":30827,"health_ns":2050305569,"query_wait_ms":5.90000018e-05,"query_map_ms":0.00437400024,"query_encode_ms":0.0895669982,"query_copied_bytes":64}
phase-progress {"kind":"phase","phase":"commit","frame":107,"submitted":107,"completed":107,"bodies":1780,"joints":1680,"physics_ns":2052669266,"draw_ns":322060,"render_ns":266841999,"ui_ns":93325,"commit_ns":0,"profile_ns":30827,"health_ns":2050305569,"query_wait_ms":5.90000018e-05,"query_map_ms":0.00437400024,"query_encode_ms":0.0895669982,"query_copied_bytes":64}
phase-progress {"kind":"phase","phase":"limiter","frame":107,"submitted":107,"completed":107,"bodies":1780,"joints":1680,"physics_ns":2052669266,"draw_ns":322060,"render_ns":266841999,"ui_ns":93325,"commit_ns":16832,"profile_ns":30827,"health_ns":2050305569,"query_wait_ms":5.90000018e-05,"query_map_ms":0.00437400024,"query_encode_ms":0.0895669982,"query_copied_bytes":64}
phase-progress {"kind":"phase","phase":"end","frame":107,"submitted":107,"completed":107,"bodies":1780,"joints":1680,"physics_ns":2052669266,"draw_ns":322060,"render_ns":266841999,"ui_ns":93325,"commit_ns":16832,"profile_ns":30827,"health_ns":2050305569,"query_wait_ms":5.90000018e-05,"query_map_ms":0.00437400024,"query_encode_ms":0.0895669982,"query_copied_bytes":64}
phase-progress {"kind":"frame","phase":"end","frame":107,"submitted":107,"completed":107,"bodies":1780,"joints":1680,"physics_ns":2052669266,"draw_ns":322060,"render_ns":266841999,"ui_ns":93325,"commit_ns":16832,"profile_ns":30827,"health_ns":2050305569,"query_wait_ms":5.90000018e-05,"query_map_ms":0.00437400024,"query_encode_ms":0.0895669982,"query_copied_bytes":64}
phase-progress {"kind":"phase","phase":"setters","frame":108,"submitted":107,"completed":107,"bodies":0,"joints":0,"physics_ns":0,"draw_ns":0,"render_ns":0,"ui_ns":0,"commit_ns":0,"profile_ns":0,"health_ns":0,"query_wait_ms":0,"query_map_ms":0,"query_encode_ms":0,"query_copied_bytes":0}
phase-progress {"kind":"phase","phase":"physics","frame":108,"submitted":107,"completed":107,"bodies":0,"joints":0,"physics_ns":0,"draw_ns":0,"render_ns":0,"ui_ns":0,"commit_ns":0,"profile_ns":0,"health_ns":0,"query_wait_ms":0,"query_map_ms":0,"query_encode_ms":0,"query_copied_bytes":0}
phase-progress {"kind":"health_begin","phase":"health","frame":108,"submitted":107,"completed":107,"bodies":1780,"joints":1680,"physics_ns":0,"draw_ns":0,"render_ns":0,"ui_ns":0,"commit_ns":0,"profile_ns":0,"health_ns":0,"query_wait_ms":0,"query_map_ms":0,"query_encode_ms":0,"query_copied_bytes":0}
phase-progress {"kind":"health_end","phase":"health","frame":108,"submitted":107,"completed":107,"bodies":1780,"joints":1680,"physics_ns":0,"draw_ns":0,"render_ns":0,"ui_ns":0,"commit_ns":0,"profile_ns":0,"health_ns":1820064088,"query_wait_ms":0,"query_map_ms":0,"query_encode_ms":0,"query_copied_bytes":0}
phase-progress {"kind":"phase","phase":"profile","frame":108,"submitted":107,"completed":107,"bodies":1780,"joints":1680,"physics_ns":1822438907,"draw_ns":0,"render_ns":0,"ui_ns":0,"commit_ns":0,"profile_ns":0,"health_ns":1820064088,"query_wait_ms":0,"query_map_ms":0,"query_encode_ms":0,"query_copied_bytes":0}
phase-progress {"kind":"phase","phase":"pick","frame":108,"submitted":107,"completed":107,"bodies":1780,"joints":1680,"physics_ns":1822438907,"draw_ns":0,"render_ns":0,"ui_ns":0,"commit_ns":0,"profile_ns":8837,"health_ns":1820064088,"query_wait_ms":0,"query_map_ms":0,"query_encode_ms":0,"query_copied_bytes":0}
phase-progress {"kind":"phase","phase":"draw","frame":108,"submitted":107,"completed":107,"bodies":1780,"joints":1680,"physics_ns":1822438907,"draw_ns":0,"render_ns":0,"ui_ns":0,"commit_ns":0,"profile_ns":8837,"health_ns":1820064088,"query_wait_ms":5.60000008e-05,"query_map_ms":0.00373400003,"query_encode_ms":0.0865079984,"query_copied_bytes":64}
phase-progress {"kind":"phase","phase":"render","frame":108,"submitted":108,"completed":108,"bodies":1780,"joints":1680,"physics_ns":1822438907,"draw_ns":294268,"render_ns":0,"ui_ns":0,"commit_ns":0,"profile_ns":8837,"health_ns":1820064088,"query_wait_ms":5.60000008e-05,"query_map_ms":0.00373400003,"query_encode_ms":0.0865079984,"query_copied_bytes":64}
phase-progress {"kind":"phase","phase":"ui","frame":108,"submitted":108,"completed":108,"bodies":1780,"joints":1680,"physics_ns":1822438907,"draw_ns":294268,"render_ns":266039697,"ui_ns":0,"commit_ns":0,"profile_ns":8837,"health_ns":1820064088,"query_wait_ms":5.60000008e-05,"query_map_ms":0.00373400003,"query_encode_ms":0.0865079984,"query_copied_bytes":64}
phase-progress {"kind":"phase","phase":"commit","frame":108,"submitted":108,"completed":108,"bodies":1780,"joints":1680,"physics_ns":1822438907,"draw_ns":294268,"render_ns":266039697,"ui_ns":89983,"commit_ns":0,"profile_ns":8837,"health_ns":1820064088,"query_wait_ms":5.60000008e-05,"query_map_ms":0.00373400003,"query_encode_ms":0.0865079984,"query_copied_bytes":64}
phase-progress {"kind":"phase","phase":"limiter","frame":108,"submitted":108,"completed":108,"bodies":1780,"joints":1680,"physics_ns":1822438907,"draw_ns":294268,"render_ns":266039697,"ui_ns":89983,"commit_ns":15622,"profile_ns":8837,"health_ns":1820064088,"query_wait_ms":5.60000008e-05,"query_map_ms":0.00373400003,"query_encode_ms":0.0865079984,"query_copied_bytes":64}
phase-progress {"kind":"phase","phase":"end","frame":108,"submitted":108,"completed":108,"bodies":1780,"joints":1680,"physics_ns":1822438907,"draw_ns":294268,"render_ns":266039697,"ui_ns":89983,"commit_ns":15622,"profile_ns":8837,"health_ns":1820064088,"query_wait_ms":5.60000008e-05,"query_map_ms":0.00373400003,"query_encode_ms":0.0865079984,"query_copied_bytes":64}
phase-progress {"kind":"frame","phase":"end","frame":108,"submitted":108,"completed":108,"bodies":1780,"joints":1680,"physics_ns":1822438907,"draw_ns":294268,"render_ns":266039697,"ui_ns":89983,"commit_ns":15622,"profile_ns":8837,"health_ns":1820064088,"query_wait_ms":5.60000008e-05,"query_map_ms":0.00373400003,"query_encode_ms":0.0865079984,"query_copied_bytes":64}
phase-progress {"kind":"phase","phase":"setters","frame":109,"submitted":108,"completed":108,"bodies":0,"joints":0,"physics_ns":0,"draw_ns":0,"render_ns":0,"ui_ns":0,"commit_ns":0,"profile_ns":0,"health_ns":0,"query_wait_ms":0,"query_map_ms":0,"query_encode_ms":0,"query_copied_bytes":0}
phase-progress {"kind":"phase","phase":"physics","frame":109,"submitted":108,"completed":108,"bodies":0,"joints":0,"physics_ns":0,"draw_ns":0,"render_ns":0,"ui_ns":0,"commit_ns":0,"profile_ns":0,"health_ns":0,"query_wait_ms":0,"query_map_ms":0,"query_encode_ms":0,"query_copied_bytes":0}
phase-progress {"kind":"health_begin","phase":"health","frame":109,"submitted":108,"completed":108,"bodies":1780,"joints":1680,"physics_ns":0,"draw_ns":0,"render_ns":0,"ui_ns":0,"commit_ns":0,"profile_ns":0,"health_ns":0,"query_wait_ms":0,"query_map_ms":0,"query_encode_ms":0,"query_copied_bytes":0}
phase-progress {"kind":"health_end","phase":"health","frame":109,"submitted":108,"completed":108,"bodies":1780,"joints":1680,"physics_ns":0,"draw_ns":0,"render_ns":0,"ui_ns":0,"commit_ns":0,"profile_ns":0,"health_ns":1907115633,"query_wait_ms":0,"query_map_ms":0,"query_encode_ms":0,"query_copied_bytes":0}
phase-progress {"kind":"phase","phase":"profile","frame":109,"submitted":108,"completed":108,"bodies":1780,"joints":1680,"physics_ns":1909473122,"draw_ns":0,"render_ns":0,"ui_ns":0,"commit_ns":0,"profile_ns":0,"health_ns":1907115633,"query_wait_ms":0,"query_map_ms":0,"query_encode_ms":0,"query_copied_bytes":0}
phase-progress {"kind":"phase","phase":"pick","frame":109,"submitted":108,"completed":108,"bodies":1780,"joints":1680,"physics_ns":1909473122,"draw_ns":0,"render_ns":0,"ui_ns":0,"commit_ns":0,"profile_ns":8622,"health_ns":1907115633,"query_wait_ms":0,"query_map_ms":0,"query_encode_ms":0,"query_copied_bytes":0}
phase-progress {"kind":"phase","phase":"draw","frame":109,"submitted":108,"completed":108,"bodies":1780,"joints":1680,"physics_ns":1909473122,"draw_ns":0,"render_ns":0,"ui_ns":0,"commit_ns":0,"profile_ns":8622,"health_ns":1907115633,"query_wait_ms":7.00000019e-05,"query_map_ms":0.00305299996,"query_encode_ms":0.0844229981,"query_copied_bytes":64}
phase-progress {"kind":"phase","phase":"render","frame":109,"submitted":109,"completed":109,"bodies":1780,"joints":1680,"physics_ns":1909473122,"draw_ns":282238,"render_ns":0,"ui_ns":0,"commit_ns":0,"profile_ns":8622,"health_ns":1907115633,"query_wait_ms":7.00000019e-05,"query_map_ms":0.00305299996,"query_encode_ms":0.0844229981,"query_copied_bytes":64}
phase-progress {"kind":"phase","phase":"ui","frame":109,"submitted":109,"completed":109,"bodies":1780,"joints":1680,"physics_ns":1909473122,"draw_ns":282238,"render_ns":276689692,"ui_ns":0,"commit_ns":0,"profile_ns":8622,"health_ns":1907115633,"query_wait_ms":7.00000019e-05,"query_map_ms":0.00305299996,"query_encode_ms":0.0844229981,"query_copied_bytes":64}
phase-progress {"kind":"phase","phase":"commit","frame":109,"submitted":109,"completed":109,"bodies":1780,"joints":1680,"physics_ns":1909473122,"draw_ns":282238,"render_ns":276689692,"ui_ns":88202,"commit_ns":0,"profile_ns":8622,"health_ns":1907115633,"query_wait_ms":7.00000019e-05,"query_map_ms":0.00305299996,"query_encode_ms":0.0844229981,"query_copied_bytes":64}
phase-progress {"kind":"phase","phase":"limiter","frame":109,"submitted":109,"completed":109,"bodies":1780,"joints":1680,"physics_ns":1909473122,"draw_ns":282238,"render_ns":276689692,"ui_ns":88202,"commit_ns":16027,"profile_ns":8622,"health_ns":1907115633,"query_wait_ms":7.00000019e-05,"query_map_ms":0.00305299996,"query_encode_ms":0.0844229981,"query_copied_bytes":64}
phase-progress {"kind":"phase","phase":"end","frame":109,"submitted":109,"completed":109,"bodies":1780,"joints":1680,"physics_ns":1909473122,"draw_ns":282238,"render_ns":276689692,"ui_ns":88202,"commit_ns":16027,"profile_ns":8622,"health_ns":1907115633,"query_wait_ms":7.00000019e-05,"query_map_ms":0.00305299996,"query_encode_ms":0.0844229981,"query_copied_bytes":64}
phase-progress {"kind":"frame","phase":"end","frame":109,"submitted":109,"completed":109,"bodies":1780,"joints":1680,"physics_ns":1909473122,"draw_ns":282238,"render_ns":276689692,"ui_ns":88202,"commit_ns":16027,"profile_ns":8622,"health_ns":1907115633,"query_wait_ms":7.00000019e-05,"query_map_ms":0.00305299996,"query_encode_ms":0.0844229981,"query_copied_bytes":64}
phase-progress {"kind":"phase","phase":"setters","frame":110,"submitted":109,"completed":109,"bodies":0,"joints":0,"physics_ns":0,"draw_ns":0,"render_ns":0,"ui_ns":0,"commit_ns":0,"profile_ns":0,"health_ns":0,"query_wait_ms":0,"query_map_ms":0,"query_encode_ms":0,"query_copied_bytes":0}
phase-progress {"kind":"phase","phase":"physics","frame":110,"submitted":109,"completed":109,"bodies":0,"joints":0,"physics_ns":0,"draw_ns":0,"render_ns":0,"ui_ns":0,"commit_ns":0,"profile_ns":0,"health_ns":0,"query_wait_ms":0,"query_map_ms":0,"query_encode_ms":0,"query_copied_bytes":0}
phase-progress {"kind":"health_begin","phase":"health","frame":110,"submitted":109,"completed":109,"bodies":1780,"joints":1680,"physics_ns":0,"draw_ns":0,"render_ns":0,"ui_ns":0,"commit_ns":0,"profile_ns":0,"health_ns":0,"query_wait_ms":0,"query_map_ms":0,"query_encode_ms":0,"query_copied_bytes":0}
phase-progress {"kind":"health_end","phase":"health","frame":110,"submitted":109,"completed":109,"bodies":1780,"joints":1680,"physics_ns":0,"draw_ns":0,"render_ns":0,"ui_ns":0,"commit_ns":0,"profile_ns":0,"health_ns":1998203560,"query_wait_ms":0,"query_map_ms":0,"query_encode_ms":0,"query_copied_bytes":0}
phase-progress {"kind":"phase","phase":"profile","frame":110,"submitted":109,"completed":109,"bodies":1780,"joints":1680,"physics_ns":2001546853,"draw_ns":0,"render_ns":0,"ui_ns":0,"commit_ns":0,"profile_ns":0,"health_ns":1998203560,"query_wait_ms":0,"query_map_ms":0,"query_encode_ms":0,"query_copied_bytes":0}
phase-progress {"kind":"phase","phase":"pick","frame":110,"submitted":109,"completed":109,"bodies":1780,"joints":1680,"physics_ns":2001546853,"draw_ns":0,"render_ns":0,"ui_ns":0,"commit_ns":0,"profile_ns":13717,"health_ns":1998203560,"query_wait_ms":0,"query_map_ms":0,"query_encode_ms":0,"query_copied_bytes":0}
phase-progress {"kind":"phase","phase":"draw","frame":110,"submitted":109,"completed":109,"bodies":1780,"joints":1680,"physics_ns":2001546853,"draw_ns":0,"render_ns":0,"ui_ns":0,"commit_ns":0,"profile_ns":13717,"health_ns":1998203560,"query_wait_ms":7.30000029e-05,"query_map_ms":0.00394200021,"query_encode_ms":0.0988710001,"query_copied_bytes":64}
phase-progress {"kind":"phase","phase":"render","frame":110,"submitted":110,"completed":110,"bodies":1780,"joints":1680,"physics_ns":2001546853,"draw_ns":313633,"render_ns":0,"ui_ns":0,"commit_ns":0,"profile_ns":13717,"health_ns":1998203560,"query_wait_ms":7.30000029e-05,"query_map_ms":0.00394200021,"query_encode_ms":0.0988710001,"query_copied_bytes":64}
phase-progress {"kind":"phase","phase":"ui","frame":110,"submitted":110,"completed":110,"bodies":1780,"joints":1680,"physics_ns":2001546853,"draw_ns":313633,"render_ns":262964968,"ui_ns":0,"commit_ns":0,"profile_ns":13717,"health_ns":1998203560,"query_wait_ms":7.30000029e-05,"query_map_ms":0.00394200021,"query_encode_ms":0.0988710001,"query_copied_bytes":64}
phase-progress {"kind":"phase","phase":"commit","frame":110,"submitted":110,"completed":110,"bodies":1780,"joints":1680,"physics_ns":2001546853,"draw_ns":313633,"render_ns":262964968,"ui_ns":89654,"commit_ns":0,"profile_ns":13717,"health_ns":1998203560,"query_wait_ms":7.30000029e-05,"query_map_ms":0.00394200021,"query_encode_ms":0.0988710001,"query_copied_bytes":64}
phase-progress {"kind":"phase","phase":"limiter","frame":110,"submitted":110,"completed":110,"bodies":1780,"joints":1680,"physics_ns":2001546853,"draw_ns":313633,"render_ns":262964968,"ui_ns":89654,"commit_ns":16408,"profile_ns":13717,"health_ns":1998203560,"query_wait_ms":7.30000029e-05,"query_map_ms":0.00394200021,"query_encode_ms":0.0988710001,"query_copied_bytes":64}
phase-progress {"kind":"phase","phase":"end","frame":110,"submitted":110,"completed":110,"bodies":1780,"joints":1680,"physics_ns":2001546853,"draw_ns":313633,"render_ns":262964968,"ui_ns":89654,"commit_ns":16408,"profile_ns":13717,"health_ns":1998203560,"query_wait_ms":7.30000029e-05,"query_map_ms":0.00394200021,"query_encode_ms":0.0988710001,"query_copied_bytes":64}
phase-progress {"kind":"frame","phase":"end","frame":110,"submitted":110,"completed":110,"bodies":1780,"joints":1680,"physics_ns":2001546853,"draw_ns":313633,"render_ns":262964968,"ui_ns":89654,"commit_ns":16408,"profile_ns":13717,"health_ns":1998203560,"query_wait_ms":7.30000029e-05,"query_map_ms":0.00394200021,"query_encode_ms":0.0988710001,"query_copied_bytes":64}
phase-progress {"kind":"phase","phase":"setters","frame":111,"submitted":110,"completed":110,"bodies":0,"joints":0,"physics_ns":0,"draw_ns":0,"render_ns":0,"ui_ns":0,"commit_ns":0,"profile_ns":0,"health_ns":0,"query_wait_ms":0,"query_map_ms":0,"query_encode_ms":0,"query_copied_bytes":0}
phase-progress {"kind":"phase","phase":"physics","frame":111,"submitted":110,"completed":110,"bodies":0,"joints":0,"physics_ns":0,"draw_ns":0,"render_ns":0,"ui_ns":0,"commit_ns":0,"profile_ns":0,"health_ns":0,"query_wait_ms":0,"query_map_ms":0,"query_encode_ms":0,"query_copied_bytes":0}
phase-progress {"kind":"health_begin","phase":"health","frame":111,"submitted":110,"completed":110,"bodies":1780,"joints":1680,"physics_ns":0,"draw_ns":0,"render_ns":0,"ui_ns":0,"commit_ns":0,"profile_ns":0,"health_ns":0,"query_wait_ms":0,"query_map_ms":0,"query_encode_ms":0,"query_copied_bytes":0}
phase-progress {"kind":"health_end","phase":"health","frame":111,"submitted":110,"completed":110,"bodies":1780,"joints":1680,"physics_ns":0,"draw_ns":0,"render_ns":0,"ui_ns":0,"commit_ns":0,"profile_ns":0,"health_ns":2063024796,"query_wait_ms":0,"query_map_ms":0,"query_encode_ms":0,"query_copied_bytes":0}
phase-progress {"kind":"phase","phase":"profile","frame":111,"submitted":110,"completed":110,"bodies":1780,"joints":1680,"physics_ns":2065376469,"draw_ns":0,"render_ns":0,"ui_ns":0,"commit_ns":0,"profile_ns":0,"health_ns":2063024796,"query_wait_ms":0,"query_map_ms":0,"query_encode_ms":0,"query_copied_bytes":0}
phase-progress {"kind":"phase","phase":"pick","frame":111,"submitted":110,"completed":110,"bodies":1780,"joints":1680,"physics_ns":2065376469,"draw_ns":0,"render_ns":0,"ui_ns":0,"commit_ns":0,"profile_ns":8652,"health_ns":2063024796,"query_wait_ms":0,"query_map_ms":0,"query_encode_ms":0,"query_copied_bytes":0}
phase-progress {"kind":"phase","phase":"draw","frame":111,"submitted":110,"completed":110,"bodies":1780,"joints":1680,"physics_ns":2065376469,"draw_ns":0,"render_ns":0,"ui_ns":0,"commit_ns":0,"profile_ns":8652,"health_ns":2063024796,"query_wait_ms":5.19999994e-05,"query_map_ms":0.00332699995,"query_encode_ms":0.0841360018,"query_copied_bytes":64}
phase-progress {"kind":"phase","phase":"render","frame":111,"submitted":111,"completed":111,"bodies":1780,"joints":1680,"physics_ns":2065376469,"draw_ns":296015,"render_ns":0,"ui_ns":0,"commit_ns":0,"profile_ns":8652,"health_ns":2063024796,"query_wait_ms":5.19999994e-05,"query_map_ms":0.00332699995,"query_encode_ms":0.0841360018,"query_copied_bytes":64}
phase-progress {"kind":"phase","phase":"ui","frame":111,"submitted":111,"completed":111,"bodies":1780,"joints":1680,"physics_ns":2065376469,"draw_ns":296015,"render_ns":253402063,"ui_ns":0,"commit_ns":0,"profile_ns":8652,"health_ns":2063024796,"query_wait_ms":5.19999994e-05,"query_map_ms":0.00332699995,"query_encode_ms":0.0841360018,"query_copied_bytes":64}
phase-progress {"kind":"phase","phase":"commit","frame":111,"submitted":111,"completed":111,"bodies":1780,"joints":1680,"physics_ns":2065376469,"draw_ns":296015,"render_ns":253402063,"ui_ns":90179,"commit_ns":0,"profile_ns":8652,"health_ns":2063024796,"query_wait_ms":5.19999994e-05,"query_map_ms":0.00332699995,"query_encode_ms":0.0841360018,"query_copied_bytes":64}
phase-progress {"kind":"phase","phase":"limiter","frame":111,"submitted":111,"completed":111,"bodies":1780,"joints":1680,"physics_ns":2065376469,"draw_ns":296015,"render_ns":253402063,"ui_ns":90179,"commit_ns":16080,"profile_ns":8652,"health_ns":2063024796,"query_wait_ms":5.19999994e-05,"query_map_ms":0.00332699995,"query_encode_ms":0.0841360018,"query_copied_bytes":64}
phase-progress {"kind":"phase","phase":"end","frame":111,"submitted":111,"completed":111,"bodies":1780,"joints":1680,"physics_ns":2065376469,"draw_ns":296015,"render_ns":253402063,"ui_ns":90179,"commit_ns":16080,"profile_ns":8652,"health_ns":2063024796,"query_wait_ms":5.19999994e-05,"query_map_ms":0.00332699995,"query_encode_ms":0.0841360018,"query_copied_bytes":64}
phase-progress {"kind":"frame","phase":"end","frame":111,"submitted":111,"completed":111,"bodies":1780,"joints":1680,"physics_ns":2065376469,"draw_ns":296015,"render_ns":253402063,"ui_ns":90179,"commit_ns":16080,"profile_ns":8652,"health_ns":2063024796,"query_wait_ms":5.19999994e-05,"query_map_ms":0.00332699995,"query_encode_ms":0.0841360018,"query_copied_bytes":64}
phase-progress {"kind":"phase","phase":"setters","frame":112,"submitted":111,"completed":111,"bodies":0,"joints":0,"physics_ns":0,"draw_ns":0,"render_ns":0,"ui_ns":0,"commit_ns":0,"profile_ns":0,"health_ns":0,"query_wait_ms":0,"query_map_ms":0,"query_encode_ms":0,"query_copied_bytes":0}
phase-progress {"kind":"phase","phase":"physics","frame":112,"submitted":111,"completed":111,"bodies":0,"joints":0,"physics_ns":0,"draw_ns":0,"render_ns":0,"ui_ns":0,"commit_ns":0,"profile_ns":0,"health_ns":0,"query_wait_ms":0,"query_map_ms":0,"query_encode_ms":0,"query_copied_bytes":0}
phase-progress {"kind":"health_begin","phase":"health","frame":112,"submitted":111,"completed":111,"bodies":1780,"joints":1680,"physics_ns":0,"draw_ns":0,"render_ns":0,"ui_ns":0,"commit_ns":0,"profile_ns":0,"health_ns":0,"query_wait_ms":0,"query_map_ms":0,"query_encode_ms":0,"query_copied_bytes":0}
phase-progress {"kind":"health_end","phase":"health","frame":112,"submitted":111,"completed":111,"bodies":1780,"joints":1680,"physics_ns":0,"draw_ns":0,"render_ns":0,"ui_ns":0,"commit_ns":0,"profile_ns":0,"health_ns":1879483429,"query_wait_ms":0,"query_map_ms":0,"query_encode_ms":0,"query_copied_bytes":0}
phase-progress {"kind":"phase","phase":"profile","frame":112,"submitted":111,"completed":111,"bodies":1780,"joints":1680,"physics_ns":1881838440,"draw_ns":0,"render_ns":0,"ui_ns":0,"commit_ns":0,"profile_ns":0,"health_ns":1879483429,"query_wait_ms":0,"query_map_ms":0,"query_encode_ms":0,"query_copied_bytes":0}
phase-progress {"kind":"phase","phase":"pick","frame":112,"submitted":111,"completed":111,"bodies":1780,"joints":1680,"physics_ns":1881838440,"draw_ns":0,"render_ns":0,"ui_ns":0,"commit_ns":0,"profile_ns":8388,"health_ns":1879483429,"query_wait_ms":0,"query_map_ms":0,"query_encode_ms":0,"query_copied_bytes":0}
phase-progress {"kind":"phase","phase":"draw","frame":112,"submitted":111,"completed":111,"bodies":1780,"joints":1680,"physics_ns":1881838440,"draw_ns":0,"render_ns":0,"ui_ns":0,"commit_ns":0,"profile_ns":8388,"health_ns":1879483429,"query_wait_ms":6.90000015e-05,"query_map_ms":0.00321700005,"query_encode_ms":0.0857490003,"query_copied_bytes":64}
phase-progress {"kind":"phase","phase":"render","frame":112,"submitted":112,"completed":112,"bodies":1780,"joints":1680,"physics_ns":1881838440,"draw_ns":291796,"render_ns":0,"ui_ns":0,"commit_ns":0,"profile_ns":8388,"health_ns":1879483429,"query_wait_ms":6.90000015e-05,"query_map_ms":0.00321700005,"query_encode_ms":0.0857490003,"query_copied_bytes":64}
phase-progress {"kind":"phase","phase":"ui","frame":112,"submitted":112,"completed":112,"bodies":1780,"joints":1680,"physics_ns":1881838440,"draw_ns":291796,"render_ns":266330414,"ui_ns":0,"commit_ns":0,"profile_ns":8388,"health_ns":1879483429,"query_wait_ms":6.90000015e-05,"query_map_ms":0.00321700005,"query_encode_ms":0.0857490003,"query_copied_bytes":64}
phase-progress {"kind":"phase","phase":"commit","frame":112,"submitted":112,"completed":112,"bodies":1780,"joints":1680,"physics_ns":1881838440,"draw_ns":291796,"render_ns":266330414,"ui_ns":92325,"commit_ns":0,"profile_ns":8388,"health_ns":1879483429,"query_wait_ms":6.90000015e-05,"query_map_ms":0.00321700005,"query_encode_ms":0.0857490003,"query_copied_bytes":64}
phase-progress {"kind":"phase","phase":"limiter","frame":112,"submitted":112,"completed":112,"bodies":1780,"joints":1680,"physics_ns":1881838440,"draw_ns":291796,"render_ns":266330414,"ui_ns":92325,"commit_ns":15715,"profile_ns":8388,"health_ns":1879483429,"query_wait_ms":6.90000015e-05,"query_map_ms":0.00321700005,"query_encode_ms":0.0857490003,"query_copied_bytes":64}
phase-progress {"kind":"phase","phase":"end","frame":112,"submitted":112,"completed":112,"bodies":1780,"joints":1680,"physics_ns":1881838440,"draw_ns":291796,"render_ns":266330414,"ui_ns":92325,"commit_ns":15715,"profile_ns":8388,"health_ns":1879483429,"query_wait_ms":6.90000015e-05,"query_map_ms":0.00321700005,"query_encode_ms":0.0857490003,"query_copied_bytes":64}
phase-progress {"kind":"frame","phase":"end","frame":112,"submitted":112,"completed":112,"bodies":1780,"joints":1680,"physics_ns":1881838440,"draw_ns":291796,"render_ns":266330414,"ui_ns":92325,"commit_ns":15715,"profile_ns":8388,"health_ns":1879483429,"query_wait_ms":6.90000015e-05,"query_map_ms":0.00321700005,"query_encode_ms":0.0857490003,"query_copied_bytes":64}
phase-progress {"kind":"phase","phase":"setters","frame":113,"submitted":112,"completed":112,"bodies":0,"joints":0,"physics_ns":0,"draw_ns":0,"render_ns":0,"ui_ns":0,"commit_ns":0,"profile_ns":0,"health_ns":0,"query_wait_ms":0,"query_map_ms":0,"query_encode_ms":0,"query_copied_bytes":0}
phase-progress {"kind":"phase","phase":"physics","frame":113,"submitted":112,"completed":112,"bodies":0,"joints":0,"physics_ns":0,"draw_ns":0,"render_ns":0,"ui_ns":0,"commit_ns":0,"profile_ns":0,"health_ns":0,"query_wait_ms":0,"query_map_ms":0,"query_encode_ms":0,"query_copied_bytes":0}
phase-progress {"kind":"health_begin","phase":"health","frame":113,"submitted":112,"completed":112,"bodies":1780,"joints":1680,"physics_ns":0,"draw_ns":0,"render_ns":0,"ui_ns":0,"commit_ns":0,"profile_ns":0,"health_ns":0,"query_wait_ms":0,"query_map_ms":0,"query_encode_ms":0,"query_copied_bytes":0}
phase-progress {"kind":"health_end","phase":"health","frame":113,"submitted":112,"completed":112,"bodies":1780,"joints":1680,"physics_ns":0,"draw_ns":0,"render_ns":0,"ui_ns":0,"commit_ns":0,"profile_ns":0,"health_ns":1994443641,"query_wait_ms":0,"query_map_ms":0,"query_encode_ms":0,"query_copied_bytes":0}
phase-progress {"kind":"phase","phase":"profile","frame":113,"submitted":112,"completed":112,"bodies":1780,"joints":1680,"physics_ns":1996804866,"draw_ns":0,"render_ns":0,"ui_ns":0,"commit_ns":0,"profile_ns":0,"health_ns":1994443641,"query_wait_ms":0,"query_map_ms":0,"query_encode_ms":0,"query_copied_bytes":0}
phase-progress {"kind":"phase","phase":"pick","frame":113,"submitted":112,"completed":112,"bodies":1780,"joints":1680,"physics_ns":1996804866,"draw_ns":0,"render_ns":0,"ui_ns":0,"commit_ns":0,"profile_ns":8456,"health_ns":1994443641,"query_wait_ms":0,"query_map_ms":0,"query_encode_ms":0,"query_copied_bytes":0}
phase-progress {"kind":"phase","phase":"draw","frame":113,"submitted":112,"completed":112,"bodies":1780,"joints":1680,"physics_ns":1996804866,"draw_ns":0,"render_ns":0,"ui_ns":0,"commit_ns":0,"profile_ns":8456,"health_ns":1994443641,"query_wait_ms":5.40000001e-05,"query_map_ms":0.00328300009,"query_encode_ms":0.0884289965,"query_copied_bytes":64}
phase-progress {"kind":"phase","phase":"render","frame":113,"submitted":113,"completed":113,"bodies":1780,"joints":1680,"physics_ns":1996804866,"draw_ns":291611,"render_ns":0,"ui_ns":0,"commit_ns":0,"profile_ns":8456,"health_ns":1994443641,"query_wait_ms":5.40000001e-05,"query_map_ms":0.00328300009,"query_encode_ms":0.0884289965,"query_copied_bytes":64}
phase-progress {"kind":"phase","phase":"ui","frame":113,"submitted":113,"completed":113,"bodies":1780,"joints":1680,"physics_ns":1996804866,"draw_ns":291611,"render_ns":259573641,"ui_ns":0,"commit_ns":0,"profile_ns":8456,"health_ns":1994443641,"query_wait_ms":5.40000001e-05,"query_map_ms":0.00328300009,"query_encode_ms":0.0884289965,"query_copied_bytes":64}
phase-progress {"kind":"phase","phase":"commit","frame":113,"submitted":113,"completed":113,"bodies":1780,"joints":1680,"physics_ns":1996804866,"draw_ns":291611,"render_ns":259573641,"ui_ns":86502,"commit_ns":0,"profile_ns":8456,"health_ns":1994443641,"query_wait_ms":5.40000001e-05,"query_map_ms":0.00328300009,"query_encode_ms":0.0884289965,"query_copied_bytes":64}
phase-progress {"kind":"phase","phase":"limiter","frame":113,"submitted":113,"completed":113,"bodies":1780,"joints":1680,"physics_ns":1996804866,"draw_ns":291611,"render_ns":259573641,"ui_ns":86502,"commit_ns":15469,"profile_ns":8456,"health_ns":1994443641,"query_wait_ms":5.40000001e-05,"query_map_ms":0.00328300009,"query_encode_ms":0.0884289965,"query_copied_bytes":64}
phase-progress {"kind":"phase","phase":"end","frame":113,"submitted":113,"completed":113,"bodies":1780,"joints":1680,"physics_ns":1996804866,"draw_ns":291611,"render_ns":259573641,"ui_ns":86502,"commit_ns":15469,"profile_ns":8456,"health_ns":1994443641,"query_wait_ms":5.40000001e-05,"query_map_ms":0.00328300009,"query_encode_ms":0.0884289965,"query_copied_bytes":64}
phase-progress {"kind":"frame","phase":"end","frame":113,"submitted":113,"completed":113,"bodies":1780,"joints":1680,"physics_ns":1996804866,"draw_ns":291611,"render_ns":259573641,"ui_ns":86502,"commit_ns":15469,"profile_ns":8456,"health_ns":1994443641,"query_wait_ms":5.40000001e-05,"query_map_ms":0.00328300009,"query_encode_ms":0.0884289965,"query_copied_bytes":64}
phase-progress {"kind":"phase","phase":"setters","frame":114,"submitted":113,"completed":113,"bodies":0,"joints":0,"physics_ns":0,"draw_ns":0,"render_ns":0,"ui_ns":0,"commit_ns":0,"profile_ns":0,"health_ns":0,"query_wait_ms":0,"query_map_ms":0,"query_encode_ms":0,"query_copied_bytes":0}
phase-progress {"kind":"phase","phase":"physics","frame":114,"submitted":113,"completed":113,"bodies":0,"joints":0,"physics_ns":0,"draw_ns":0,"render_ns":0,"ui_ns":0,"commit_ns":0,"profile_ns":0,"health_ns":0,"query_wait_ms":0,"query_map_ms":0,"query_encode_ms":0,"query_copied_bytes":0}
phase-progress {"kind":"health_begin","phase":"health","frame":114,"submitted":113,"completed":113,"bodies":1780,"joints":1680,"physics_ns":0,"draw_ns":0,"render_ns":0,"ui_ns":0,"commit_ns":0,"profile_ns":0,"health_ns":0,"query_wait_ms":0,"query_map_ms":0,"query_encode_ms":0,"query_copied_bytes":0}
phase-progress {"kind":"health_end","phase":"health","frame":114,"submitted":113,"completed":113,"bodies":1780,"joints":1680,"physics_ns":0,"draw_ns":0,"render_ns":0,"ui_ns":0,"commit_ns":0,"profile_ns":0,"health_ns":2020345270,"query_wait_ms":0,"query_map_ms":0,"query_encode_ms":0,"query_copied_bytes":0}
phase-progress {"kind":"phase","phase":"profile","frame":114,"submitted":113,"completed":113,"bodies":1780,"joints":1680,"physics_ns":2022756824,"draw_ns":0,"render_ns":0,"ui_ns":0,"commit_ns":0,"profile_ns":0,"health_ns":2020345270,"query_wait_ms":0,"query_map_ms":0,"query_encode_ms":0,"query_copied_bytes":0}
phase-progress {"kind":"phase","phase":"pick","frame":114,"submitted":113,"completed":113,"bodies":1780,"joints":1680,"physics_ns":2022756824,"draw_ns":0,"render_ns":0,"ui_ns":0,"commit_ns":0,"profile_ns":8254,"health_ns":2020345270,"query_wait_ms":0,"query_map_ms":0,"query_encode_ms":0,"query_copied_bytes":0}
phase-progress {"kind":"phase","phase":"draw","frame":114,"submitted":113,"completed":113,"bodies":1780,"joints":1680,"physics_ns":2022756824,"draw_ns":0,"render_ns":0,"ui_ns":0,"commit_ns":0,"profile_ns":8254,"health_ns":2020345270,"query_wait_ms":7.50000036e-05,"query_map_ms":0.003302,"query_encode_ms":0.0825109929,"query_copied_bytes":64}
phase-progress {"kind":"phase","phase":"render","frame":114,"submitted":114,"completed":114,"bodies":1780,"joints":1680,"physics_ns":2022756824,"draw_ns":291620,"render_ns":0,"ui_ns":0,"commit_ns":0,"profile_ns":8254,"health_ns":2020345270,"query_wait_ms":7.50000036e-05,"query_map_ms":0.003302,"query_encode_ms":0.0825109929,"query_copied_bytes":64}
phase-progress {"kind":"phase","phase":"ui","frame":114,"submitted":114,"completed":114,"bodies":1780,"joints":1680,"physics_ns":2022756824,"draw_ns":291620,"render_ns":265821994,"ui_ns":0,"commit_ns":0,"profile_ns":8254,"health_ns":2020345270,"query_wait_ms":7.50000036e-05,"query_map_ms":0.003302,"query_encode_ms":0.0825109929,"query_copied_bytes":64}
phase-progress {"kind":"phase","phase":"commit","frame":114,"submitted":114,"completed":114,"bodies":1780,"joints":1680,"physics_ns":2022756824,"draw_ns":291620,"render_ns":265821994,"ui_ns":85900,"commit_ns":0,"profile_ns":8254,"health_ns":2020345270,"query_wait_ms":7.50000036e-05,"query_map_ms":0.003302,"query_encode_ms":0.0825109929,"query_copied_bytes":64}
phase-progress {"kind":"phase","phase":"limiter","frame":114,"submitted":114,"completed":114,"bodies":1780,"joints":1680,"physics_ns":2022756824,"draw_ns":291620,"render_ns":265821994,"ui_ns":85900,"commit_ns":15583,"profile_ns":8254,"health_ns":2020345270,"query_wait_ms":7.50000036e-05,"query_map_ms":0.003302,"query_encode_ms":0.0825109929,"query_copied_bytes":64}
phase-progress {"kind":"phase","phase":"end","frame":114,"submitted":114,"completed":114,"bodies":1780,"joints":1680,"physics_ns":2022756824,"draw_ns":291620,"render_ns":265821994,"ui_ns":85900,"commit_ns":15583,"profile_ns":8254,"health_ns":2020345270,"query_wait_ms":7.50000036e-05,"query_map_ms":0.003302,"query_encode_ms":0.0825109929,"query_copied_bytes":64}
phase-progress {"kind":"frame","phase":"end","frame":114,"submitted":114,"completed":114,"bodies":1780,"joints":1680,"physics_ns":2022756824,"draw_ns":291620,"render_ns":265821994,"ui_ns":85900,"commit_ns":15583,"profile_ns":8254,"health_ns":2020345270,"query_wait_ms":7.50000036e-05,"query_map_ms":0.003302,"query_encode_ms":0.0825109929,"query_copied_bytes":64}
phase-progress {"kind":"phase","phase":"setters","frame":115,"submitted":114,"completed":114,"bodies":0,"joints":0,"physics_ns":0,"draw_ns":0,"render_ns":0,"ui_ns":0,"commit_ns":0,"profile_ns":0,"health_ns":0,"query_wait_ms":0,"query_map_ms":0,"query_encode_ms":0,"query_copied_bytes":0}
phase-progress {"kind":"phase","phase":"physics","frame":115,"submitted":114,"completed":114,"bodies":0,"joints":0,"physics_ns":0,"draw_ns":0,"render_ns":0,"ui_ns":0,"commit_ns":0,"profile_ns":0,"health_ns":0,"query_wait_ms":0,"query_map_ms":0,"query_encode_ms":0,"query_copied_bytes":0}
phase-progress {"kind":"health_begin","phase":"health","frame":115,"submitted":114,"completed":114,"bodies":1780,"joints":1680,"physics_ns":0,"draw_ns":0,"render_ns":0,"ui_ns":0,"commit_ns":0,"profile_ns":0,"health_ns":0,"query_wait_ms":0,"query_map_ms":0,"query_encode_ms":0,"query_copied_bytes":0}
phase-progress {"kind":"health_end","phase":"health","frame":115,"submitted":114,"completed":114,"bodies":1780,"joints":1680,"physics_ns":0,"draw_ns":0,"render_ns":0,"ui_ns":0,"commit_ns":0,"profile_ns":0,"health_ns":1811815430,"query_wait_ms":0,"query_map_ms":0,"query_encode_ms":0,"query_copied_bytes":0}
phase-progress {"kind":"phase","phase":"profile","frame":115,"submitted":114,"completed":114,"bodies":1780,"joints":1680,"physics_ns":1814146532,"draw_ns":0,"render_ns":0,"ui_ns":0,"commit_ns":0,"profile_ns":0,"health_ns":1811815430,"query_wait_ms":0,"query_map_ms":0,"query_encode_ms":0,"query_copied_bytes":0}
phase-progress {"kind":"phase","phase":"pick","frame":115,"submitted":114,"completed":114,"bodies":1780,"joints":1680,"physics_ns":1814146532,"draw_ns":0,"render_ns":0,"ui_ns":0,"commit_ns":0,"profile_ns":8360,"health_ns":1811815430,"query_wait_ms":0,"query_map_ms":0,"query_encode_ms":0,"query_copied_bytes":0}
phase-progress {"kind":"phase","phase":"draw","frame":115,"submitted":114,"completed":114,"bodies":1780,"joints":1680,"physics_ns":1814146532,"draw_ns":0,"render_ns":0,"ui_ns":0,"commit_ns":0,"profile_ns":8360,"health_ns":1811815430,"query_wait_ms":7.19999953e-05,"query_map_ms":0.00327900006,"query_encode_ms":0.0818550065,"query_copied_bytes":64}
phase-progress {"kind":"phase","phase":"render","frame":115,"submitted":115,"completed":115,"bodies":1780,"joints":1680,"physics_ns":1814146532,"draw_ns":288027,"render_ns":0,"ui_ns":0,"commit_ns":0,"profile_ns":8360,"health_ns":1811815430,"query_wait_ms":7.19999953e-05,"query_map_ms":0.00327900006,"query_encode_ms":0.0818550065,"query_copied_bytes":64}
phase-progress {"kind":"phase","phase":"ui","frame":115,"submitted":115,"completed":115,"bodies":1780,"joints":1680,"physics_ns":1814146532,"draw_ns":288027,"render_ns":261355443,"ui_ns":0,"commit_ns":0,"profile_ns":8360,"health_ns":1811815430,"query_wait_ms":7.19999953e-05,"query_map_ms":0.00327900006,"query_encode_ms":0.0818550065,"query_copied_bytes":64}
phase-progress {"kind":"phase","phase":"commit","frame":115,"submitted":115,"completed":115,"bodies":1780,"joints":1680,"physics_ns":1814146532,"draw_ns":288027,"render_ns":261355443,"ui_ns":89385,"commit_ns":0,"profile_ns":8360,"health_ns":1811815430,"query_wait_ms":7.19999953e-05,"query_map_ms":0.00327900006,"query_encode_ms":0.0818550065,"query_copied_bytes":64}
phase-progress {"kind":"phase","phase":"limiter","frame":115,"submitted":115,"completed":115,"bodies":1780,"joints":1680,"physics_ns":1814146532,"draw_ns":288027,"render_ns":261355443,"ui_ns":89385,"commit_ns":15952,"profile_ns":8360,"health_ns":1811815430,"query_wait_ms":7.19999953e-05,"query_map_ms":0.00327900006,"query_encode_ms":0.0818550065,"query_copied_bytes":64}
phase-progress {"kind":"phase","phase":"end","frame":115,"submitted":115,"completed":115,"bodies":1780,"joints":1680,"physics_ns":1814146532,"draw_ns":288027,"render_ns":261355443,"ui_ns":89385,"commit_ns":15952,"profile_ns":8360,"health_ns":1811815430,"query_wait_ms":7.19999953e-05,"query_map_ms":0.00327900006,"query_encode_ms":0.0818550065,"query_copied_bytes":64}
phase-progress {"kind":"frame","phase":"end","frame":115,"submitted":115,"completed":115,"bodies":1780,"joints":1680,"physics_ns":1814146532,"draw_ns":288027,"render_ns":261355443,"ui_ns":89385,"commit_ns":15952,"profile_ns":8360,"health_ns":1811815430,"query_wait_ms":7.19999953e-05,"query_map_ms":0.00327900006,"query_encode_ms":0.0818550065,"query_copied_bytes":64}
phase-progress {"kind":"phase","phase":"setters","frame":116,"submitted":115,"completed":115,"bodies":0,"joints":0,"physics_ns":0,"draw_ns":0,"render_ns":0,"ui_ns":0,"commit_ns":0,"profile_ns":0,"health_ns":0,"query_wait_ms":0,"query_map_ms":0,"query_encode_ms":0,"query_copied_bytes":0}
phase-progress {"kind":"phase","phase":"physics","frame":116,"submitted":115,"completed":115,"bodies":0,"joints":0,"physics_ns":0,"draw_ns":0,"render_ns":0,"ui_ns":0,"commit_ns":0,"profile_ns":0,"health_ns":0,"query_wait_ms":0,"query_map_ms":0,"query_encode_ms":0,"query_copied_bytes":0}
phase-progress {"kind":"health_begin","phase":"health","frame":116,"submitted":115,"completed":115,"bodies":1780,"joints":1680,"physics_ns":0,"draw_ns":0,"render_ns":0,"ui_ns":0,"commit_ns":0,"profile_ns":0,"health_ns":0,"query_wait_ms":0,"query_map_ms":0,"query_encode_ms":0,"query_copied_bytes":0}
phase-progress {"kind":"health_end","phase":"health","frame":116,"submitted":115,"completed":115,"bodies":1780,"joints":1680,"physics_ns":0,"draw_ns":0,"render_ns":0,"ui_ns":0,"commit_ns":0,"profile_ns":0,"health_ns":1909074764,"query_wait_ms":0,"query_map_ms":0,"query_encode_ms":0,"query_copied_bytes":0}
phase-progress {"kind":"phase","phase":"profile","frame":116,"submitted":115,"completed":115,"bodies":1780,"joints":1680,"physics_ns":1911480863,"draw_ns":0,"render_ns":0,"ui_ns":0,"commit_ns":0,"profile_ns":0,"health_ns":1909074764,"query_wait_ms":0,"query_map_ms":0,"query_encode_ms":0,"query_copied_bytes":0}
phase-progress {"kind":"phase","phase":"pick","frame":116,"submitted":115,"completed":115,"bodies":1780,"joints":1680,"physics_ns":1911480863,"draw_ns":0,"render_ns":0,"ui_ns":0,"commit_ns":0,"profile_ns":8215,"health_ns":1909074764,"query_wait_ms":0,"query_map_ms":0,"query_encode_ms":0,"query_copied_bytes":0}
phase-progress {"kind":"phase","phase":"draw","frame":116,"submitted":115,"completed":115,"bodies":1780,"joints":1680,"physics_ns":1911480863,"draw_ns":0,"render_ns":0,"ui_ns":0,"commit_ns":0,"profile_ns":8215,"health_ns":1909074764,"query_wait_ms":7.00000019e-05,"query_map_ms":0.00344000012,"query_encode_ms":0.081239,"query_copied_bytes":64}
phase-progress {"kind":"phase","phase":"render","frame":116,"submitted":116,"completed":116,"bodies":1780,"joints":1680,"physics_ns":1911480863,"draw_ns":293679,"render_ns":0,"ui_ns":0,"commit_ns":0,"profile_ns":8215,"health_ns":1909074764,"query_wait_ms":7.00000019e-05,"query_map_ms":0.00344000012,"query_encode_ms":0.081239,"query_copied_bytes":64}
phase-progress {"kind":"phase","phase":"ui","frame":116,"submitted":116,"completed":116,"bodies":1780,"joints":1680,"physics_ns":1911480863,"draw_ns":293679,"render_ns":248705344,"ui_ns":0,"commit_ns":0,"profile_ns":8215,"health_ns":1909074764,"query_wait_ms":7.00000019e-05,"query_map_ms":0.00344000012,"query_encode_ms":0.081239,"query_copied_bytes":64}
phase-progress {"kind":"phase","phase":"commit","frame":116,"submitted":116,"completed":116,"bodies":1780,"joints":1680,"physics_ns":1911480863,"draw_ns":293679,"render_ns":248705344,"ui_ns":97240,"commit_ns":0,"profile_ns":8215,"health_ns":1909074764,"query_wait_ms":7.00000019e-05,"query_map_ms":0.00344000012,"query_encode_ms":0.081239,"query_copied_bytes":64}
phase-progress {"kind":"phase","phase":"limiter","frame":116,"submitted":116,"completed":116,"bodies":1780,"joints":1680,"physics_ns":1911480863,"draw_ns":293679,"render_ns":248705344,"ui_ns":97240,"commit_ns":20734,"profile_ns":8215,"health_ns":1909074764,"query_wait_ms":7.00000019e-05,"query_map_ms":0.00344000012,"query_encode_ms":0.081239,"query_copied_bytes":64}
phase-progress {"kind":"phase","phase":"end","frame":116,"submitted":116,"completed":116,"bodies":1780,"joints":1680,"physics_ns":1911480863,"draw_ns":293679,"render_ns":248705344,"ui_ns":97240,"commit_ns":20734,"profile_ns":8215,"health_ns":1909074764,"query_wait_ms":7.00000019e-05,"query_map_ms":0.00344000012,"query_encode_ms":0.081239,"query_copied_bytes":64}
phase-progress {"kind":"frame","phase":"end","frame":116,"submitted":116,"completed":116,"bodies":1780,"joints":1680,"physics_ns":1911480863,"draw_ns":293679,"render_ns":248705344,"ui_ns":97240,"commit_ns":20734,"profile_ns":8215,"health_ns":1909074764,"query_wait_ms":7.00000019e-05,"query_map_ms":0.00344000012,"query_encode_ms":0.081239,"query_copied_bytes":64}
phase-progress {"kind":"phase","phase":"setters","frame":117,"submitted":116,"completed":116,"bodies":0,"joints":0,"physics_ns":0,"draw_ns":0,"render_ns":0,"ui_ns":0,"commit_ns":0,"profile_ns":0,"health_ns":0,"query_wait_ms":0,"query_map_ms":0,"query_encode_ms":0,"query_copied_bytes":0}
phase-progress {"kind":"phase","phase":"physics","frame":117,"submitted":116,"completed":116,"bodies":0,"joints":0,"physics_ns":0,"draw_ns":0,"render_ns":0,"ui_ns":0,"commit_ns":0,"profile_ns":0,"health_ns":0,"query_wait_ms":0,"query_map_ms":0,"query_encode_ms":0,"query_copied_bytes":0}
phase-progress {"kind":"health_begin","phase":"health","frame":117,"submitted":116,"completed":116,"bodies":1780,"joints":1680,"physics_ns":0,"draw_ns":0,"render_ns":0,"ui_ns":0,"commit_ns":0,"profile_ns":0,"health_ns":0,"query_wait_ms":0,"query_map_ms":0,"query_encode_ms":0,"query_copied_bytes":0}
phase-progress {"kind":"health_end","phase":"health","frame":117,"submitted":116,"completed":116,"bodies":1780,"joints":1680,"physics_ns":0,"draw_ns":0,"render_ns":0,"ui_ns":0,"commit_ns":0,"profile_ns":0,"health_ns":1944225247,"query_wait_ms":0,"query_map_ms":0,"query_encode_ms":0,"query_copied_bytes":0}
phase-progress {"kind":"phase","phase":"profile","frame":117,"submitted":116,"completed":116,"bodies":1780,"joints":1680,"physics_ns":1946579391,"draw_ns":0,"render_ns":0,"ui_ns":0,"commit_ns":0,"profile_ns":0,"health_ns":1944225247,"query_wait_ms":0,"query_map_ms":0,"query_encode_ms":0,"query_copied_bytes":0}
phase-progress {"kind":"phase","phase":"pick","frame":117,"submitted":116,"completed":116,"bodies":1780,"joints":1680,"physics_ns":1946579391,"draw_ns":0,"render_ns":0,"ui_ns":0,"commit_ns":0,"profile_ns":8015,"health_ns":1944225247,"query_wait_ms":0,"query_map_ms":0,"query_encode_ms":0,"query_copied_bytes":0}
phase-progress {"kind":"phase","phase":"draw","frame":117,"submitted":116,"completed":116,"bodies":1780,"joints":1680,"physics_ns":1946579391,"draw_ns":0,"render_ns":0,"ui_ns":0,"commit_ns":0,"profile_ns":8015,"health_ns":1944225247,"query_wait_ms":7.00000019e-05,"query_map_ms":0.00347500015,"query_encode_ms":0.0820420012,"query_copied_bytes":64}
phase-progress {"kind":"phase","phase":"render","frame":117,"submitted":117,"completed":117,"bodies":1780,"joints":1680,"physics_ns":1946579391,"draw_ns":295085,"render_ns":0,"ui_ns":0,"commit_ns":0,"profile_ns":8015,"health_ns":1944225247,"query_wait_ms":7.00000019e-05,"query_map_ms":0.00347500015,"query_encode_ms":0.0820420012,"query_copied_bytes":64}
phase-progress {"kind":"phase","phase":"ui","frame":117,"submitted":117,"completed":117,"bodies":1780,"joints":1680,"physics_ns":1946579391,"draw_ns":295085,"render_ns":264841106,"ui_ns":0,"commit_ns":0,"profile_ns":8015,"health_ns":1944225247,"query_wait_ms":7.00000019e-05,"query_map_ms":0.00347500015,"query_encode_ms":0.0820420012,"query_copied_bytes":64}
phase-progress {"kind":"phase","phase":"commit","frame":117,"submitted":117,"completed":117,"bodies":1780,"joints":1680,"physics_ns":1946579391,"draw_ns":295085,"render_ns":264841106,"ui_ns":94572,"commit_ns":0,"profile_ns":8015,"health_ns":1944225247,"query_wait_ms":7.00000019e-05,"query_map_ms":0.00347500015,"query_encode_ms":0.0820420012,"query_copied_bytes":64}
phase-progress {"kind":"phase","phase":"limiter","frame":117,"submitted":117,"completed":117,"bodies":1780,"joints":1680,"physics_ns":1946579391,"draw_ns":295085,"render_ns":264841106,"ui_ns":94572,"commit_ns":40609,"profile_ns":8015,"health_ns":1944225247,"query_wait_ms":7.00000019e-05,"query_map_ms":0.00347500015,"query_encode_ms":0.0820420012,"query_copied_bytes":64}
phase-progress {"kind":"phase","phase":"end","frame":117,"submitted":117,"completed":117,"bodies":1780,"joints":1680,"physics_ns":1946579391,"draw_ns":295085,"render_ns":264841106,"ui_ns":94572,"commit_ns":40609,"profile_ns":8015,"health_ns":1944225247,"query_wait_ms":7.00000019e-05,"query_map_ms":0.00347500015,"query_encode_ms":0.0820420012,"query_copied_bytes":64}
phase-progress {"kind":"frame","phase":"end","frame":117,"submitted":117,"completed":117,"bodies":1780,"joints":1680,"physics_ns":1946579391,"draw_ns":295085,"render_ns":264841106,"ui_ns":94572,"commit_ns":40609,"profile_ns":8015,"health_ns":1944225247,"query_wait_ms":7.00000019e-05,"query_map_ms":0.00347500015,"query_encode_ms":0.0820420012,"query_copied_bytes":64}
phase-progress {"kind":"phase","phase":"setters","frame":118,"submitted":117,"completed":117,"bodies":0,"joints":0,"physics_ns":0,"draw_ns":0,"render_ns":0,"ui_ns":0,"commit_ns":0,"profile_ns":0,"health_ns":0,"query_wait_ms":0,"query_map_ms":0,"query_encode_ms":0,"query_copied_bytes":0}
phase-progress {"kind":"phase","phase":"physics","frame":118,"submitted":117,"completed":117,"bodies":0,"joints":0,"physics_ns":0,"draw_ns":0,"render_ns":0,"ui_ns":0,"commit_ns":0,"profile_ns":0,"health_ns":0,"query_wait_ms":0,"query_map_ms":0,"query_encode_ms":0,"query_copied_bytes":0}
phase-progress {"kind":"health_begin","phase":"health","frame":118,"submitted":117,"completed":117,"bodies":1780,"joints":1680,"physics_ns":0,"draw_ns":0,"render_ns":0,"ui_ns":0,"commit_ns":0,"profile_ns":0,"health_ns":0,"query_wait_ms":0,"query_map_ms":0,"query_encode_ms":0,"query_copied_bytes":0}
phase-progress {"kind":"health_end","phase":"health","frame":118,"submitted":117,"completed":117,"bodies":1780,"joints":1680,"physics_ns":0,"draw_ns":0,"render_ns":0,"ui_ns":0,"commit_ns":0,"profile_ns":0,"health_ns":2191411411,"query_wait_ms":0,"query_map_ms":0,"query_encode_ms":0,"query_copied_bytes":0}
phase-progress {"kind":"phase","phase":"profile","frame":118,"submitted":117,"completed":117,"bodies":1780,"joints":1680,"physics_ns":2193781546,"draw_ns":0,"render_ns":0,"ui_ns":0,"commit_ns":0,"profile_ns":0,"health_ns":2191411411,"query_wait_ms":0,"query_map_ms":0,"query_encode_ms":0,"query_copied_bytes":0}
phase-progress {"kind":"phase","phase":"pick","frame":118,"submitted":117,"completed":117,"bodies":1780,"joints":1680,"physics_ns":2193781546,"draw_ns":0,"render_ns":0,"ui_ns":0,"commit_ns":0,"profile_ns":8290,"health_ns":2191411411,"query_wait_ms":0,"query_map_ms":0,"query_encode_ms":0,"query_copied_bytes":0}
phase-progress {"kind":"phase","phase":"draw","frame":118,"submitted":117,"completed":117,"bodies":1780,"joints":1680,"physics_ns":2193781546,"draw_ns":0,"render_ns":0,"ui_ns":0,"commit_ns":0,"profile_ns":8290,"health_ns":2191411411,"query_wait_ms":7.00000019e-05,"query_map_ms":0.00320000015,"query_encode_ms":0.0824550018,"query_copied_bytes":64}
phase-progress {"kind":"phase","phase":"render","frame":118,"submitted":118,"completed":118,"bodies":1780,"joints":1680,"physics_ns":2193781546,"draw_ns":292356,"render_ns":0,"ui_ns":0,"commit_ns":0,"profile_ns":8290,"health_ns":2191411411,"query_wait_ms":7.00000019e-05,"query_map_ms":0.00320000015,"query_encode_ms":0.0824550018,"query_copied_bytes":64}
phase-progress {"kind":"phase","phase":"ui","frame":118,"submitted":118,"completed":118,"bodies":1780,"joints":1680,"physics_ns":2193781546,"draw_ns":292356,"render_ns":279674765,"ui_ns":0,"commit_ns":0,"profile_ns":8290,"health_ns":2191411411,"query_wait_ms":7.00000019e-05,"query_map_ms":0.00320000015,"query_encode_ms":0.0824550018,"query_copied_bytes":64}
phase-progress {"kind":"phase","phase":"commit","frame":118,"submitted":118,"completed":118,"bodies":1780,"joints":1680,"physics_ns":2193781546,"draw_ns":292356,"render_ns":279674765,"ui_ns":109686,"commit_ns":0,"profile_ns":8290,"health_ns":2191411411,"query_wait_ms":7.00000019e-05,"query_map_ms":0.00320000015,"query_encode_ms":0.0824550018,"query_copied_bytes":64}
phase-progress {"kind":"phase","phase":"limiter","frame":118,"submitted":118,"completed":118,"bodies":1780,"joints":1680,"physics_ns":2193781546,"draw_ns":292356,"render_ns":279674765,"ui_ns":109686,"commit_ns":15240,"profile_ns":8290,"health_ns":2191411411,"query_wait_ms":7.00000019e-05,"query_map_ms":0.00320000015,"query_encode_ms":0.0824550018,"query_copied_bytes":64}
phase-progress {"kind":"phase","phase":"end","frame":118,"submitted":118,"completed":118,"bodies":1780,"joints":1680,"physics_ns":2193781546,"draw_ns":292356,"render_ns":279674765,"ui_ns":109686,"commit_ns":15240,"profile_ns":8290,"health_ns":2191411411,"query_wait_ms":7.00000019e-05,"query_map_ms":0.00320000015,"query_encode_ms":0.0824550018,"query_copied_bytes":64}
phase-progress {"kind":"frame","phase":"end","frame":118,"submitted":118,"completed":118,"bodies":1780,"joints":1680,"physics_ns":2193781546,"draw_ns":292356,"render_ns":279674765,"ui_ns":109686,"commit_ns":15240,"profile_ns":8290,"health_ns":2191411411,"query_wait_ms":7.00000019e-05,"query_map_ms":0.00320000015,"query_encode_ms":0.0824550018,"query_copied_bytes":64}
phase-progress {"kind":"phase","phase":"setters","frame":119,"submitted":118,"completed":118,"bodies":0,"joints":0,"physics_ns":0,"draw_ns":0,"render_ns":0,"ui_ns":0,"commit_ns":0,"profile_ns":0,"health_ns":0,"query_wait_ms":0,"query_map_ms":0,"query_encode_ms":0,"query_copied_bytes":0}
phase-progress {"kind":"phase","phase":"physics","frame":119,"submitted":118,"completed":118,"bodies":0,"joints":0,"physics_ns":0,"draw_ns":0,"render_ns":0,"ui_ns":0,"commit_ns":0,"profile_ns":0,"health_ns":0,"query_wait_ms":0,"query_map_ms":0,"query_encode_ms":0,"query_copied_bytes":0}
phase-progress {"kind":"health_begin","phase":"health","frame":119,"submitted":118,"completed":118,"bodies":1780,"joints":1680,"physics_ns":0,"draw_ns":0,"render_ns":0,"ui_ns":0,"commit_ns":0,"profile_ns":0,"health_ns":0,"query_wait_ms":0,"query_map_ms":0,"query_encode_ms":0,"query_copied_bytes":0}
phase-progress {"kind":"health_end","phase":"health","frame":119,"submitted":118,"completed":118,"bodies":1780,"joints":1680,"physics_ns":0,"draw_ns":0,"render_ns":0,"ui_ns":0,"commit_ns":0,"profile_ns":0,"health_ns":1795484341,"query_wait_ms":0,"query_map_ms":0,"query_encode_ms":0,"query_copied_bytes":0}
phase-progress {"kind":"phase","phase":"profile","frame":119,"submitted":118,"completed":118,"bodies":1780,"joints":1680,"physics_ns":1797848206,"draw_ns":0,"render_ns":0,"ui_ns":0,"commit_ns":0,"profile_ns":0,"health_ns":1795484341,"query_wait_ms":0,"query_map_ms":0,"query_encode_ms":0,"query_copied_bytes":0}
phase-progress {"kind":"phase","phase":"pick","frame":119,"submitted":118,"completed":118,"bodies":1780,"joints":1680,"physics_ns":1797848206,"draw_ns":0,"render_ns":0,"ui_ns":0,"commit_ns":0,"profile_ns":8345,"health_ns":1795484341,"query_wait_ms":0,"query_map_ms":0,"query_encode_ms":0,"query_copied_bytes":0}
phase-progress {"kind":"phase","phase":"draw","frame":119,"submitted":118,"completed":118,"bodies":1780,"joints":1680,"physics_ns":1797848206,"draw_ns":0,"render_ns":0,"ui_ns":0,"commit_ns":0,"profile_ns":8345,"health_ns":1795484341,"query_wait_ms":5.99999985e-05,"query_map_ms":0.00304999994,"query_encode_ms":0.0807880014,"query_copied_bytes":64}
phase-progress {"kind":"phase","phase":"render","frame":119,"submitted":119,"completed":119,"bodies":1780,"joints":1680,"physics_ns":1797848206,"draw_ns":290778,"render_ns":0,"ui_ns":0,"commit_ns":0,"profile_ns":8345,"health_ns":1795484341,"query_wait_ms":5.99999985e-05,"query_map_ms":0.00304999994,"query_encode_ms":0.0807880014,"query_copied_bytes":64}
phase-progress {"kind":"phase","phase":"ui","frame":119,"submitted":119,"completed":119,"bodies":1780,"joints":1680,"physics_ns":1797848206,"draw_ns":290778,"render_ns":274806692,"ui_ns":0,"commit_ns":0,"profile_ns":8345,"health_ns":1795484341,"query_wait_ms":5.99999985e-05,"query_map_ms":0.00304999994,"query_encode_ms":0.0807880014,"query_copied_bytes":64}
phase-progress {"kind":"phase","phase":"commit","frame":119,"submitted":119,"completed":119,"bodies":1780,"joints":1680,"physics_ns":1797848206,"draw_ns":290778,"render_ns":274806692,"ui_ns":104390,"commit_ns":0,"profile_ns":8345,"health_ns":1795484341,"query_wait_ms":5.99999985e-05,"query_map_ms":0.00304999994,"query_encode_ms":0.0807880014,"query_copied_bytes":64}
phase-progress {"kind":"phase","phase":"limiter","frame":119,"submitted":119,"completed":119,"bodies":1780,"joints":1680,"physics_ns":1797848206,"draw_ns":290778,"render_ns":274806692,"ui_ns":104390,"commit_ns":15872,"profile_ns":8345,"health_ns":1795484341,"query_wait_ms":5.99999985e-05,"query_map_ms":0.00304999994,"query_encode_ms":0.0807880014,"query_copied_bytes":64}
phase-progress {"kind":"phase","phase":"end","frame":119,"submitted":119,"completed":119,"bodies":1780,"joints":1680,"physics_ns":1797848206,"draw_ns":290778,"render_ns":274806692,"ui_ns":104390,"commit_ns":15872,"profile_ns":8345,"health_ns":1795484341,"query_wait_ms":5.99999985e-05,"query_map_ms":0.00304999994,"query_encode_ms":0.0807880014,"query_copied_bytes":64}
phase-progress {"kind":"frame","phase":"end","frame":119,"submitted":119,"completed":119,"bodies":1780,"joints":1680,"physics_ns":1797848206,"draw_ns":290778,"render_ns":274806692,"ui_ns":104390,"commit_ns":15872,"profile_ns":8345,"health_ns":1795484341,"query_wait_ms":5.99999985e-05,"query_map_ms":0.00304999994,"query_encode_ms":0.0807880014,"query_copied_bytes":64}
phase-progress {"kind":"phase","phase":"setters","frame":120,"submitted":119,"completed":119,"bodies":0,"joints":0,"physics_ns":0,"draw_ns":0,"render_ns":0,"ui_ns":0,"commit_ns":0,"profile_ns":0,"health_ns":0,"query_wait_ms":0,"query_map_ms":0,"query_encode_ms":0,"query_copied_bytes":0}
phase-progress {"kind":"phase","phase":"physics","frame":120,"submitted":119,"completed":119,"bodies":0,"joints":0,"physics_ns":0,"draw_ns":0,"render_ns":0,"ui_ns":0,"commit_ns":0,"profile_ns":0,"health_ns":0,"query_wait_ms":0,"query_map_ms":0,"query_encode_ms":0,"query_copied_bytes":0}
phase-progress {"kind":"health_begin","phase":"health","frame":120,"submitted":119,"completed":119,"bodies":1780,"joints":1680,"physics_ns":0,"draw_ns":0,"render_ns":0,"ui_ns":0,"commit_ns":0,"profile_ns":0,"health_ns":0,"query_wait_ms":0,"query_map_ms":0,"query_encode_ms":0,"query_copied_bytes":0}
phase-progress {"kind":"health_end","phase":"health","frame":120,"submitted":119,"completed":119,"bodies":1780,"joints":1680,"physics_ns":0,"draw_ns":0,"render_ns":0,"ui_ns":0,"commit_ns":0,"profile_ns":0,"health_ns":1901389437,"query_wait_ms":0,"query_map_ms":0,"query_encode_ms":0,"query_copied_bytes":0}
phase-progress {"kind":"phase","phase":"profile","frame":120,"submitted":119,"completed":119,"bodies":1780,"joints":1680,"physics_ns":1904761089,"draw_ns":0,"render_ns":0,"ui_ns":0,"commit_ns":0,"profile_ns":0,"health_ns":1901389437,"query_wait_ms":0,"query_map_ms":0,"query_encode_ms":0,"query_copied_bytes":0}
phase-progress {"kind":"phase","phase":"pick","frame":120,"submitted":119,"completed":119,"bodies":1780,"joints":1680,"physics_ns":1904761089,"draw_ns":0,"render_ns":0,"ui_ns":0,"commit_ns":0,"profile_ns":8802,"health_ns":1901389437,"query_wait_ms":0,"query_map_ms":0,"query_encode_ms":0,"query_copied_bytes":0}
phase-progress {"kind":"phase","phase":"draw","frame":120,"submitted":119,"completed":119,"bodies":1780,"joints":1680,"physics_ns":1904761089,"draw_ns":0,"render_ns":0,"ui_ns":0,"commit_ns":0,"profile_ns":8802,"health_ns":1901389437,"query_wait_ms":6.60000005e-05,"query_map_ms":0.00347199989,"query_encode_ms":0.0844279975,"query_copied_bytes":64}
phase-progress {"kind":"phase","phase":"render","frame":120,"submitted":120,"completed":120,"bodies":1780,"joints":1680,"physics_ns":1904761089,"draw_ns":302403,"render_ns":0,"ui_ns":0,"commit_ns":0,"profile_ns":8802,"health_ns":1901389437,"query_wait_ms":6.60000005e-05,"query_map_ms":0.00347199989,"query_encode_ms":0.0844279975,"query_copied_bytes":64}
phase-progress {"kind":"phase","phase":"ui","frame":120,"submitted":120,"completed":120,"bodies":1780,"joints":1680,"physics_ns":1904761089,"draw_ns":302403,"render_ns":257256051,"ui_ns":0,"commit_ns":0,"profile_ns":8802,"health_ns":1901389437,"query_wait_ms":6.60000005e-05,"query_map_ms":0.00347199989,"query_encode_ms":0.0844279975,"query_copied_bytes":64}
phase-progress {"kind":"phase","phase":"commit","frame":120,"submitted":120,"completed":120,"bodies":1780,"joints":1680,"physics_ns":1904761089,"draw_ns":302403,"render_ns":257256051,"ui_ns":96751,"commit_ns":0,"profile_ns":8802,"health_ns":1901389437,"query_wait_ms":6.60000005e-05,"query_map_ms":0.00347199989,"query_encode_ms":0.0844279975,"query_copied_bytes":64}
phase-progress {"kind":"phase","phase":"limiter","frame":120,"submitted":120,"completed":120,"bodies":1780,"joints":1680,"physics_ns":1904761089,"draw_ns":302403,"render_ns":257256051,"ui_ns":96751,"commit_ns":11793,"profile_ns":8802,"health_ns":1901389437,"query_wait_ms":6.60000005e-05,"query_map_ms":0.00347199989,"query_encode_ms":0.0844279975,"query_copied_bytes":64}
phase-progress {"kind":"phase","phase":"end","frame":120,"submitted":120,"completed":120,"bodies":1780,"joints":1680,"physics_ns":1904761089,"draw_ns":302403,"render_ns":257256051,"ui_ns":96751,"commit_ns":11793,"profile_ns":8802,"health_ns":1901389437,"query_wait_ms":6.60000005e-05,"query_map_ms":0.00347199989,"query_encode_ms":0.0844279975,"query_copied_bytes":64}
phase-progress {"kind":"frame","phase":"end","frame":120,"submitted":120,"completed":120,"bodies":1780,"joints":1680,"physics_ns":1904761089,"draw_ns":302403,"render_ns":257256051,"ui_ns":96751,"commit_ns":11793,"profile_ns":8802,"health_ns":1901389437,"query_wait_ms":6.60000005e-05,"query_map_ms":0.00347199989,"query_encode_ms":0.0844279975,"query_copied_bytes":64}
phase-progress {"kind":"phase","phase":"setters","frame":121,"submitted":120,"completed":120,"bodies":0,"joints":0,"physics_ns":0,"draw_ns":0,"render_ns":0,"ui_ns":0,"commit_ns":0,"profile_ns":0,"health_ns":0,"query_wait_ms":0,"query_map_ms":0,"query_encode_ms":0,"query_copied_bytes":0}
phase-progress {"kind":"phase","phase":"physics","frame":121,"submitted":120,"completed":120,"bodies":0,"joints":0,"physics_ns":0,"draw_ns":0,"render_ns":0,"ui_ns":0,"commit_ns":0,"profile_ns":0,"health_ns":0,"query_wait_ms":0,"query_map_ms":0,"query_encode_ms":0,"query_copied_bytes":0}
phase-progress {"kind":"health_begin","phase":"health","frame":121,"submitted":120,"completed":120,"bodies":1780,"joints":1680,"physics_ns":0,"draw_ns":0,"render_ns":0,"ui_ns":0,"commit_ns":0,"profile_ns":0,"health_ns":0,"query_wait_ms":0,"query_map_ms":0,"query_encode_ms":0,"query_copied_bytes":0}
phase-progress {"kind":"health_end","phase":"health","frame":121,"submitted":120,"completed":120,"bodies":1780,"joints":1680,"physics_ns":0,"draw_ns":0,"render_ns":0,"ui_ns":0,"commit_ns":0,"profile_ns":0,"health_ns":1859251211,"query_wait_ms":0,"query_map_ms":0,"query_encode_ms":0,"query_copied_bytes":0}
phase-progress {"kind":"phase","phase":"profile","frame":121,"submitted":120,"completed":120,"bodies":1780,"joints":1680,"physics_ns":1861138428,"draw_ns":0,"render_ns":0,"ui_ns":0,"commit_ns":0,"profile_ns":0,"health_ns":1859251211,"query_wait_ms":0,"query_map_ms":0,"query_encode_ms":0,"query_copied_bytes":0}
phase-progress {"kind":"phase","phase":"pick","frame":121,"submitted":120,"completed":120,"bodies":1780,"joints":1680,"physics_ns":1861138428,"draw_ns":0,"render_ns":0,"ui_ns":0,"commit_ns":0,"profile_ns":8523,"health_ns":1859251211,"query_wait_ms":0,"query_map_ms":0,"query_encode_ms":0,"query_copied_bytes":0}
phase-progress {"kind":"phase","phase":"draw","frame":121,"submitted":120,"completed":120,"bodies":1780,"joints":1680,"physics_ns":1861138428,"draw_ns":0,"render_ns":0,"ui_ns":0,"commit_ns":0,"profile_ns":8523,"health_ns":1859251211,"query_wait_ms":4.6000001e-05,"query_map_ms":0.00337200006,"query_encode_ms":0.0659110025,"query_copied_bytes":64}
phase-progress {"kind":"phase","phase":"render","frame":121,"submitted":121,"completed":121,"bodies":1780,"joints":1680,"physics_ns":1861138428,"draw_ns":295661,"render_ns":0,"ui_ns":0,"commit_ns":0,"profile_ns":8523,"health_ns":1859251211,"query_wait_ms":4.6000001e-05,"query_map_ms":0.00337200006,"query_encode_ms":0.0659110025,"query_copied_bytes":64}
phase-progress {"kind":"phase","phase":"ui","frame":121,"submitted":121,"completed":121,"bodies":1780,"joints":1680,"physics_ns":1861138428,"draw_ns":295661,"render_ns":258582768,"ui_ns":0,"commit_ns":0,"profile_ns":8523,"health_ns":1859251211,"query_wait_ms":4.6000001e-05,"query_map_ms":0.00337200006,"query_encode_ms":0.0659110025,"query_copied_bytes":64}
phase-progress {"kind":"phase","phase":"commit","frame":121,"submitted":121,"completed":121,"bodies":1780,"joints":1680,"physics_ns":1861138428,"draw_ns":295661,"render_ns":258582768,"ui_ns":103794,"commit_ns":0,"profile_ns":8523,"health_ns":1859251211,"query_wait_ms":4.6000001e-05,"query_map_ms":0.00337200006,"query_encode_ms":0.0659110025,"query_copied_bytes":64}
phase-progress {"kind":"phase","phase":"limiter","frame":121,"submitted":121,"completed":121,"bodies":1780,"joints":1680,"physics_ns":1861138428,"draw_ns":295661,"render_ns":258582768,"ui_ns":103794,"commit_ns":17956,"profile_ns":8523,"health_ns":1859251211,"query_wait_ms":4.6000001e-05,"query_map_ms":0.00337200006,"query_encode_ms":0.0659110025,"query_copied_bytes":64}
phase-progress {"kind":"phase","phase":"end","frame":121,"submitted":121,"completed":121,"bodies":1780,"joints":1680,"physics_ns":1861138428,"draw_ns":295661,"render_ns":258582768,"ui_ns":103794,"commit_ns":17956,"profile_ns":8523,"health_ns":1859251211,"query_wait_ms":4.6000001e-05,"query_map_ms":0.00337200006,"query_encode_ms":0.0659110025,"query_copied_bytes":64}
phase-progress {"kind":"frame","phase":"end","frame":121,"submitted":121,"completed":121,"bodies":1780,"joints":1680,"physics_ns":1861138428,"draw_ns":295661,"render_ns":258582768,"ui_ns":103794,"commit_ns":17956,"profile_ns":8523,"health_ns":1859251211,"query_wait_ms":4.6000001e-05,"query_map_ms":0.00337200006,"query_encode_ms":0.0659110025,"query_copied_bytes":64}
phase-progress {"kind":"phase","phase":"setters","frame":122,"submitted":121,"completed":121,"bodies":0,"joints":0,"physics_ns":0,"draw_ns":0,"render_ns":0,"ui_ns":0,"commit_ns":0,"profile_ns":0,"health_ns":0,"query_wait_ms":0,"query_map_ms":0,"query_encode_ms":0,"query_copied_bytes":0}
phase-progress {"kind":"phase","phase":"physics","frame":122,"submitted":121,"completed":121,"bodies":0,"joints":0,"physics_ns":0,"draw_ns":0,"render_ns":0,"ui_ns":0,"commit_ns":0,"profile_ns":0,"health_ns":0,"query_wait_ms":0,"query_map_ms":0,"query_encode_ms":0,"query_copied_bytes":0}
phase-progress {"kind":"health_begin","phase":"health","frame":122,"submitted":121,"completed":121,"bodies":1780,"joints":1680,"physics_ns":0,"draw_ns":0,"render_ns":0,"ui_ns":0,"commit_ns":0,"profile_ns":0,"health_ns":0,"query_wait_ms":0,"query_map_ms":0,"query_encode_ms":0,"query_copied_bytes":0}
phase-progress {"kind":"health_end","phase":"health","frame":122,"submitted":121,"completed":121,"bodies":1780,"joints":1680,"physics_ns":0,"draw_ns":0,"render_ns":0,"ui_ns":0,"commit_ns":0,"profile_ns":0,"health_ns":2240847040,"query_wait_ms":0,"query_map_ms":0,"query_encode_ms":0,"query_copied_bytes":0}
phase-progress {"kind":"phase","phase":"profile","frame":122,"submitted":121,"completed":121,"bodies":1780,"joints":1680,"physics_ns":2243282168,"draw_ns":0,"render_ns":0,"ui_ns":0,"commit_ns":0,"profile_ns":0,"health_ns":2240847040,"query_wait_ms":0,"query_map_ms":0,"query_encode_ms":0,"query_copied_bytes":0}
phase-progress {"kind":"phase","phase":"pick","frame":122,"submitted":121,"completed":121,"bodies":1780,"joints":1680,"physics_ns":2243282168,"draw_ns":0,"render_ns":0,"ui_ns":0,"commit_ns":0,"profile_ns":8642,"health_ns":2240847040,"query_wait_ms":0,"query_map_ms":0,"query_encode_ms":0,"query_copied_bytes":0}
phase-progress {"kind":"phase","phase":"draw","frame":122,"submitted":121,"completed":121,"bodies":1780,"joints":1680,"physics_ns":2243282168,"draw_ns":0,"render_ns":0,"ui_ns":0,"commit_ns":0,"profile_ns":8642,"health_ns":2240847040,"query_wait_ms":5.99999985e-05,"query_map_ms":0.00366099994,"query_encode_ms":0.0681869984,"query_copied_bytes":64}
phase-progress {"kind":"phase","phase":"render","frame":122,"submitted":122,"completed":122,"bodies":1780,"joints":1680,"physics_ns":2243282168,"draw_ns":292114,"render_ns":0,"ui_ns":0,"commit_ns":0,"profile_ns":8642,"health_ns":2240847040,"query_wait_ms":5.99999985e-05,"query_map_ms":0.00366099994,"query_encode_ms":0.0681869984,"query_copied_bytes":64}
phase-progress {"kind":"phase","phase":"ui","frame":122,"submitted":122,"completed":122,"bodies":1780,"joints":1680,"physics_ns":2243282168,"draw_ns":292114,"render_ns":258038990,"ui_ns":0,"commit_ns":0,"profile_ns":8642,"health_ns":2240847040,"query_wait_ms":5.99999985e-05,"query_map_ms":0.00366099994,"query_encode_ms":0.0681869984,"query_copied_bytes":64}
phase-progress {"kind":"phase","phase":"commit","frame":122,"submitted":122,"completed":122,"bodies":1780,"joints":1680,"physics_ns":2243282168,"draw_ns":292114,"render_ns":258038990,"ui_ns":114484,"commit_ns":0,"profile_ns":8642,"health_ns":2240847040,"query_wait_ms":5.99999985e-05,"query_map_ms":0.00366099994,"query_encode_ms":0.0681869984,"query_copied_bytes":64}
phase-progress {"kind":"phase","phase":"limiter","frame":122,"submitted":122,"completed":122,"bodies":1780,"joints":1680,"physics_ns":2243282168,"draw_ns":292114,"render_ns":258038990,"ui_ns":114484,"commit_ns":15959,"profile_ns":8642,"health_ns":2240847040,"query_wait_ms":5.99999985e-05,"query_map_ms":0.00366099994,"query_encode_ms":0.0681869984,"query_copied_bytes":64}
phase-progress {"kind":"phase","phase":"end","frame":122,"submitted":122,"completed":122,"bodies":1780,"joints":1680,"physics_ns":2243282168,"draw_ns":292114,"render_ns":258038990,"ui_ns":114484,"commit_ns":15959,"profile_ns":8642,"health_ns":2240847040,"query_wait_ms":5.99999985e-05,"query_map_ms":0.00366099994,"query_encode_ms":0.0681869984,"query_copied_bytes":64}
phase-progress {"kind":"frame","phase":"end","frame":122,"submitted":122,"completed":122,"bodies":1780,"joints":1680,"physics_ns":2243282168,"draw_ns":292114,"render_ns":258038990,"ui_ns":114484,"commit_ns":15959,"profile_ns":8642,"health_ns":2240847040,"query_wait_ms":5.99999985e-05,"query_map_ms":0.00366099994,"query_encode_ms":0.0681869984,"query_copied_bytes":64}
phase-progress {"kind":"phase","phase":"setters","frame":123,"submitted":122,"completed":122,"bodies":0,"joints":0,"physics_ns":0,"draw_ns":0,"render_ns":0,"ui_ns":0,"commit_ns":0,"profile_ns":0,"health_ns":0,"query_wait_ms":0,"query_map_ms":0,"query_encode_ms":0,"query_copied_bytes":0}
phase-progress {"kind":"phase","phase":"physics","frame":123,"submitted":122,"completed":122,"bodies":0,"joints":0,"physics_ns":0,"draw_ns":0,"render_ns":0,"ui_ns":0,"commit_ns":0,"profile_ns":0,"health_ns":0,"query_wait_ms":0,"query_map_ms":0,"query_encode_ms":0,"query_copied_bytes":0}
phase-progress {"kind":"health_begin","phase":"health","frame":123,"submitted":122,"completed":122,"bodies":1780,"joints":1680,"physics_ns":0,"draw_ns":0,"render_ns":0,"ui_ns":0,"commit_ns":0,"profile_ns":0,"health_ns":0,"query_wait_ms":0,"query_map_ms":0,"query_encode_ms":0,"query_copied_bytes":0}
phase-progress {"kind":"health_end","phase":"health","frame":123,"submitted":122,"completed":122,"bodies":1780,"joints":1680,"physics_ns":0,"draw_ns":0,"render_ns":0,"ui_ns":0,"commit_ns":0,"profile_ns":0,"health_ns":2141328343,"query_wait_ms":0,"query_map_ms":0,"query_encode_ms":0,"query_copied_bytes":0}
phase-progress {"kind":"phase","phase":"profile","frame":123,"submitted":122,"completed":122,"bodies":1780,"joints":1680,"physics_ns":2143593132,"draw_ns":0,"render_ns":0,"ui_ns":0,"commit_ns":0,"profile_ns":0,"health_ns":2141328343,"query_wait_ms":0,"query_map_ms":0,"query_encode_ms":0,"query_copied_bytes":0}
phase-progress {"kind":"phase","phase":"pick","frame":123,"submitted":122,"completed":122,"bodies":1780,"joints":1680,"physics_ns":2143593132,"draw_ns":0,"render_ns":0,"ui_ns":0,"commit_ns":0,"profile_ns":21977,"health_ns":2141328343,"query_wait_ms":0,"query_map_ms":0,"query_encode_ms":0,"query_copied_bytes":0}
phase-progress {"kind":"phase","phase":"draw","frame":123,"submitted":122,"completed":122,"bodies":1780,"joints":1680,"physics_ns":2143593132,"draw_ns":0,"render_ns":0,"ui_ns":0,"commit_ns":0,"profile_ns":21977,"health_ns":2141328343,"query_wait_ms":5.09999991e-05,"query_map_ms":0.00340399984,"query_encode_ms":0.0679979995,"query_copied_bytes":64}
phase-progress {"kind":"phase","phase":"render","frame":123,"submitted":123,"completed":123,"bodies":1780,"joints":1680,"physics_ns":2143593132,"draw_ns":283982,"render_ns":0,"ui_ns":0,"commit_ns":0,"profile_ns":21977,"health_ns":2141328343,"query_wait_ms":5.09999991e-05,"query_map_ms":0.00340399984,"query_encode_ms":0.0679979995,"query_copied_bytes":64}
phase-progress {"kind":"phase","phase":"ui","frame":123,"submitted":123,"completed":123,"bodies":1780,"joints":1680,"physics_ns":2143593132,"draw_ns":283982,"render_ns":262444316,"ui_ns":0,"commit_ns":0,"profile_ns":21977,"health_ns":2141328343,"query_wait_ms":5.09999991e-05,"query_map_ms":0.00340399984,"query_encode_ms":0.0679979995,"query_copied_bytes":64}
phase-progress {"kind":"phase","phase":"commit","frame":123,"submitted":123,"completed":123,"bodies":1780,"joints":1680,"physics_ns":2143593132,"draw_ns":283982,"render_ns":262444316,"ui_ns":88440,"commit_ns":0,"profile_ns":21977,"health_ns":2141328343,"query_wait_ms":5.09999991e-05,"query_map_ms":0.00340399984,"query_encode_ms":0.0679979995,"query_copied_bytes":64}
phase-progress {"kind":"phase","phase":"limiter","frame":123,"submitted":123,"completed":123,"bodies":1780,"joints":1680,"physics_ns":2143593132,"draw_ns":283982,"render_ns":262444316,"ui_ns":88440,"commit_ns":15981,"profile_ns":21977,"health_ns":2141328343,"query_wait_ms":5.09999991e-05,"query_map_ms":0.00340399984,"query_encode_ms":0.0679979995,"query_copied_bytes":64}
phase-progress {"kind":"phase","phase":"end","frame":123,"submitted":123,"completed":123,"bodies":1780,"joints":1680,"physics_ns":2143593132,"draw_ns":283982,"render_ns":262444316,"ui_ns":88440,"commit_ns":15981,"profile_ns":21977,"health_ns":2141328343,"query_wait_ms":5.09999991e-05,"query_map_ms":0.00340399984,"query_encode_ms":0.0679979995,"query_copied_bytes":64}
phase-progress {"kind":"frame","phase":"end","frame":123,"submitted":123,"completed":123,"bodies":1780,"joints":1680,"physics_ns":2143593132,"draw_ns":283982,"render_ns":262444316,"ui_ns":88440,"commit_ns":15981,"profile_ns":21977,"health_ns":2141328343,"query_wait_ms":5.09999991e-05,"query_map_ms":0.00340399984,"query_encode_ms":0.0679979995,"query_copied_bytes":64}
phase-progress {"kind":"phase","phase":"setters","frame":124,"submitted":123,"completed":123,"bodies":0,"joints":0,"physics_ns":0,"draw_ns":0,"render_ns":0,"ui_ns":0,"commit_ns":0,"profile_ns":0,"health_ns":0,"query_wait_ms":0,"query_map_ms":0,"query_encode_ms":0,"query_copied_bytes":0}
phase-progress {"kind":"phase","phase":"physics","frame":124,"submitted":123,"completed":123,"bodies":0,"joints":0,"physics_ns":0,"draw_ns":0,"render_ns":0,"ui_ns":0,"commit_ns":0,"profile_ns":0,"health_ns":0,"query_wait_ms":0,"query_map_ms":0,"query_encode_ms":0,"query_copied_bytes":0}
phase-progress {"kind":"health_begin","phase":"health","frame":124,"submitted":123,"completed":123,"bodies":1780,"joints":1680,"physics_ns":0,"draw_ns":0,"render_ns":0,"ui_ns":0,"commit_ns":0,"profile_ns":0,"health_ns":0,"query_wait_ms":0,"query_map_ms":0,"query_encode_ms":0,"query_copied_bytes":0}
phase-progress {"kind":"health_end","phase":"health","frame":124,"submitted":123,"completed":123,"bodies":1780,"joints":1680,"physics_ns":0,"draw_ns":0,"render_ns":0,"ui_ns":0,"commit_ns":0,"profile_ns":0,"health_ns":2257917790,"query_wait_ms":0,"query_map_ms":0,"query_encode_ms":0,"query_copied_bytes":0}
phase-progress {"kind":"phase","phase":"profile","frame":124,"submitted":123,"completed":123,"bodies":1780,"joints":1680,"physics_ns":2260276723,"draw_ns":0,"render_ns":0,"ui_ns":0,"commit_ns":0,"profile_ns":0,"health_ns":2257917790,"query_wait_ms":0,"query_map_ms":0,"query_encode_ms":0,"query_copied_bytes":0}
phase-progress {"kind":"phase","phase":"pick","frame":124,"submitted":123,"completed":123,"bodies":1780,"joints":1680,"physics_ns":2260276723,"draw_ns":0,"render_ns":0,"ui_ns":0,"commit_ns":0,"profile_ns":14829,"health_ns":2257917790,"query_wait_ms":0,"query_map_ms":0,"query_encode_ms":0,"query_copied_bytes":0}
phase-progress {"kind":"phase","phase":"draw","frame":124,"submitted":123,"completed":123,"bodies":1780,"joints":1680,"physics_ns":2260276723,"draw_ns":0,"render_ns":0,"ui_ns":0,"commit_ns":0,"profile_ns":14829,"health_ns":2257917790,"query_wait_ms":7.59999966e-05,"query_map_ms":0.00317599997,"query_encode_ms":0.084653005,"query_copied_bytes":64}
phase-progress {"kind":"phase","phase":"render","frame":124,"submitted":124,"completed":124,"bodies":1780,"joints":1680,"physics_ns":2260276723,"draw_ns":289945,"render_ns":0,"ui_ns":0,"commit_ns":0,"profile_ns":14829,"health_ns":2257917790,"query_wait_ms":7.59999966e-05,"query_map_ms":0.00317599997,"query_encode_ms":0.084653005,"query_copied_bytes":64}
phase-progress {"kind":"phase","phase":"ui","frame":124,"submitted":124,"completed":124,"bodies":1780,"joints":1680,"physics_ns":2260276723,"draw_ns":289945,"render_ns":266929070,"ui_ns":0,"commit_ns":0,"profile_ns":14829,"health_ns":2257917790,"query_wait_ms":7.59999966e-05,"query_map_ms":0.00317599997,"query_encode_ms":0.084653005,"query_copied_bytes":64}
phase-progress {"kind":"phase","phase":"commit","frame":124,"submitted":124,"completed":124,"bodies":1780,"joints":1680,"physics_ns":2260276723,"draw_ns":289945,"render_ns":266929070,"ui_ns":101735,"commit_ns":0,"profile_ns":14829,"health_ns":2257917790,"query_wait_ms":7.59999966e-05,"query_map_ms":0.00317599997,"query_encode_ms":0.084653005,"query_copied_bytes":64}
phase-progress {"kind":"phase","phase":"limiter","frame":124,"submitted":124,"completed":124,"bodies":1780,"joints":1680,"physics_ns":2260276723,"draw_ns":289945,"render_ns":266929070,"ui_ns":101735,"commit_ns":22795,"profile_ns":14829,"health_ns":2257917790,"query_wait_ms":7.59999966e-05,"query_map_ms":0.00317599997,"query_encode_ms":0.084653005,"query_copied_bytes":64}
phase-progress {"kind":"phase","phase":"end","frame":124,"submitted":124,"completed":124,"bodies":1780,"joints":1680,"physics_ns":2260276723,"draw_ns":289945,"render_ns":266929070,"ui_ns":101735,"commit_ns":22795,"profile_ns":14829,"health_ns":2257917790,"query_wait_ms":7.59999966e-05,"query_map_ms":0.00317599997,"query_encode_ms":0.084653005,"query_copied_bytes":64}
phase-progress {"kind":"frame","phase":"end","frame":124,"submitted":124,"completed":124,"bodies":1780,"joints":1680,"physics_ns":2260276723,"draw_ns":289945,"render_ns":266929070,"ui_ns":101735,"commit_ns":22795,"profile_ns":14829,"health_ns":2257917790,"query_wait_ms":7.59999966e-05,"query_map_ms":0.00317599997,"query_encode_ms":0.084653005,"query_copied_bytes":64}
phase-progress {"kind":"phase","phase":"setters","frame":125,"submitted":124,"completed":124,"bodies":0,"joints":0,"physics_ns":0,"draw_ns":0,"render_ns":0,"ui_ns":0,"commit_ns":0,"profile_ns":0,"health_ns":0,"query_wait_ms":0,"query_map_ms":0,"query_encode_ms":0,"query_copied_bytes":0}
phase-progress {"kind":"phase","phase":"physics","frame":125,"submitted":124,"completed":124,"bodies":0,"joints":0,"physics_ns":0,"draw_ns":0,"render_ns":0,"ui_ns":0,"commit_ns":0,"profile_ns":0,"health_ns":0,"query_wait_ms":0,"query_map_ms":0,"query_encode_ms":0,"query_copied_bytes":0}
phase-progress {"kind":"health_begin","phase":"health","frame":125,"submitted":124,"completed":124,"bodies":1780,"joints":1680,"physics_ns":0,"draw_ns":0,"render_ns":0,"ui_ns":0,"commit_ns":0,"profile_ns":0,"health_ns":0,"query_wait_ms":0,"query_map_ms":0,"query_encode_ms":0,"query_copied_bytes":0}
phase-progress {"kind":"health_end","phase":"health","frame":125,"submitted":124,"completed":124,"bodies":1780,"joints":1680,"physics_ns":0,"draw_ns":0,"render_ns":0,"ui_ns":0,"commit_ns":0,"profile_ns":0,"health_ns":2262833563,"query_wait_ms":0,"query_map_ms":0,"query_encode_ms":0,"query_copied_bytes":0}
phase-progress {"kind":"phase","phase":"profile","frame":125,"submitted":124,"completed":124,"bodies":1780,"joints":1680,"physics_ns":2265277376,"draw_ns":0,"render_ns":0,"ui_ns":0,"commit_ns":0,"profile_ns":0,"health_ns":2262833563,"query_wait_ms":0,"query_map_ms":0,"query_encode_ms":0,"query_copied_bytes":0}
phase-progress {"kind":"phase","phase":"pick","frame":125,"submitted":124,"completed":124,"bodies":1780,"joints":1680,"physics_ns":2265277376,"draw_ns":0,"render_ns":0,"ui_ns":0,"commit_ns":0,"profile_ns":9044,"health_ns":2262833563,"query_wait_ms":0,"query_map_ms":0,"query_encode_ms":0,"query_copied_bytes":0}
phase-progress {"kind":"phase","phase":"draw","frame":125,"submitted":124,"completed":124,"bodies":1780,"joints":1680,"physics_ns":2265277376,"draw_ns":0,"render_ns":0,"ui_ns":0,"commit_ns":0,"profile_ns":9044,"health_ns":2262833563,"query_wait_ms":7.59999966e-05,"query_map_ms":0.00315,"query_encode_ms":0.0901710019,"query_copied_bytes":64}
phase-progress {"kind":"phase","phase":"render","frame":125,"submitted":125,"completed":125,"bodies":1780,"joints":1680,"physics_ns":2265277376,"draw_ns":288836,"render_ns":0,"ui_ns":0,"commit_ns":0,"profile_ns":9044,"health_ns":2262833563,"query_wait_ms":7.59999966e-05,"query_map_ms":0.00315,"query_encode_ms":0.0901710019,"query_copied_bytes":64}
phase-progress {"kind":"phase","phase":"ui","frame":125,"submitted":125,"completed":125,"bodies":1780,"joints":1680,"physics_ns":2265277376,"draw_ns":288836,"render_ns":257869763,"ui_ns":0,"commit_ns":0,"profile_ns":9044,"health_ns":2262833563,"query_wait_ms":7.59999966e-05,"query_map_ms":0.00315,"query_encode_ms":0.0901710019,"query_copied_bytes":64}
phase-progress {"kind":"phase","phase":"commit","frame":125,"submitted":125,"completed":125,"bodies":1780,"joints":1680,"physics_ns":2265277376,"draw_ns":288836,"render_ns":257869763,"ui_ns":105333,"commit_ns":0,"profile_ns":9044,"health_ns":2262833563,"query_wait_ms":7.59999966e-05,"query_map_ms":0.00315,"query_encode_ms":0.0901710019,"query_copied_bytes":64}
phase-progress {"kind":"phase","phase":"limiter","frame":125,"submitted":125,"completed":125,"bodies":1780,"joints":1680,"physics_ns":2265277376,"draw_ns":288836,"render_ns":257869763,"ui_ns":105333,"commit_ns":19257,"profile_ns":9044,"health_ns":2262833563,"query_wait_ms":7.59999966e-05,"query_map_ms":0.00315,"query_encode_ms":0.0901710019,"query_copied_bytes":64}
phase-progress {"kind":"phase","phase":"end","frame":125,"submitted":125,"completed":125,"bodies":1780,"joints":1680,"physics_ns":2265277376,"draw_ns":288836,"render_ns":257869763,"ui_ns":105333,"commit_ns":19257,"profile_ns":9044,"health_ns":2262833563,"query_wait_ms":7.59999966e-05,"query_map_ms":0.00315,"query_encode_ms":0.0901710019,"query_copied_bytes":64}
phase-progress {"kind":"frame","phase":"end","frame":125,"submitted":125,"completed":125,"bodies":1780,"joints":1680,"physics_ns":2265277376,"draw_ns":288836,"render_ns":257869763,"ui_ns":105333,"commit_ns":19257,"profile_ns":9044,"health_ns":2262833563,"query_wait_ms":7.59999966e-05,"query_map_ms":0.00315,"query_encode_ms":0.0901710019,"query_copied_bytes":64}
phase-progress {"kind":"phase","phase":"setters","frame":126,"submitted":125,"completed":125,"bodies":0,"joints":0,"physics_ns":0,"draw_ns":0,"render_ns":0,"ui_ns":0,"commit_ns":0,"profile_ns":0,"health_ns":0,"query_wait_ms":0,"query_map_ms":0,"query_encode_ms":0,"query_copied_bytes":0}
phase-progress {"kind":"phase","phase":"physics","frame":126,"submitted":125,"completed":125,"bodies":0,"joints":0,"physics_ns":0,"draw_ns":0,"render_ns":0,"ui_ns":0,"commit_ns":0,"profile_ns":0,"health_ns":0,"query_wait_ms":0,"query_map_ms":0,"query_encode_ms":0,"query_copied_bytes":0}
phase-progress {"kind":"health_begin","phase":"health","frame":126,"submitted":125,"completed":125,"bodies":1780,"joints":1680,"physics_ns":0,"draw_ns":0,"render_ns":0,"ui_ns":0,"commit_ns":0,"profile_ns":0,"health_ns":0,"query_wait_ms":0,"query_map_ms":0,"query_encode_ms":0,"query_copied_bytes":0}
phase-progress {"kind":"health_end","phase":"health","frame":126,"submitted":125,"completed":125,"bodies":1780,"joints":1680,"physics_ns":0,"draw_ns":0,"render_ns":0,"ui_ns":0,"commit_ns":0,"profile_ns":0,"health_ns":1882981993,"query_wait_ms":0,"query_map_ms":0,"query_encode_ms":0,"query_copied_bytes":0}
phase-progress {"kind":"phase","phase":"profile","frame":126,"submitted":125,"completed":125,"bodies":1780,"joints":1680,"physics_ns":1886571937,"draw_ns":0,"render_ns":0,"ui_ns":0,"commit_ns":0,"profile_ns":0,"health_ns":1882981993,"query_wait_ms":0,"query_map_ms":0,"query_encode_ms":0,"query_copied_bytes":0}
phase-progress {"kind":"phase","phase":"pick","frame":126,"submitted":125,"completed":125,"bodies":1780,"joints":1680,"physics_ns":1886571937,"draw_ns":0,"render_ns":0,"ui_ns":0,"commit_ns":0,"profile_ns":8947,"health_ns":1882981993,"query_wait_ms":0,"query_map_ms":0,"query_encode_ms":0,"query_copied_bytes":0}
phase-progress {"kind":"phase","phase":"draw","frame":126,"submitted":125,"completed":125,"bodies":1780,"joints":1680,"physics_ns":1886571937,"draw_ns":0,"render_ns":0,"ui_ns":0,"commit_ns":0,"profile_ns":8947,"health_ns":1882981993,"query_wait_ms":7.90000049e-05,"query_map_ms":0.00318600005,"query_encode_ms":0.0802590027,"query_copied_bytes":64}
phase-progress {"kind":"phase","phase":"render","frame":126,"submitted":126,"completed":126,"bodies":1780,"joints":1680,"physics_ns":1886571937,"draw_ns":288747,"render_ns":0,"ui_ns":0,"commit_ns":0,"profile_ns":8947,"health_ns":1882981993,"query_wait_ms":7.90000049e-05,"query_map_ms":0.00318600005,"query_encode_ms":0.0802590027,"query_copied_bytes":64}
phase-progress {"kind":"phase","phase":"ui","frame":126,"submitted":126,"completed":126,"bodies":1780,"joints":1680,"physics_ns":1886571937,"draw_ns":288747,"render_ns":258768340,"ui_ns":0,"commit_ns":0,"profile_ns":8947,"health_ns":1882981993,"query_wait_ms":7.90000049e-05,"query_map_ms":0.00318600005,"query_encode_ms":0.0802590027,"query_copied_bytes":64}
phase-progress {"kind":"phase","phase":"commit","frame":126,"submitted":126,"completed":126,"bodies":1780,"joints":1680,"physics_ns":1886571937,"draw_ns":288747,"render_ns":258768340,"ui_ns":95100,"commit_ns":0,"profile_ns":8947,"health_ns":1882981993,"query_wait_ms":7.90000049e-05,"query_map_ms":0.00318600005,"query_encode_ms":0.0802590027,"query_copied_bytes":64}
phase-progress {"kind":"phase","phase":"limiter","frame":126,"submitted":126,"completed":126,"bodies":1780,"joints":1680,"physics_ns":1886571937,"draw_ns":288747,"render_ns":258768340,"ui_ns":95100,"commit_ns":15817,"profile_ns":8947,"health_ns":1882981993,"query_wait_ms":7.90000049e-05,"query_map_ms":0.00318600005,"query_encode_ms":0.0802590027,"query_copied_bytes":64}
phase-progress {"kind":"phase","phase":"end","frame":126,"submitted":126,"completed":126,"bodies":1780,"joints":1680,"physics_ns":1886571937,"draw_ns":288747,"render_ns":258768340,"ui_ns":95100,"commit_ns":15817,"profile_ns":8947,"health_ns":1882981993,"query_wait_ms":7.90000049e-05,"query_map_ms":0.00318600005,"query_encode_ms":0.0802590027,"query_copied_bytes":64}
phase-progress {"kind":"frame","phase":"end","frame":126,"submitted":126,"completed":126,"bodies":1780,"joints":1680,"physics_ns":1886571937,"draw_ns":288747,"render_ns":258768340,"ui_ns":95100,"commit_ns":15817,"profile_ns":8947,"health_ns":1882981993,"query_wait_ms":7.90000049e-05,"query_map_ms":0.00318600005,"query_encode_ms":0.0802590027,"query_copied_bytes":64}
phase-progress {"kind":"phase","phase":"setters","frame":127,"submitted":126,"completed":126,"bodies":0,"joints":0,"physics_ns":0,"draw_ns":0,"render_ns":0,"ui_ns":0,"commit_ns":0,"profile_ns":0,"health_ns":0,"query_wait_ms":0,"query_map_ms":0,"query_encode_ms":0,"query_copied_bytes":0}
phase-progress {"kind":"phase","phase":"physics","frame":127,"submitted":126,"completed":126,"bodies":0,"joints":0,"physics_ns":0,"draw_ns":0,"render_ns":0,"ui_ns":0,"commit_ns":0,"profile_ns":0,"health_ns":0,"query_wait_ms":0,"query_map_ms":0,"query_encode_ms":0,"query_copied_bytes":0}
phase-progress {"kind":"health_begin","phase":"health","frame":127,"submitted":126,"completed":126,"bodies":1780,"joints":1680,"physics_ns":0,"draw_ns":0,"render_ns":0,"ui_ns":0,"commit_ns":0,"profile_ns":0,"health_ns":0,"query_wait_ms":0,"query_map_ms":0,"query_encode_ms":0,"query_copied_bytes":0}
phase-progress {"kind":"health_end","phase":"health","frame":127,"submitted":126,"completed":126,"bodies":1780,"joints":1680,"physics_ns":0,"draw_ns":0,"render_ns":0,"ui_ns":0,"commit_ns":0,"profile_ns":0,"health_ns":1815364104,"query_wait_ms":0,"query_map_ms":0,"query_encode_ms":0,"query_copied_bytes":0}
phase-progress {"kind":"phase","phase":"profile","frame":127,"submitted":126,"completed":126,"bodies":1780,"joints":1680,"physics_ns":1817801088,"draw_ns":0,"render_ns":0,"ui_ns":0,"commit_ns":0,"profile_ns":0,"health_ns":1815364104,"query_wait_ms":0,"query_map_ms":0,"query_encode_ms":0,"query_copied_bytes":0}
phase-progress {"kind":"phase","phase":"pick","frame":127,"submitted":126,"completed":126,"bodies":1780,"joints":1680,"physics_ns":1817801088,"draw_ns":0,"render_ns":0,"ui_ns":0,"commit_ns":0,"profile_ns":8338,"health_ns":1815364104,"query_wait_ms":0,"query_map_ms":0,"query_encode_ms":0,"query_copied_bytes":0}
phase-progress {"kind":"phase","phase":"draw","frame":127,"submitted":126,"completed":126,"bodies":1780,"joints":1680,"physics_ns":1817801088,"draw_ns":0,"render_ns":0,"ui_ns":0,"commit_ns":0,"profile_ns":8338,"health_ns":1815364104,"query_wait_ms":6.10000025e-05,"query_map_ms":0.00322300009,"query_encode_ms":0.0820819959,"query_copied_bytes":64}
phase-progress {"kind":"phase","phase":"render","frame":127,"submitted":127,"completed":127,"bodies":1780,"joints":1680,"physics_ns":1817801088,"draw_ns":283658,"render_ns":0,"ui_ns":0,"commit_ns":0,"profile_ns":8338,"health_ns":1815364104,"query_wait_ms":6.10000025e-05,"query_map_ms":0.00322300009,"query_encode_ms":0.0820819959,"query_copied_bytes":64}
phase-progress {"kind":"phase","phase":"ui","frame":127,"submitted":127,"completed":127,"bodies":1780,"joints":1680,"physics_ns":1817801088,"draw_ns":283658,"render_ns":274640137,"ui_ns":0,"commit_ns":0,"profile_ns":8338,"health_ns":1815364104,"query_wait_ms":6.10000025e-05,"query_map_ms":0.00322300009,"query_encode_ms":0.0820819959,"query_copied_bytes":64}
phase-progress {"kind":"phase","phase":"commit","frame":127,"submitted":127,"completed":127,"bodies":1780,"joints":1680,"physics_ns":1817801088,"draw_ns":283658,"render_ns":274640137,"ui_ns":93433,"commit_ns":0,"profile_ns":8338,"health_ns":1815364104,"query_wait_ms":6.10000025e-05,"query_map_ms":0.00322300009,"query_encode_ms":0.0820819959,"query_copied_bytes":64}
phase-progress {"kind":"phase","phase":"limiter","frame":127,"submitted":127,"completed":127,"bodies":1780,"joints":1680,"physics_ns":1817801088,"draw_ns":283658,"render_ns":274640137,"ui_ns":93433,"commit_ns":16704,"profile_ns":8338,"health_ns":1815364104,"query_wait_ms":6.10000025e-05,"query_map_ms":0.00322300009,"query_encode_ms":0.0820819959,"query_copied_bytes":64}
phase-progress {"kind":"phase","phase":"end","frame":127,"submitted":127,"completed":127,"bodies":1780,"joints":1680,"physics_ns":1817801088,"draw_ns":283658,"render_ns":274640137,"ui_ns":93433,"commit_ns":16704,"profile_ns":8338,"health_ns":1815364104,"query_wait_ms":6.10000025e-05,"query_map_ms":0.00322300009,"query_encode_ms":0.0820819959,"query_copied_bytes":64}
phase-progress {"kind":"frame","phase":"end","frame":127,"submitted":127,"completed":127,"bodies":1780,"joints":1680,"physics_ns":1817801088,"draw_ns":283658,"render_ns":274640137,"ui_ns":93433,"commit_ns":16704,"profile_ns":8338,"health_ns":1815364104,"query_wait_ms":6.10000025e-05,"query_map_ms":0.00322300009,"query_encode_ms":0.0820819959,"query_copied_bytes":64}
phase-progress {"kind":"phase","phase":"setters","frame":128,"submitted":127,"completed":127,"bodies":0,"joints":0,"physics_ns":0,"draw_ns":0,"render_ns":0,"ui_ns":0,"commit_ns":0,"profile_ns":0,"health_ns":0,"query_wait_ms":0,"query_map_ms":0,"query_encode_ms":0,"query_copied_bytes":0}
phase-progress {"kind":"phase","phase":"physics","frame":128,"submitted":127,"completed":127,"bodies":0,"joints":0,"physics_ns":0,"draw_ns":0,"render_ns":0,"ui_ns":0,"commit_ns":0,"profile_ns":0,"health_ns":0,"query_wait_ms":0,"query_map_ms":0,"query_encode_ms":0,"query_copied_bytes":0}
phase-progress {"kind":"health_begin","phase":"health","frame":128,"submitted":127,"completed":127,"bodies":1780,"joints":1680,"physics_ns":0,"draw_ns":0,"render_ns":0,"ui_ns":0,"commit_ns":0,"profile_ns":0,"health_ns":0,"query_wait_ms":0,"query_map_ms":0,"query_encode_ms":0,"query_copied_bytes":0}
phase-progress {"kind":"health_end","phase":"health","frame":128,"submitted":127,"completed":127,"bodies":1780,"joints":1680,"physics_ns":0,"draw_ns":0,"render_ns":0,"ui_ns":0,"commit_ns":0,"profile_ns":0,"health_ns":1863275384,"query_wait_ms":0,"query_map_ms":0,"query_encode_ms":0,"query_copied_bytes":0}
phase-progress {"kind":"phase","phase":"profile","frame":128,"submitted":127,"completed":127,"bodies":1780,"joints":1680,"physics_ns":1865653012,"draw_ns":0,"render_ns":0,"ui_ns":0,"commit_ns":0,"profile_ns":0,"health_ns":1863275384,"query_wait_ms":0,"query_map_ms":0,"query_encode_ms":0,"query_copied_bytes":0}
phase-progress {"kind":"phase","phase":"pick","frame":128,"submitted":127,"completed":127,"bodies":1780,"joints":1680,"physics_ns":1865653012,"draw_ns":0,"render_ns":0,"ui_ns":0,"commit_ns":0,"profile_ns":8385,"health_ns":1863275384,"query_wait_ms":0,"query_map_ms":0,"query_encode_ms":0,"query_copied_bytes":0}
phase-progress {"kind":"phase","phase":"draw","frame":128,"submitted":127,"completed":127,"bodies":1780,"joints":1680,"physics_ns":1865653012,"draw_ns":0,"render_ns":0,"ui_ns":0,"commit_ns":0,"profile_ns":8385,"health_ns":1863275384,"query_wait_ms":6.10000025e-05,"query_map_ms":0.00280999998,"query_encode_ms":0.080163002,"query_copied_bytes":64}
phase-progress {"kind":"phase","phase":"render","frame":128,"submitted":128,"completed":128,"bodies":1780,"joints":1680,"physics_ns":1865653012,"draw_ns":278469,"render_ns":0,"ui_ns":0,"commit_ns":0,"profile_ns":8385,"health_ns":1863275384,"query_wait_ms":6.10000025e-05,"query_map_ms":0.00280999998,"query_encode_ms":0.080163002,"query_copied_bytes":64}
phase-progress {"kind":"phase","phase":"ui","frame":128,"submitted":128,"completed":128,"bodies":1780,"joints":1680,"physics_ns":1865653012,"draw_ns":278469,"render_ns":268624591,"ui_ns":0,"commit_ns":0,"profile_ns":8385,"health_ns":1863275384,"query_wait_ms":6.10000025e-05,"query_map_ms":0.00280999998,"query_encode_ms":0.080163002,"query_copied_bytes":64}
phase-progress {"kind":"phase","phase":"commit","frame":128,"submitted":128,"completed":128,"bodies":1780,"joints":1680,"physics_ns":1865653012,"draw_ns":278469,"render_ns":268624591,"ui_ns":97960,"commit_ns":0,"profile_ns":8385,"health_ns":1863275384,"query_wait_ms":6.10000025e-05,"query_map_ms":0.00280999998,"query_encode_ms":0.080163002,"query_copied_bytes":64}
phase-progress {"kind":"phase","phase":"limiter","frame":128,"submitted":128,"completed":128,"bodies":1780,"joints":1680,"physics_ns":1865653012,"draw_ns":278469,"render_ns":268624591,"ui_ns":97960,"commit_ns":15338,"profile_ns":8385,"health_ns":1863275384,"query_wait_ms":6.10000025e-05,"query_map_ms":0.00280999998,"query_encode_ms":0.080163002,"query_copied_bytes":64}
phase-progress {"kind":"phase","phase":"end","frame":128,"submitted":128,"completed":128,"bodies":1780,"joints":1680,"physics_ns":1865653012,"draw_ns":278469,"render_ns":268624591,"ui_ns":97960,"commit_ns":15338,"profile_ns":8385,"health_ns":1863275384,"query_wait_ms":6.10000025e-05,"query_map_ms":0.00280999998,"query_encode_ms":0.080163002,"query_copied_bytes":64}
phase-progress {"kind":"frame","phase":"end","frame":128,"submitted":128,"completed":128,"bodies":1780,"joints":1680,"physics_ns":1865653012,"draw_ns":278469,"render_ns":268624591,"ui_ns":97960,"commit_ns":15338,"profile_ns":8385,"health_ns":1863275384,"query_wait_ms":6.10000025e-05,"query_map_ms":0.00280999998,"query_encode_ms":0.080163002,"query_copied_bytes":64}
phase-progress {"kind":"phase","phase":"setters","frame":129,"submitted":128,"completed":128,"bodies":0,"joints":0,"physics_ns":0,"draw_ns":0,"render_ns":0,"ui_ns":0,"commit_ns":0,"profile_ns":0,"health_ns":0,"query_wait_ms":0,"query_map_ms":0,"query_encode_ms":0,"query_copied_bytes":0}
phase-progress {"kind":"phase","phase":"physics","frame":129,"submitted":128,"completed":128,"bodies":0,"joints":0,"physics_ns":0,"draw_ns":0,"render_ns":0,"ui_ns":0,"commit_ns":0,"profile_ns":0,"health_ns":0,"query_wait_ms":0,"query_map_ms":0,"query_encode_ms":0,"query_copied_bytes":0}
gpu-alloc scene generation=135 bodies=4160 shapes=2480 hull_points=6720 hull_planes=64 hull_edges=64 hull_topology=64 mesh_vertices=33700 mesh_triangles=64000 mesh_nodes=15800 materials=2480 joints=3360 scene_heap_bytes=3504704 max=536870912
gpu-alloc scene generation=0 bodies=4160 shapes=2480 hull_points=6720 hull_planes=64 hull_edges=64 hull_topology=64 mesh_vertices=33700 mesh_triangles=64000 mesh_nodes=15800 materials=2480 joints=3360 scene_heap_bytes=3504704 max=536870912
gpu-scene-input shapes=2300 mesh_vertices=33700 mesh_triangles=64000 scene_heap_bytes=3504704
GPU pose export: Vulkan opaque FD 37 (465920 bytes)
phase-progress {"kind":"health_begin","phase":"health","frame":129,"submitted":128,"completed":128,"bodies":2200,"joints":2100,"physics_ns":0,"draw_ns":0,"render_ns":0,"ui_ns":0,"commit_ns":0,"profile_ns":0,"health_ns":0,"query_wait_ms":0,"query_map_ms":0,"query_encode_ms":0,"query_copied_bytes":0}
phase-progress {"kind":"health_end","phase":"health","frame":129,"submitted":128,"completed":128,"bodies":2200,"joints":2100,"physics_ns":0,"draw_ns":0,"render_ns":0,"ui_ns":0,"commit_ns":0,"profile_ns":0,"health_ns":2539989981,"query_wait_ms":0,"query_map_ms":0,"query_encode_ms":0,"query_copied_bytes":0}
phase-progress {"kind":"phase","phase":"profile","frame":129,"submitted":128,"completed":128,"bodies":2200,"joints":2100,"physics_ns":2599987904,"draw_ns":0,"render_ns":0,"ui_ns":0,"commit_ns":0,"profile_ns":0,"health_ns":2539989981,"query_wait_ms":0,"query_map_ms":0,"query_encode_ms":0,"query_copied_bytes":0}
phase-progress {"kind":"phase","phase":"pick","frame":129,"submitted":128,"completed":128,"bodies":2200,"joints":2100,"physics_ns":2599987904,"draw_ns":0,"render_ns":0,"ui_ns":0,"commit_ns":0,"profile_ns":7835,"health_ns":2539989981,"query_wait_ms":0,"query_map_ms":0,"query_encode_ms":0,"query_copied_bytes":0}
phase-progress {"kind":"phase","phase":"draw","frame":129,"submitted":128,"completed":128,"bodies":2200,"joints":2100,"physics_ns":2599987904,"draw_ns":0,"render_ns":0,"ui_ns":0,"commit_ns":0,"profile_ns":7835,"health_ns":2539989981,"query_wait_ms":6.90000015e-05,"query_map_ms":0.00313600013,"query_encode_ms":0.0822080001,"query_copied_bytes":64}
phase-progress {"kind":"phase","phase":"render","frame":129,"submitted":129,"completed":129,"bodies":2200,"joints":2100,"physics_ns":2599987904,"draw_ns":422123,"render_ns":0,"ui_ns":0,"commit_ns":0,"profile_ns":7835,"health_ns":2539989981,"query_wait_ms":6.90000015e-05,"query_map_ms":0.00313600013,"query_encode_ms":0.0822080001,"query_copied_bytes":64}
phase-progress {"kind":"phase","phase":"ui","frame":129,"submitted":129,"completed":129,"bodies":2200,"joints":2100,"physics_ns":2599987904,"draw_ns":422123,"render_ns":256086157,"ui_ns":0,"commit_ns":0,"profile_ns":7835,"health_ns":2539989981,"query_wait_ms":6.90000015e-05,"query_map_ms":0.00313600013,"query_encode_ms":0.0822080001,"query_copied_bytes":64}
phase-progress {"kind":"phase","phase":"commit","frame":129,"submitted":129,"completed":129,"bodies":2200,"joints":2100,"physics_ns":2599987904,"draw_ns":422123,"render_ns":256086157,"ui_ns":88454,"commit_ns":0,"profile_ns":7835,"health_ns":2539989981,"query_wait_ms":6.90000015e-05,"query_map_ms":0.00313600013,"query_encode_ms":0.0822080001,"query_copied_bytes":64}
phase-progress {"kind":"phase","phase":"limiter","frame":129,"submitted":129,"completed":129,"bodies":2200,"joints":2100,"physics_ns":2599987904,"draw_ns":422123,"render_ns":256086157,"ui_ns":88454,"commit_ns":15085,"profile_ns":7835,"health_ns":2539989981,"query_wait_ms":6.90000015e-05,"query_map_ms":0.00313600013,"query_encode_ms":0.0822080001,"query_copied_bytes":64}
phase-progress {"kind":"phase","phase":"end","frame":129,"submitted":129,"completed":129,"bodies":2200,"joints":2100,"physics_ns":2599987904,"draw_ns":422123,"render_ns":256086157,"ui_ns":88454,"commit_ns":15085,"profile_ns":7835,"health_ns":2539989981,"query_wait_ms":6.90000015e-05,"query_map_ms":0.00313600013,"query_encode_ms":0.0822080001,"query_copied_bytes":64}
phase-progress {"kind":"frame","phase":"end","frame":129,"submitted":129,"completed":129,"bodies":2200,"joints":2100,"physics_ns":2599987904,"draw_ns":422123,"render_ns":256086157,"ui_ns":88454,"commit_ns":15085,"profile_ns":7835,"health_ns":2539989981,"query_wait_ms":6.90000015e-05,"query_map_ms":0.00313600013,"query_encode_ms":0.0822080001,"query_copied_bytes":64}
phase-progress {"kind":"phase","phase":"setters","frame":130,"submitted":129,"completed":129,"bodies":0,"joints":0,"physics_ns":0,"draw_ns":0,"render_ns":0,"ui_ns":0,"commit_ns":0,"profile_ns":0,"health_ns":0,"query_wait_ms":0,"query_map_ms":0,"query_encode_ms":0,"query_copied_bytes":0}
phase-progress {"kind":"phase","phase":"physics","frame":130,"submitted":129,"completed":129,"bodies":0,"joints":0,"physics_ns":0,"draw_ns":0,"render_ns":0,"ui_ns":0,"commit_ns":0,"profile_ns":0,"health_ns":0,"query_wait_ms":0,"query_map_ms":0,"query_encode_ms":0,"query_copied_bytes":0}
phase-progress {"kind":"health_begin","phase":"health","frame":130,"submitted":129,"completed":129,"bodies":2200,"joints":2100,"physics_ns":0,"draw_ns":0,"render_ns":0,"ui_ns":0,"commit_ns":0,"profile_ns":0,"health_ns":0,"query_wait_ms":0,"query_map_ms":0,"query_encode_ms":0,"query_copied_bytes":0}
phase-progress {"kind":"health_end","phase":"health","frame":130,"submitted":129,"completed":129,"bodies":2200,"joints":2100,"physics_ns":0,"draw_ns":0,"render_ns":0,"ui_ns":0,"commit_ns":0,"profile_ns":0,"health_ns":2888232700,"query_wait_ms":0,"query_map_ms":0,"query_encode_ms":0,"query_copied_bytes":0}
phase-progress {"kind":"phase","phase":"profile","frame":130,"submitted":129,"completed":129,"bodies":2200,"joints":2100,"physics_ns":2890879159,"draw_ns":0,"render_ns":0,"ui_ns":0,"commit_ns":0,"profile_ns":0,"health_ns":2888232700,"query_wait_ms":0,"query_map_ms":0,"query_encode_ms":0,"query_copied_bytes":0}
phase-progress {"kind":"phase","phase":"pick","frame":130,"submitted":129,"completed":129,"bodies":2200,"joints":2100,"physics_ns":2890879159,"draw_ns":0,"render_ns":0,"ui_ns":0,"commit_ns":0,"profile_ns":8665,"health_ns":2888232700,"query_wait_ms":0,"query_map_ms":0,"query_encode_ms":0,"query_copied_bytes":0}
phase-progress {"kind":"phase","phase":"draw","frame":130,"submitted":129,"completed":129,"bodies":2200,"joints":2100,"physics_ns":2890879159,"draw_ns":0,"render_ns":0,"ui_ns":0,"commit_ns":0,"profile_ns":8665,"health_ns":2888232700,"query_wait_ms":6.10000025e-05,"query_map_ms":0.00326599996,"query_encode_ms":0.0837550014,"query_copied_bytes":64}
phase-progress {"kind":"phase","phase":"render","frame":130,"submitted":130,"completed":130,"bodies":2200,"joints":2100,"physics_ns":2890879159,"draw_ns":348752,"render_ns":0,"ui_ns":0,"commit_ns":0,"profile_ns":8665,"health_ns":2888232700,"query_wait_ms":6.10000025e-05,"query_map_ms":0.00326599996,"query_encode_ms":0.0837550014,"query_copied_bytes":64}
phase-progress {"kind":"phase","phase":"ui","frame":130,"submitted":130,"completed":130,"bodies":2200,"joints":2100,"physics_ns":2890879159,"draw_ns":348752,"render_ns":243770050,"ui_ns":0,"commit_ns":0,"profile_ns":8665,"health_ns":2888232700,"query_wait_ms":6.10000025e-05,"query_map_ms":0.00326599996,"query_encode_ms":0.0837550014,"query_copied_bytes":64}
phase-progress {"kind":"phase","phase":"commit","frame":130,"submitted":130,"completed":130,"bodies":2200,"joints":2100,"physics_ns":2890879159,"draw_ns":348752,"render_ns":243770050,"ui_ns":88111,"commit_ns":0,"profile_ns":8665,"health_ns":2888232700,"query_wait_ms":6.10000025e-05,"query_map_ms":0.00326599996,"query_encode_ms":0.0837550014,"query_copied_bytes":64}
phase-progress {"kind":"phase","phase":"limiter","frame":130,"submitted":130,"completed":130,"bodies":2200,"joints":2100,"physics_ns":2890879159,"draw_ns":348752,"render_ns":243770050,"ui_ns":88111,"commit_ns":22130,"profile_ns":8665,"health_ns":2888232700,"query_wait_ms":6.10000025e-05,"query_map_ms":0.00326599996,"query_encode_ms":0.0837550014,"query_copied_bytes":64}
phase-progress {"kind":"phase","phase":"end","frame":130,"submitted":130,"completed":130,"bodies":2200,"joints":2100,"physics_ns":2890879159,"draw_ns":348752,"render_ns":243770050,"ui_ns":88111,"commit_ns":22130,"profile_ns":8665,"health_ns":2888232700,"query_wait_ms":6.10000025e-05,"query_map_ms":0.00326599996,"query_encode_ms":0.0837550014,"query_copied_bytes":64}
phase-progress {"kind":"frame","phase":"end","frame":130,"submitted":130,"completed":130,"bodies":2200,"joints":2100,"physics_ns":2890879159,"draw_ns":348752,"render_ns":243770050,"ui_ns":88111,"commit_ns":22130,"profile_ns":8665,"health_ns":2888232700,"query_wait_ms":6.10000025e-05,"query_map_ms":0.00326599996,"query_encode_ms":0.0837550014,"query_copied_bytes":64}
phase-progress {"kind":"phase","phase":"setters","frame":131,"submitted":130,"completed":130,"bodies":0,"joints":0,"physics_ns":0,"draw_ns":0,"render_ns":0,"ui_ns":0,"commit_ns":0,"profile_ns":0,"health_ns":0,"query_wait_ms":0,"query_map_ms":0,"query_encode_ms":0,"query_copied_bytes":0}
phase-progress {"kind":"phase","phase":"physics","frame":131,"submitted":130,"completed":130,"bodies":0,"joints":0,"physics_ns":0,"draw_ns":0,"render_ns":0,"ui_ns":0,"commit_ns":0,"profile_ns":0,"health_ns":0,"query_wait_ms":0,"query_map_ms":0,"query_encode_ms":0,"query_copied_bytes":0}
phase-progress {"kind":"health_begin","phase":"health","frame":131,"submitted":130,"completed":130,"bodies":2200,"joints":2100,"physics_ns":0,"draw_ns":0,"render_ns":0,"ui_ns":0,"commit_ns":0,"profile_ns":0,"health_ns":0,"query_wait_ms":0,"query_map_ms":0,"query_encode_ms":0,"query_copied_bytes":0}
phase-progress {"kind":"health_end","phase":"health","frame":131,"submitted":130,"completed":130,"bodies":2200,"joints":2100,"physics_ns":0,"draw_ns":0,"render_ns":0,"ui_ns":0,"commit_ns":0,"profile_ns":0,"health_ns":2805494139,"query_wait_ms":0,"query_map_ms":0,"query_encode_ms":0,"query_copied_bytes":0}
phase-progress {"kind":"phase","phase":"profile","frame":131,"submitted":130,"completed":130,"bodies":2200,"joints":2100,"physics_ns":2807878314,"draw_ns":0,"render_ns":0,"ui_ns":0,"commit_ns":0,"profile_ns":0,"health_ns":2805494139,"query_wait_ms":0,"query_map_ms":0,"query_encode_ms":0,"query_copied_bytes":0}
phase-progress {"kind":"phase","phase":"pick","frame":131,"submitted":130,"completed":130,"bodies":2200,"joints":2100,"physics_ns":2807878314,"draw_ns":0,"render_ns":0,"ui_ns":0,"commit_ns":0,"profile_ns":8484,"health_ns":2805494139,"query_wait_ms":0,"query_map_ms":0,"query_encode_ms":0,"query_copied_bytes":0}
phase-progress {"kind":"phase","phase":"draw","frame":131,"submitted":130,"completed":130,"bodies":2200,"joints":2100,"physics_ns":2807878314,"draw_ns":0,"render_ns":0,"ui_ns":0,"commit_ns":0,"profile_ns":8484,"health_ns":2805494139,"query_wait_ms":8.50000069e-05,"query_map_ms":0.00359299988,"query_encode_ms":0.0808070004,"query_copied_bytes":64}
phase-progress {"kind":"phase","phase":"render","frame":131,"submitted":131,"completed":131,"bodies":2200,"joints":2100,"physics_ns":2807878314,"draw_ns":351918,"render_ns":0,"ui_ns":0,"commit_ns":0,"profile_ns":8484,"health_ns":2805494139,"query_wait_ms":8.50000069e-05,"query_map_ms":0.00359299988,"query_encode_ms":0.0808070004,"query_copied_bytes":64}
phase-progress {"kind":"phase","phase":"ui","frame":131,"submitted":131,"completed":131,"bodies":2200,"joints":2100,"physics_ns":2807878314,"draw_ns":351918,"render_ns":260729397,"ui_ns":0,"commit_ns":0,"profile_ns":8484,"health_ns":2805494139,"query_wait_ms":8.50000069e-05,"query_map_ms":0.00359299988,"query_encode_ms":0.0808070004,"query_copied_bytes":64}
phase-progress {"kind":"phase","phase":"commit","frame":131,"submitted":131,"completed":131,"bodies":2200,"joints":2100,"physics_ns":2807878314,"draw_ns":351918,"render_ns":260729397,"ui_ns":88552,"commit_ns":0,"profile_ns":8484,"health_ns":2805494139,"query_wait_ms":8.50000069e-05,"query_map_ms":0.00359299988,"query_encode_ms":0.0808070004,"query_copied_bytes":64}
phase-progress {"kind":"phase","phase":"limiter","frame":131,"submitted":131,"completed":131,"bodies":2200,"joints":2100,"physics_ns":2807878314,"draw_ns":351918,"render_ns":260729397,"ui_ns":88552,"commit_ns":29915,"profile_ns":8484,"health_ns":2805494139,"query_wait_ms":8.50000069e-05,"query_map_ms":0.00359299988,"query_encode_ms":0.0808070004,"query_copied_bytes":64}
phase-progress {"kind":"phase","phase":"end","frame":131,"submitted":131,"completed":131,"bodies":2200,"joints":2100,"physics_ns":2807878314,"draw_ns":351918,"render_ns":260729397,"ui_ns":88552,"commit_ns":29915,"profile_ns":8484,"health_ns":2805494139,"query_wait_ms":8.50000069e-05,"query_map_ms":0.00359299988,"query_encode_ms":0.0808070004,"query_copied_bytes":64}
phase-progress {"kind":"frame","phase":"end","frame":131,"submitted":131,"completed":131,"bodies":2200,"joints":2100,"physics_ns":2807878314,"draw_ns":351918,"render_ns":260729397,"ui_ns":88552,"commit_ns":29915,"profile_ns":8484,"health_ns":2805494139,"query_wait_ms":8.50000069e-05,"query_map_ms":0.00359299988,"query_encode_ms":0.0808070004,"query_copied_bytes":64}
phase-progress {"kind":"phase","phase":"setters","frame":132,"submitted":131,"completed":131,"bodies":0,"joints":0,"physics_ns":0,"draw_ns":0,"render_ns":0,"ui_ns":0,"commit_ns":0,"profile_ns":0,"health_ns":0,"query_wait_ms":0,"query_map_ms":0,"query_encode_ms":0,"query_copied_bytes":0}
phase-progress {"kind":"phase","phase":"physics","frame":132,"submitted":131,"completed":131,"bodies":0,"joints":0,"physics_ns":0,"draw_ns":0,"render_ns":0,"ui_ns":0,"commit_ns":0,"profile_ns":0,"health_ns":0,"query_wait_ms":0,"query_map_ms":0,"query_encode_ms":0,"query_copied_bytes":0}
phase-progress {"kind":"health_begin","phase":"health","frame":132,"submitted":131,"completed":131,"bodies":2200,"joints":2100,"physics_ns":0,"draw_ns":0,"render_ns":0,"ui_ns":0,"commit_ns":0,"profile_ns":0,"health_ns":0,"query_wait_ms":0,"query_map_ms":0,"query_encode_ms":0,"query_copied_bytes":0}
phase-progress {"kind":"health_end","phase":"health","frame":132,"submitted":131,"completed":131,"bodies":2200,"joints":2100,"physics_ns":0,"draw_ns":0,"render_ns":0,"ui_ns":0,"commit_ns":0,"profile_ns":0,"health_ns":2971752456,"query_wait_ms":0,"query_map_ms":0,"query_encode_ms":0,"query_copied_bytes":0}
phase-progress {"kind":"phase","phase":"profile","frame":132,"submitted":131,"completed":131,"bodies":2200,"joints":2100,"physics_ns":2974134500,"draw_ns":0,"render_ns":0,"ui_ns":0,"commit_ns":0,"profile_ns":0,"health_ns":2971752456,"query_wait_ms":0,"query_map_ms":0,"query_encode_ms":0,"query_copied_bytes":0}
phase-progress {"kind":"phase","phase":"pick","frame":132,"submitted":131,"completed":131,"bodies":2200,"joints":2100,"physics_ns":2974134500,"draw_ns":0,"render_ns":0,"ui_ns":0,"commit_ns":0,"profile_ns":8533,"health_ns":2971752456,"query_wait_ms":0,"query_map_ms":0,"query_encode_ms":0,"query_copied_bytes":0}
phase-progress {"kind":"phase","phase":"draw","frame":132,"submitted":131,"completed":131,"bodies":2200,"joints":2100,"physics_ns":2974134500,"draw_ns":0,"render_ns":0,"ui_ns":0,"commit_ns":0,"profile_ns":8533,"health_ns":2971752456,"query_wait_ms":7.39999959e-05,"query_map_ms":0.00324700004,"query_encode_ms":0.0839470029,"query_copied_bytes":64}
phase-progress {"kind":"phase","phase":"render","frame":132,"submitted":132,"completed":132,"bodies":2200,"joints":2100,"physics_ns":2974134500,"draw_ns":347837,"render_ns":0,"ui_ns":0,"commit_ns":0,"profile_ns":8533,"health_ns":2971752456,"query_wait_ms":7.39999959e-05,"query_map_ms":0.00324700004,"query_encode_ms":0.0839470029,"query_copied_bytes":64}
phase-progress {"kind":"phase","phase":"ui","frame":132,"submitted":132,"completed":132,"bodies":2200,"joints":2100,"physics_ns":2974134500,"draw_ns":347837,"render_ns":247598878,"ui_ns":0,"commit_ns":0,"profile_ns":8533,"health_ns":2971752456,"query_wait_ms":7.39999959e-05,"query_map_ms":0.00324700004,"query_encode_ms":0.0839470029,"query_copied_bytes":64}
phase-progress {"kind":"phase","phase":"commit","frame":132,"submitted":132,"completed":132,"bodies":2200,"joints":2100,"physics_ns":2974134500,"draw_ns":347837,"render_ns":247598878,"ui_ns":125372,"commit_ns":0,"profile_ns":8533,"health_ns":2971752456,"query_wait_ms":7.39999959e-05,"query_map_ms":0.00324700004,"query_encode_ms":0.0839470029,"query_copied_bytes":64}
phase-progress {"kind":"phase","phase":"limiter","frame":132,"submitted":132,"completed":132,"bodies":2200,"joints":2100,"physics_ns":2974134500,"draw_ns":347837,"render_ns":247598878,"ui_ns":125372,"commit_ns":16684,"profile_ns":8533,"health_ns":2971752456,"query_wait_ms":7.39999959e-05,"query_map_ms":0.00324700004,"query_encode_ms":0.0839470029,"query_copied_bytes":64}
phase-progress {"kind":"phase","phase":"end","frame":132,"submitted":132,"completed":132,"bodies":2200,"joints":2100,"physics_ns":2974134500,"draw_ns":347837,"render_ns":247598878,"ui_ns":125372,"commit_ns":16684,"profile_ns":8533,"health_ns":2971752456,"query_wait_ms":7.39999959e-05,"query_map_ms":0.00324700004,"query_encode_ms":0.0839470029,"query_copied_bytes":64}
phase-progress {"kind":"frame","phase":"end","frame":132,"submitted":132,"completed":132,"bodies":2200,"joints":2100,"physics_ns":2974134500,"draw_ns":347837,"render_ns":247598878,"ui_ns":125372,"commit_ns":16684,"profile_ns":8533,"health_ns":2971752456,"query_wait_ms":7.39999959e-05,"query_map_ms":0.00324700004,"query_encode_ms":0.0839470029,"query_copied_bytes":64}
phase-progress {"kind":"phase","phase":"setters","frame":133,"submitted":132,"completed":132,"bodies":0,"joints":0,"physics_ns":0,"draw_ns":0,"render_ns":0,"ui_ns":0,"commit_ns":0,"profile_ns":0,"health_ns":0,"query_wait_ms":0,"query_map_ms":0,"query_encode_ms":0,"query_copied_bytes":0}
phase-progress {"kind":"phase","phase":"physics","frame":133,"submitted":132,"completed":132,"bodies":0,"joints":0,"physics_ns":0,"draw_ns":0,"render_ns":0,"ui_ns":0,"commit_ns":0,"profile_ns":0,"health_ns":0,"query_wait_ms":0,"query_map_ms":0,"query_encode_ms":0,"query_copied_bytes":0}
phase-progress {"kind":"health_begin","phase":"health","frame":133,"submitted":132,"completed":132,"bodies":2200,"joints":2100,"physics_ns":0,"draw_ns":0,"render_ns":0,"ui_ns":0,"commit_ns":0,"profile_ns":0,"health_ns":0,"query_wait_ms":0,"query_map_ms":0,"query_encode_ms":0,"query_copied_bytes":0}
phase-progress {"kind":"health_end","phase":"health","frame":133,"submitted":132,"completed":132,"bodies":2200,"joints":2100,"physics_ns":0,"draw_ns":0,"render_ns":0,"ui_ns":0,"commit_ns":0,"profile_ns":0,"health_ns":2686839049,"query_wait_ms":0,"query_map_ms":0,"query_encode_ms":0,"query_copied_bytes":0}
phase-progress {"kind":"phase","phase":"profile","frame":133,"submitted":132,"completed":132,"bodies":2200,"joints":2100,"physics_ns":2689277719,"draw_ns":0,"render_ns":0,"ui_ns":0,"commit_ns":0,"profile_ns":0,"health_ns":2686839049,"query_wait_ms":0,"query_map_ms":0,"query_encode_ms":0,"query_copied_bytes":0}
phase-progress {"kind":"phase","phase":"pick","frame":133,"submitted":132,"completed":132,"bodies":2200,"joints":2100,"physics_ns":2689277719,"draw_ns":0,"render_ns":0,"ui_ns":0,"commit_ns":0,"profile_ns":8626,"health_ns":2686839049,"query_wait_ms":0,"query_map_ms":0,"query_encode_ms":0,"query_copied_bytes":0}
phase-progress {"kind":"phase","phase":"draw","frame":133,"submitted":132,"completed":132,"bodies":2200,"joints":2100,"physics_ns":2689277719,"draw_ns":0,"render_ns":0,"ui_ns":0,"commit_ns":0,"profile_ns":8626,"health_ns":2686839049,"query_wait_ms":5.90000018e-05,"query_map_ms":0.00333700003,"query_encode_ms":0.0833240002,"query_copied_bytes":64}
phase-progress {"kind":"phase","phase":"render","frame":133,"submitted":133,"completed":133,"bodies":2200,"joints":2100,"physics_ns":2689277719,"draw_ns":340407,"render_ns":0,"ui_ns":0,"commit_ns":0,"profile_ns":8626,"health_ns":2686839049,"query_wait_ms":5.90000018e-05,"query_map_ms":0.00333700003,"query_encode_ms":0.0833240002,"query_copied_bytes":64}
phase-progress {"kind":"phase","phase":"ui","frame":133,"submitted":133,"completed":133,"bodies":2200,"joints":2100,"physics_ns":2689277719,"draw_ns":340407,"render_ns":253288607,"ui_ns":0,"commit_ns":0,"profile_ns":8626,"health_ns":2686839049,"query_wait_ms":5.90000018e-05,"query_map_ms":0.00333700003,"query_encode_ms":0.0833240002,"query_copied_bytes":64}
phase-progress {"kind":"phase","phase":"commit","frame":133,"submitted":133,"completed":133,"bodies":2200,"joints":2100,"physics_ns":2689277719,"draw_ns":340407,"render_ns":253288607,"ui_ns":92194,"commit_ns":0,"profile_ns":8626,"health_ns":2686839049,"query_wait_ms":5.90000018e-05,"query_map_ms":0.00333700003,"query_encode_ms":0.0833240002,"query_copied_bytes":64}
phase-progress {"kind":"phase","phase":"limiter","frame":133,"submitted":133,"completed":133,"bodies":2200,"joints":2100,"physics_ns":2689277719,"draw_ns":340407,"render_ns":253288607,"ui_ns":92194,"commit_ns":15996,"profile_ns":8626,"health_ns":2686839049,"query_wait_ms":5.90000018e-05,"query_map_ms":0.00333700003,"query_encode_ms":0.0833240002,"query_copied_bytes":64}
phase-progress {"kind":"phase","phase":"end","frame":133,"submitted":133,"completed":133,"bodies":2200,"joints":2100,"physics_ns":2689277719,"draw_ns":340407,"render_ns":253288607,"ui_ns":92194,"commit_ns":15996,"profile_ns":8626,"health_ns":2686839049,"query_wait_ms":5.90000018e-05,"query_map_ms":0.00333700003,"query_encode_ms":0.0833240002,"query_copied_bytes":64}
phase-progress {"kind":"frame","phase":"end","frame":133,"submitted":133,"completed":133,"bodies":2200,"joints":2100,"physics_ns":2689277719,"draw_ns":340407,"render_ns":253288607,"ui_ns":92194,"commit_ns":15996,"profile_ns":8626,"health_ns":2686839049,"query_wait_ms":5.90000018e-05,"query_map_ms":0.00333700003,"query_encode_ms":0.0833240002,"query_copied_bytes":64}
phase-progress {"kind":"phase","phase":"setters","frame":134,"submitted":133,"completed":133,"bodies":0,"joints":0,"physics_ns":0,"draw_ns":0,"render_ns":0,"ui_ns":0,"commit_ns":0,"profile_ns":0,"health_ns":0,"query_wait_ms":0,"query_map_ms":0,"query_encode_ms":0,"query_copied_bytes":0}
phase-progress {"kind":"phase","phase":"physics","frame":134,"submitted":133,"completed":133,"bodies":0,"joints":0,"physics_ns":0,"draw_ns":0,"render_ns":0,"ui_ns":0,"commit_ns":0,"profile_ns":0,"health_ns":0,"query_wait_ms":0,"query_map_ms":0,"query_encode_ms":0,"query_copied_bytes":0}
phase-progress {"kind":"health_begin","phase":"health","frame":134,"submitted":133,"completed":133,"bodies":2200,"joints":2100,"physics_ns":0,"draw_ns":0,"render_ns":0,"ui_ns":0,"commit_ns":0,"profile_ns":0,"health_ns":0,"query_wait_ms":0,"query_map_ms":0,"query_encode_ms":0,"query_copied_bytes":0}
phase-progress {"kind":"health_end","phase":"health","frame":134,"submitted":133,"completed":133,"bodies":2200,"joints":2100,"physics_ns":0,"draw_ns":0,"render_ns":0,"ui_ns":0,"commit_ns":0,"profile_ns":0,"health_ns":2909282500,"query_wait_ms":0,"query_map_ms":0,"query_encode_ms":0,"query_copied_bytes":0}
phase-progress {"kind":"phase","phase":"profile","frame":134,"submitted":133,"completed":133,"bodies":2200,"joints":2100,"physics_ns":2912870775,"draw_ns":0,"render_ns":0,"ui_ns":0,"commit_ns":0,"profile_ns":0,"health_ns":2909282500,"query_wait_ms":0,"query_map_ms":0,"query_encode_ms":0,"query_copied_bytes":0}
phase-progress {"kind":"phase","phase":"pick","frame":134,"submitted":133,"completed":133,"bodies":2200,"joints":2100,"physics_ns":2912870775,"draw_ns":0,"render_ns":0,"ui_ns":0,"commit_ns":0,"profile_ns":8597,"health_ns":2909282500,"query_wait_ms":0,"query_map_ms":0,"query_encode_ms":0,"query_copied_bytes":0}
phase-progress {"kind":"phase","phase":"draw","frame":134,"submitted":133,"completed":133,"bodies":2200,"joints":2100,"physics_ns":2912870775,"draw_ns":0,"render_ns":0,"ui_ns":0,"commit_ns":0,"profile_ns":8597,"health_ns":2909282500,"query_wait_ms":5.90000018e-05,"query_map_ms":0.00323799998,"query_encode_ms":0.0812989995,"query_copied_bytes":64}
phase-progress {"kind":"phase","phase":"render","frame":134,"submitted":134,"completed":134,"bodies":2200,"joints":2100,"physics_ns":2912870775,"draw_ns":357811,"render_ns":0,"ui_ns":0,"commit_ns":0,"profile_ns":8597,"health_ns":2909282500,"query_wait_ms":5.90000018e-05,"query_map_ms":0.00323799998,"query_encode_ms":0.0812989995,"query_copied_bytes":64}
phase-progress {"kind":"phase","phase":"ui","frame":134,"submitted":134,"completed":134,"bodies":2200,"joints":2100,"physics_ns":2912870775,"draw_ns":357811,"render_ns":256768837,"ui_ns":0,"commit_ns":0,"profile_ns":8597,"health_ns":2909282500,"query_wait_ms":5.90000018e-05,"query_map_ms":0.00323799998,"query_encode_ms":0.0812989995,"query_copied_bytes":64}
phase-progress {"kind":"phase","phase":"commit","frame":134,"submitted":134,"completed":134,"bodies":2200,"joints":2100,"physics_ns":2912870775,"draw_ns":357811,"render_ns":256768837,"ui_ns":95732,"commit_ns":0,"profile_ns":8597,"health_ns":2909282500,"query_wait_ms":5.90000018e-05,"query_map_ms":0.00323799998,"query_encode_ms":0.0812989995,"query_copied_bytes":64}
phase-progress {"kind":"phase","phase":"limiter","frame":134,"submitted":134,"completed":134,"bodies":2200,"joints":2100,"physics_ns":2912870775,"draw_ns":357811,"render_ns":256768837,"ui_ns":95732,"commit_ns":16109,"profile_ns":8597,"health_ns":2909282500,"query_wait_ms":5.90000018e-05,"query_map_ms":0.00323799998,"query_encode_ms":0.0812989995,"query_copied_bytes":64}
phase-progress {"kind":"phase","phase":"end","frame":134,"submitted":134,"completed":134,"bodies":2200,"joints":2100,"physics_ns":2912870775,"draw_ns":357811,"render_ns":256768837,"ui_ns":95732,"commit_ns":16109,"profile_ns":8597,"health_ns":2909282500,"query_wait_ms":5.90000018e-05,"query_map_ms":0.00323799998,"query_encode_ms":0.0812989995,"query_copied_bytes":64}
phase-progress {"kind":"frame","phase":"end","frame":134,"submitted":134,"completed":134,"bodies":2200,"joints":2100,"physics_ns":2912870775,"draw_ns":357811,"render_ns":256768837,"ui_ns":95732,"commit_ns":16109,"profile_ns":8597,"health_ns":2909282500,"query_wait_ms":5.90000018e-05,"query_map_ms":0.00323799998,"query_encode_ms":0.0812989995,"query_copied_bytes":64}
phase-progress {"kind":"phase","phase":"setters","frame":135,"submitted":134,"completed":134,"bodies":0,"joints":0,"physics_ns":0,"draw_ns":0,"render_ns":0,"ui_ns":0,"commit_ns":0,"profile_ns":0,"health_ns":0,"query_wait_ms":0,"query_map_ms":0,"query_encode_ms":0,"query_copied_bytes":0}
phase-progress {"kind":"phase","phase":"physics","frame":135,"submitted":134,"completed":134,"bodies":0,"joints":0,"physics_ns":0,"draw_ns":0,"render_ns":0,"ui_ns":0,"commit_ns":0,"profile_ns":0,"health_ns":0,"query_wait_ms":0,"query_map_ms":0,"query_encode_ms":0,"query_copied_bytes":0}
phase-progress {"kind":"health_begin","phase":"health","frame":135,"submitted":134,"completed":134,"bodies":2200,"joints":2100,"physics_ns":0,"draw_ns":0,"render_ns":0,"ui_ns":0,"commit_ns":0,"profile_ns":0,"health_ns":0,"query_wait_ms":0,"query_map_ms":0,"query_encode_ms":0,"query_copied_bytes":0}
phase-progress {"kind":"health_end","phase":"health","frame":135,"submitted":134,"completed":134,"bodies":2200,"joints":2100,"physics_ns":0,"draw_ns":0,"render_ns":0,"ui_ns":0,"commit_ns":0,"profile_ns":0,"health_ns":2779509481,"query_wait_ms":0,"query_map_ms":0,"query_encode_ms":0,"query_copied_bytes":0}
phase-progress {"kind":"phase","phase":"profile","frame":135,"submitted":134,"completed":134,"bodies":2200,"joints":2100,"physics_ns":2781935737,"draw_ns":0,"render_ns":0,"ui_ns":0,"commit_ns":0,"profile_ns":0,"health_ns":2779509481,"query_wait_ms":0,"query_map_ms":0,"query_encode_ms":0,"query_copied_bytes":0}
phase-progress {"kind":"phase","phase":"pick","frame":135,"submitted":134,"completed":134,"bodies":2200,"joints":2100,"physics_ns":2781935737,"draw_ns":0,"render_ns":0,"ui_ns":0,"commit_ns":0,"profile_ns":8746,"health_ns":2779509481,"query_wait_ms":0,"query_map_ms":0,"query_encode_ms":0,"query_copied_bytes":0}
phase-progress {"kind":"phase","phase":"draw","frame":135,"submitted":134,"completed":134,"bodies":2200,"joints":2100,"physics_ns":2781935737,"draw_ns":0,"render_ns":0,"ui_ns":0,"commit_ns":0,"profile_ns":8746,"health_ns":2779509481,"query_wait_ms":5.40000001e-05,"query_map_ms":0.00314199994,"query_encode_ms":0.0768309981,"query_copied_bytes":64}
phase-progress {"kind":"phase","phase":"render","frame":135,"submitted":135,"completed":135,"bodies":2200,"joints":2100,"physics_ns":2781935737,"draw_ns":366867,"render_ns":0,"ui_ns":0,"commit_ns":0,"profile_ns":8746,"health_ns":2779509481,"query_wait_ms":5.40000001e-05,"query_map_ms":0.00314199994,"query_encode_ms":0.0768309981,"query_copied_bytes":64}
phase-progress {"kind":"phase","phase":"ui","frame":135,"submitted":135,"completed":135,"bodies":2200,"joints":2100,"physics_ns":2781935737,"draw_ns":366867,"render_ns":247849430,"ui_ns":0,"commit_ns":0,"profile_ns":8746,"health_ns":2779509481,"query_wait_ms":5.40000001e-05,"query_map_ms":0.00314199994,"query_encode_ms":0.0768309981,"query_copied_bytes":64}
phase-progress {"kind":"phase","phase":"commit","frame":135,"submitted":135,"completed":135,"bodies":2200,"joints":2100,"physics_ns":2781935737,"draw_ns":366867,"render_ns":247849430,"ui_ns":96800,"commit_ns":0,"profile_ns":8746,"health_ns":2779509481,"query_wait_ms":5.40000001e-05,"query_map_ms":0.00314199994,"query_encode_ms":0.0768309981,"query_copied_bytes":64}
phase-progress {"kind":"phase","phase":"limiter","frame":135,"submitted":135,"completed":135,"bodies":2200,"joints":2100,"physics_ns":2781935737,"draw_ns":366867,"render_ns":247849430,"ui_ns":96800,"commit_ns":16752,"profile_ns":8746,"health_ns":2779509481,"query_wait_ms":5.40000001e-05,"query_map_ms":0.00314199994,"query_encode_ms":0.0768309981,"query_copied_bytes":64}
phase-progress {"kind":"phase","phase":"end","frame":135,"submitted":135,"completed":135,"bodies":2200,"joints":2100,"physics_ns":2781935737,"draw_ns":366867,"render_ns":247849430,"ui_ns":96800,"commit_ns":16752,"profile_ns":8746,"health_ns":2779509481,"query_wait_ms":5.40000001e-05,"query_map_ms":0.00314199994,"query_encode_ms":0.0768309981,"query_copied_bytes":64}
phase-progress {"kind":"frame","phase":"end","frame":135,"submitted":135,"completed":135,"bodies":2200,"joints":2100,"physics_ns":2781935737,"draw_ns":366867,"render_ns":247849430,"ui_ns":96800,"commit_ns":16752,"profile_ns":8746,"health_ns":2779509481,"query_wait_ms":5.40000001e-05,"query_map_ms":0.00314199994,"query_encode_ms":0.0768309981,"query_copied_bytes":64}
phase-progress {"kind":"phase","phase":"setters","frame":136,"submitted":135,"completed":135,"bodies":0,"joints":0,"physics_ns":0,"draw_ns":0,"render_ns":0,"ui_ns":0,"commit_ns":0,"profile_ns":0,"health_ns":0,"query_wait_ms":0,"query_map_ms":0,"query_encode_ms":0,"query_copied_bytes":0}
phase-progress {"kind":"phase","phase":"physics","frame":136,"submitted":135,"completed":135,"bodies":0,"joints":0,"physics_ns":0,"draw_ns":0,"render_ns":0,"ui_ns":0,"commit_ns":0,"profile_ns":0,"health_ns":0,"query_wait_ms":0,"query_map_ms":0,"query_encode_ms":0,"query_copied_bytes":0}
phase-progress {"kind":"health_begin","phase":"health","frame":136,"submitted":135,"completed":135,"bodies":2200,"joints":2100,"physics_ns":0,"draw_ns":0,"render_ns":0,"ui_ns":0,"commit_ns":0,"profile_ns":0,"health_ns":0,"query_wait_ms":0,"query_map_ms":0,"query_encode_ms":0,"query_copied_bytes":0}
phase-progress {"kind":"health_end","phase":"health","frame":136,"submitted":135,"completed":135,"bodies":2200,"joints":2100,"physics_ns":0,"draw_ns":0,"render_ns":0,"ui_ns":0,"commit_ns":0,"profile_ns":0,"health_ns":3429119839,"query_wait_ms":0,"query_map_ms":0,"query_encode_ms":0,"query_copied_bytes":0}
phase-progress {"kind":"phase","phase":"profile","frame":136,"submitted":135,"completed":135,"bodies":2200,"joints":2100,"physics_ns":3431571062,"draw_ns":0,"render_ns":0,"ui_ns":0,"commit_ns":0,"profile_ns":0,"health_ns":3429119839,"query_wait_ms":0,"query_map_ms":0,"query_encode_ms":0,"query_copied_bytes":0}
phase-progress {"kind":"phase","phase":"pick","frame":136,"submitted":135,"completed":135,"bodies":2200,"joints":2100,"physics_ns":3431571062,"draw_ns":0,"render_ns":0,"ui_ns":0,"commit_ns":0,"profile_ns":8713,"health_ns":3429119839,"query_wait_ms":0,"query_map_ms":0,"query_encode_ms":0,"query_copied_bytes":0}
phase-progress {"kind":"phase","phase":"draw","frame":136,"submitted":135,"completed":135,"bodies":2200,"joints":2100,"physics_ns":3431571062,"draw_ns":0,"render_ns":0,"ui_ns":0,"commit_ns":0,"profile_ns":8713,"health_ns":3429119839,"query_wait_ms":6.39999998e-05,"query_map_ms":0.00312499981,"query_encode_ms":0.0794509947,"query_copied_bytes":64}
phase-progress {"kind":"phase","phase":"render","frame":136,"submitted":136,"completed":136,"bodies":2200,"joints":2100,"physics_ns":3431571062,"draw_ns":352003,"render_ns":0,"ui_ns":0,"commit_ns":0,"profile_ns":8713,"health_ns":3429119839,"query_wait_ms":6.39999998e-05,"query_map_ms":0.00312499981,"query_encode_ms":0.0794509947,"query_copied_bytes":64}
phase-progress {"kind":"phase","phase":"ui","frame":136,"submitted":136,"completed":136,"bodies":2200,"joints":2100,"physics_ns":3431571062,"draw_ns":352003,"render_ns":240089623,"ui_ns":0,"commit_ns":0,"profile_ns":8713,"health_ns":3429119839,"query_wait_ms":6.39999998e-05,"query_map_ms":0.00312499981,"query_encode_ms":0.0794509947,"query_copied_bytes":64}
phase-progress {"kind":"phase","phase":"commit","frame":136,"submitted":136,"completed":136,"bodies":2200,"joints":2100,"physics_ns":3431571062,"draw_ns":352003,"render_ns":240089623,"ui_ns":92646,"commit_ns":0,"profile_ns":8713,"health_ns":3429119839,"query_wait_ms":6.39999998e-05,"query_map_ms":0.00312499981,"query_encode_ms":0.0794509947,"query_copied_bytes":64}
phase-progress {"kind":"phase","phase":"limiter","frame":136,"submitted":136,"completed":136,"bodies":2200,"joints":2100,"physics_ns":3431571062,"draw_ns":352003,"render_ns":240089623,"ui_ns":92646,"commit_ns":15563,"profile_ns":8713,"health_ns":3429119839,"query_wait_ms":6.39999998e-05,"query_map_ms":0.00312499981,"query_encode_ms":0.0794509947,"query_copied_bytes":64}
phase-progress {"kind":"phase","phase":"end","frame":136,"submitted":136,"completed":136,"bodies":2200,"joints":2100,"physics_ns":3431571062,"draw_ns":352003,"render_ns":240089623,"ui_ns":92646,"commit_ns":15563,"profile_ns":8713,"health_ns":3429119839,"query_wait_ms":6.39999998e-05,"query_map_ms":0.00312499981,"query_encode_ms":0.0794509947,"query_copied_bytes":64}
phase-progress {"kind":"frame","phase":"end","frame":136,"submitted":136,"completed":136,"bodies":2200,"joints":2100,"physics_ns":3431571062,"draw_ns":352003,"render_ns":240089623,"ui_ns":92646,"commit_ns":15563,"profile_ns":8713,"health_ns":3429119839,"query_wait_ms":6.39999998e-05,"query_map_ms":0.00312499981,"query_encode_ms":0.0794509947,"query_copied_bytes":64}
phase-progress {"kind":"phase","phase":"setters","frame":137,"submitted":136,"completed":136,"bodies":0,"joints":0,"physics_ns":0,"draw_ns":0,"render_ns":0,"ui_ns":0,"commit_ns":0,"profile_ns":0,"health_ns":0,"query_wait_ms":0,"query_map_ms":0,"query_encode_ms":0,"query_copied_bytes":0}
phase-progress {"kind":"phase","phase":"physics","frame":137,"submitted":136,"completed":136,"bodies":0,"joints":0,"physics_ns":0,"draw_ns":0,"render_ns":0,"ui_ns":0,"commit_ns":0,"profile_ns":0,"health_ns":0,"query_wait_ms":0,"query_map_ms":0,"query_encode_ms":0,"query_copied_bytes":0}
phase-progress {"kind":"health_begin","phase":"health","frame":137,"submitted":136,"completed":136,"bodies":2200,"joints":2100,"physics_ns":0,"draw_ns":0,"render_ns":0,"ui_ns":0,"commit_ns":0,"profile_ns":0,"health_ns":0,"query_wait_ms":0,"query_map_ms":0,"query_encode_ms":0,"query_copied_bytes":0}
phase-progress {"kind":"health_end","phase":"health","frame":137,"submitted":136,"completed":136,"bodies":2200,"joints":2100,"physics_ns":0,"draw_ns":0,"render_ns":0,"ui_ns":0,"commit_ns":0,"profile_ns":0,"health_ns":3117938173,"query_wait_ms":0,"query_map_ms":0,"query_encode_ms":0,"query_copied_bytes":0}
phase-progress {"kind":"phase","phase":"profile","frame":137,"submitted":136,"completed":136,"bodies":2200,"joints":2100,"physics_ns":3120340141,"draw_ns":0,"render_ns":0,"ui_ns":0,"commit_ns":0,"profile_ns":0,"health_ns":3117938173,"query_wait_ms":0,"query_map_ms":0,"query_encode_ms":0,"query_copied_bytes":0}
phase-progress {"kind":"phase","phase":"pick","frame":137,"submitted":136,"completed":136,"bodies":2200,"joints":2100,"physics_ns":3120340141,"draw_ns":0,"render_ns":0,"ui_ns":0,"commit_ns":0,"profile_ns":23491,"health_ns":3117938173,"query_wait_ms":0,"query_map_ms":0,"query_encode_ms":0,"query_copied_bytes":0}
phase-progress {"kind":"phase","phase":"draw","frame":137,"submitted":136,"completed":136,"bodies":2200,"joints":2100,"physics_ns":3120340141,"draw_ns":0,"render_ns":0,"ui_ns":0,"commit_ns":0,"profile_ns":23491,"health_ns":3117938173,"query_wait_ms":0.000108,"query_map_ms":0.00348700001,"query_encode_ms":0.0803909972,"query_copied_bytes":64}
phase-progress {"kind":"phase","phase":"render","frame":137,"submitted":137,"completed":137,"bodies":2200,"joints":2100,"physics_ns":3120340141,"draw_ns":354482,"render_ns":0,"ui_ns":0,"commit_ns":0,"profile_ns":23491,"health_ns":3117938173,"query_wait_ms":0.000108,"query_map_ms":0.00348700001,"query_encode_ms":0.0803909972,"query_copied_bytes":64}
phase-progress {"kind":"phase","phase":"ui","frame":137,"submitted":137,"completed":137,"bodies":2200,"joints":2100,"physics_ns":3120340141,"draw_ns":354482,"render_ns":257170798,"ui_ns":0,"commit_ns":0,"profile_ns":23491,"health_ns":3117938173,"query_wait_ms":0.000108,"query_map_ms":0.00348700001,"query_encode_ms":0.0803909972,"query_copied_bytes":64}
phase-progress {"kind":"phase","phase":"commit","frame":137,"submitted":137,"completed":137,"bodies":2200,"joints":2100,"physics_ns":3120340141,"draw_ns":354482,"render_ns":257170798,"ui_ns":98385,"commit_ns":0,"profile_ns":23491,"health_ns":3117938173,"query_wait_ms":0.000108,"query_map_ms":0.00348700001,"query_encode_ms":0.0803909972,"query_copied_bytes":64}
phase-progress {"kind":"phase","phase":"limiter","frame":137,"submitted":137,"completed":137,"bodies":2200,"joints":2100,"physics_ns":3120340141,"draw_ns":354482,"render_ns":257170798,"ui_ns":98385,"commit_ns":16347,"profile_ns":23491,"health_ns":3117938173,"query_wait_ms":0.000108,"query_map_ms":0.00348700001,"query_encode_ms":0.0803909972,"query_copied_bytes":64}
phase-progress {"kind":"phase","phase":"end","frame":137,"submitted":137,"completed":137,"bodies":2200,"joints":2100,"physics_ns":3120340141,"draw_ns":354482,"render_ns":257170798,"ui_ns":98385,"commit_ns":16347,"profile_ns":23491,"health_ns":3117938173,"query_wait_ms":0.000108,"query_map_ms":0.00348700001,"query_encode_ms":0.0803909972,"query_copied_bytes":64}
phase-progress {"kind":"frame","phase":"end","frame":137,"submitted":137,"completed":137,"bodies":2200,"joints":2100,"physics_ns":3120340141,"draw_ns":354482,"render_ns":257170798,"ui_ns":98385,"commit_ns":16347,"profile_ns":23491,"health_ns":3117938173,"query_wait_ms":0.000108,"query_map_ms":0.00348700001,"query_encode_ms":0.0803909972,"query_copied_bytes":64}
phase-progress {"kind":"phase","phase":"setters","frame":138,"submitted":137,"completed":137,"bodies":0,"joints":0,"physics_ns":0,"draw_ns":0,"render_ns":0,"ui_ns":0,"commit_ns":0,"profile_ns":0,"health_ns":0,"query_wait_ms":0,"query_map_ms":0,"query_encode_ms":0,"query_copied_bytes":0}
phase-progress {"kind":"phase","phase":"physics","frame":138,"submitted":137,"completed":137,"bodies":0,"joints":0,"physics_ns":0,"draw_ns":0,"render_ns":0,"ui_ns":0,"commit_ns":0,"profile_ns":0,"health_ns":0,"query_wait_ms":0,"query_map_ms":0,"query_encode_ms":0,"query_copied_bytes":0}
phase-progress {"kind":"health_begin","phase":"health","frame":138,"submitted":137,"completed":137,"bodies":2200,"joints":2100,"physics_ns":0,"draw_ns":0,"render_ns":0,"ui_ns":0,"commit_ns":0,"profile_ns":0,"health_ns":0,"query_wait_ms":0,"query_map_ms":0,"query_encode_ms":0,"query_copied_bytes":0}
phase-progress {"kind":"health_end","phase":"health","frame":138,"submitted":137,"completed":137,"bodies":2200,"joints":2100,"physics_ns":0,"draw_ns":0,"render_ns":0,"ui_ns":0,"commit_ns":0,"profile_ns":0,"health_ns":3045554251,"query_wait_ms":0,"query_map_ms":0,"query_encode_ms":0,"query_copied_bytes":0}
phase-progress {"kind":"phase","phase":"profile","frame":138,"submitted":137,"completed":137,"bodies":2200,"joints":2100,"physics_ns":3048120664,"draw_ns":0,"render_ns":0,"ui_ns":0,"commit_ns":0,"profile_ns":0,"health_ns":3045554251,"query_wait_ms":0,"query_map_ms":0,"query_encode_ms":0,"query_copied_bytes":0}
phase-progress {"kind":"phase","phase":"pick","frame":138,"submitted":137,"completed":137,"bodies":2200,"joints":2100,"physics_ns":3048120664,"draw_ns":0,"render_ns":0,"ui_ns":0,"commit_ns":0,"profile_ns":8619,"health_ns":3045554251,"query_wait_ms":0,"query_map_ms":0,"query_encode_ms":0,"query_copied_bytes":0}
phase-progress {"kind":"phase","phase":"draw","frame":138,"submitted":137,"completed":137,"bodies":2200,"joints":2100,"physics_ns":3048120664,"draw_ns":0,"render_ns":0,"ui_ns":0,"commit_ns":0,"profile_ns":8619,"health_ns":3045554251,"query_wait_ms":5.99999985e-05,"query_map_ms":0.00316100009,"query_encode_ms":0.0809350014,"query_copied_bytes":64}
phase-progress {"kind":"phase","phase":"render","frame":138,"submitted":138,"completed":138,"bodies":2200,"joints":2100,"physics_ns":3048120664,"draw_ns":337620,"render_ns":0,"ui_ns":0,"commit_ns":0,"profile_ns":8619,"health_ns":3045554251,"query_wait_ms":5.99999985e-05,"query_map_ms":0.00316100009,"query_encode_ms":0.0809350014,"query_copied_bytes":64}
phase-progress {"kind":"phase","phase":"ui","frame":138,"submitted":138,"completed":138,"bodies":2200,"joints":2100,"physics_ns":3048120664,"draw_ns":337620,"render_ns":238494700,"ui_ns":0,"commit_ns":0,"profile_ns":8619,"health_ns":3045554251,"query_wait_ms":5.99999985e-05,"query_map_ms":0.00316100009,"query_encode_ms":0.0809350014,"query_copied_bytes":64}
phase-progress {"kind":"phase","phase":"commit","frame":138,"submitted":138,"completed":138,"bodies":2200,"joints":2100,"physics_ns":3048120664,"draw_ns":337620,"render_ns":238494700,"ui_ns":89321,"commit_ns":0,"profile_ns":8619,"health_ns":3045554251,"query_wait_ms":5.99999985e-05,"query_map_ms":0.00316100009,"query_encode_ms":0.0809350014,"query_copied_bytes":64}
phase-progress {"kind":"phase","phase":"limiter","frame":138,"submitted":138,"completed":138,"bodies":2200,"joints":2100,"physics_ns":3048120664,"draw_ns":337620,"render_ns":238494700,"ui_ns":89321,"commit_ns":15580,"profile_ns":8619,"health_ns":3045554251,"query_wait_ms":5.99999985e-05,"query_map_ms":0.00316100009,"query_encode_ms":0.0809350014,"query_copied_bytes":64}
phase-progress {"kind":"phase","phase":"end","frame":138,"submitted":138,"completed":138,"bodies":2200,"joints":2100,"physics_ns":3048120664,"draw_ns":337620,"render_ns":238494700,"ui_ns":89321,"commit_ns":15580,"profile_ns":8619,"health_ns":3045554251,"query_wait_ms":5.99999985e-05,"query_map_ms":0.00316100009,"query_encode_ms":0.0809350014,"query_copied_bytes":64}
phase-progress {"kind":"frame","phase":"end","frame":138,"submitted":138,"completed":138,"bodies":2200,"joints":2100,"physics_ns":3048120664,"draw_ns":337620,"render_ns":238494700,"ui_ns":89321,"commit_ns":15580,"profile_ns":8619,"health_ns":3045554251,"query_wait_ms":5.99999985e-05,"query_map_ms":0.00316100009,"query_encode_ms":0.0809350014,"query_copied_bytes":64}
phase-progress {"kind":"phase","phase":"setters","frame":139,"submitted":138,"completed":138,"bodies":0,"joints":0,"physics_ns":0,"draw_ns":0,"render_ns":0,"ui_ns":0,"commit_ns":0,"profile_ns":0,"health_ns":0,"query_wait_ms":0,"query_map_ms":0,"query_encode_ms":0,"query_copied_bytes":0}
phase-progress {"kind":"phase","phase":"physics","frame":139,"submitted":138,"completed":138,"bodies":0,"joints":0,"physics_ns":0,"draw_ns":0,"render_ns":0,"ui_ns":0,"commit_ns":0,"profile_ns":0,"health_ns":0,"query_wait_ms":0,"query_map_ms":0,"query_encode_ms":0,"query_copied_bytes":0}
phase-progress {"kind":"health_begin","phase":"health","frame":139,"submitted":138,"completed":138,"bodies":2200,"joints":2100,"physics_ns":0,"draw_ns":0,"render_ns":0,"ui_ns":0,"commit_ns":0,"profile_ns":0,"health_ns":0,"query_wait_ms":0,"query_map_ms":0,"query_encode_ms":0,"query_copied_bytes":0}
phase-progress {"kind":"health_end","phase":"health","frame":139,"submitted":138,"completed":138,"bodies":2200,"joints":2100,"physics_ns":0,"draw_ns":0,"render_ns":0,"ui_ns":0,"commit_ns":0,"profile_ns":0,"health_ns":3327315999,"query_wait_ms":0,"query_map_ms":0,"query_encode_ms":0,"query_copied_bytes":0}
phase-progress {"kind":"phase","phase":"profile","frame":139,"submitted":138,"completed":138,"bodies":2200,"joints":2100,"physics_ns":3329754114,"draw_ns":0,"render_ns":0,"ui_ns":0,"commit_ns":0,"profile_ns":0,"health_ns":3327315999,"query_wait_ms":0,"query_map_ms":0,"query_encode_ms":0,"query_copied_bytes":0}
phase-progress {"kind":"phase","phase":"pick","frame":139,"submitted":138,"completed":138,"bodies":2200,"joints":2100,"physics_ns":3329754114,"draw_ns":0,"render_ns":0,"ui_ns":0,"commit_ns":0,"profile_ns":8051,"health_ns":3327315999,"query_wait_ms":0,"query_map_ms":0,"query_encode_ms":0,"query_copied_bytes":0}
phase-progress {"kind":"phase","phase":"draw","frame":139,"submitted":138,"completed":138,"bodies":2200,"joints":2100,"physics_ns":3329754114,"draw_ns":0,"render_ns":0,"ui_ns":0,"commit_ns":0,"profile_ns":8051,"health_ns":3327315999,"query_wait_ms":7.19999953e-05,"query_map_ms":0.00327300001,"query_encode_ms":0.0836429968,"query_copied_bytes":64}
phase-progress {"kind":"phase","phase":"render","frame":139,"submitted":139,"completed":139,"bodies":2200,"joints":2100,"physics_ns":3329754114,"draw_ns":347879,"render_ns":0,"ui_ns":0,"commit_ns":0,"profile_ns":8051,"health_ns":3327315999,"query_wait_ms":7.19999953e-05,"query_map_ms":0.00327300001,"query_encode_ms":0.0836429968,"query_copied_bytes":64}
phase-progress {"kind":"phase","phase":"ui","frame":139,"submitted":139,"completed":139,"bodies":2200,"joints":2100,"physics_ns":3329754114,"draw_ns":347879,"render_ns":253316862,"ui_ns":0,"commit_ns":0,"profile_ns":8051,"health_ns":3327315999,"query_wait_ms":7.19999953e-05,"query_map_ms":0.00327300001,"query_encode_ms":0.0836429968,"query_copied_bytes":64}
phase-progress {"kind":"phase","phase":"commit","frame":139,"submitted":139,"completed":139,"bodies":2200,"joints":2100,"physics_ns":3329754114,"draw_ns":347879,"render_ns":253316862,"ui_ns":99655,"commit_ns":0,"profile_ns":8051,"health_ns":3327315999,"query_wait_ms":7.19999953e-05,"query_map_ms":0.00327300001,"query_encode_ms":0.0836429968,"query_copied_bytes":64}
phase-progress {"kind":"phase","phase":"limiter","frame":139,"submitted":139,"completed":139,"bodies":2200,"joints":2100,"physics_ns":3329754114,"draw_ns":347879,"render_ns":253316862,"ui_ns":99655,"commit_ns":16245,"profile_ns":8051,"health_ns":3327315999,"query_wait_ms":7.19999953e-05,"query_map_ms":0.00327300001,"query_encode_ms":0.0836429968,"query_copied_bytes":64}
phase-progress {"kind":"phase","phase":"end","frame":139,"submitted":139,"completed":139,"bodies":2200,"joints":2100,"physics_ns":3329754114,"draw_ns":347879,"render_ns":253316862,"ui_ns":99655,"commit_ns":16245,"profile_ns":8051,"health_ns":3327315999,"query_wait_ms":7.19999953e-05,"query_map_ms":0.00327300001,"query_encode_ms":0.0836429968,"query_copied_bytes":64}
phase-progress {"kind":"frame","phase":"end","frame":139,"submitted":139,"completed":139,"bodies":2200,"joints":2100,"physics_ns":3329754114,"draw_ns":347879,"render_ns":253316862,"ui_ns":99655,"commit_ns":16245,"profile_ns":8051,"health_ns":3327315999,"query_wait_ms":7.19999953e-05,"query_map_ms":0.00327300001,"query_encode_ms":0.0836429968,"query_copied_bytes":64}
phase-progress {"kind":"phase","phase":"setters","frame":140,"submitted":139,"completed":139,"bodies":0,"joints":0,"physics_ns":0,"draw_ns":0,"render_ns":0,"ui_ns":0,"commit_ns":0,"profile_ns":0,"health_ns":0,"query_wait_ms":0,"query_map_ms":0,"query_encode_ms":0,"query_copied_bytes":0}
phase-progress {"kind":"phase","phase":"physics","frame":140,"submitted":139,"completed":139,"bodies":0,"joints":0,"physics_ns":0,"draw_ns":0,"render_ns":0,"ui_ns":0,"commit_ns":0,"profile_ns":0,"health_ns":0,"query_wait_ms":0,"query_map_ms":0,"query_encode_ms":0,"query_copied_bytes":0}
phase-progress {"kind":"health_begin","phase":"health","frame":140,"submitted":139,"completed":139,"bodies":2200,"joints":2100,"physics_ns":0,"draw_ns":0,"render_ns":0,"ui_ns":0,"commit_ns":0,"profile_ns":0,"health_ns":0,"query_wait_ms":0,"query_map_ms":0,"query_encode_ms":0,"query_copied_bytes":0}
phase-progress {"kind":"health_end","phase":"health","frame":140,"submitted":139,"completed":139,"bodies":2200,"joints":2100,"physics_ns":0,"draw_ns":0,"render_ns":0,"ui_ns":0,"commit_ns":0,"profile_ns":0,"health_ns":3045186924,"query_wait_ms":0,"query_map_ms":0,"query_encode_ms":0,"query_copied_bytes":0}
phase-progress {"kind":"phase","phase":"profile","frame":140,"submitted":139,"completed":139,"bodies":2200,"joints":2100,"physics_ns":3047586790,"draw_ns":0,"render_ns":0,"ui_ns":0,"commit_ns":0,"profile_ns":0,"health_ns":3045186924,"query_wait_ms":0,"query_map_ms":0,"query_encode_ms":0,"query_copied_bytes":0}
phase-progress {"kind":"phase","phase":"pick","frame":140,"submitted":139,"completed":139,"bodies":2200,"joints":2100,"physics_ns":3047586790,"draw_ns":0,"render_ns":0,"ui_ns":0,"commit_ns":0,"profile_ns":9293,"health_ns":3045186924,"query_wait_ms":0,"query_map_ms":0,"query_encode_ms":0,"query_copied_bytes":0}
phase-progress {"kind":"phase","phase":"draw","frame":140,"submitted":139,"completed":139,"bodies":2200,"joints":2100,"physics_ns":3047586790,"draw_ns":0,"render_ns":0,"ui_ns":0,"commit_ns":0,"profile_ns":9293,"health_ns":3045186924,"query_wait_ms":0.000125999999,"query_map_ms":0.00401100004,"query_encode_ms":0.0975880027,"query_copied_bytes":64}
phase-progress {"kind":"phase","phase":"render","frame":140,"submitted":140,"completed":140,"bodies":2200,"joints":2100,"physics_ns":3047586790,"draw_ns":383566,"render_ns":0,"ui_ns":0,"commit_ns":0,"profile_ns":9293,"health_ns":3045186924,"query_wait_ms":0.000125999999,"query_map_ms":0.00401100004,"query_encode_ms":0.0975880027,"query_copied_bytes":64}
phase-progress {"kind":"phase","phase":"ui","frame":140,"submitted":140,"completed":140,"bodies":2200,"joints":2100,"physics_ns":3047586790,"draw_ns":383566,"render_ns":284274137,"ui_ns":0,"commit_ns":0,"profile_ns":9293,"health_ns":3045186924,"query_wait_ms":0.000125999999,"query_map_ms":0.00401100004,"query_encode_ms":0.0975880027,"query_copied_bytes":64}
phase-progress {"kind":"phase","phase":"commit","frame":140,"submitted":140,"completed":140,"bodies":2200,"joints":2100,"physics_ns":3047586790,"draw_ns":383566,"render_ns":284274137,"ui_ns":92124,"commit_ns":0,"profile_ns":9293,"health_ns":3045186924,"query_wait_ms":0.000125999999,"query_map_ms":0.00401100004,"query_encode_ms":0.0975880027,"query_copied_bytes":64}
phase-progress {"kind":"phase","phase":"limiter","frame":140,"submitted":140,"completed":140,"bodies":2200,"joints":2100,"physics_ns":3047586790,"draw_ns":383566,"render_ns":284274137,"ui_ns":92124,"commit_ns":15902,"profile_ns":9293,"health_ns":3045186924,"query_wait_ms":0.000125999999,"query_map_ms":0.00401100004,"query_encode_ms":0.0975880027,"query_copied_bytes":64}
phase-progress {"kind":"phase","phase":"end","frame":140,"submitted":140,"completed":140,"bodies":2200,"joints":2100,"physics_ns":3047586790,"draw_ns":383566,"render_ns":284274137,"ui_ns":92124,"commit_ns":15902,"profile_ns":9293,"health_ns":3045186924,"query_wait_ms":0.000125999999,"query_map_ms":0.00401100004,"query_encode_ms":0.0975880027,"query_copied_bytes":64}
phase-progress {"kind":"frame","phase":"end","frame":140,"submitted":140,"completed":140,"bodies":2200,"joints":2100,"physics_ns":3047586790,"draw_ns":383566,"render_ns":284274137,"ui_ns":92124,"commit_ns":15902,"profile_ns":9293,"health_ns":3045186924,"query_wait_ms":0.000125999999,"query_map_ms":0.00401100004,"query_encode_ms":0.0975880027,"query_copied_bytes":64}
phase-progress {"kind":"phase","phase":"setters","frame":141,"submitted":140,"completed":140,"bodies":0,"joints":0,"physics_ns":0,"draw_ns":0,"render_ns":0,"ui_ns":0,"commit_ns":0,"profile_ns":0,"health_ns":0,"query_wait_ms":0,"query_map_ms":0,"query_encode_ms":0,"query_copied_bytes":0}
phase-progress {"kind":"phase","phase":"physics","frame":141,"submitted":140,"completed":140,"bodies":0,"joints":0,"physics_ns":0,"draw_ns":0,"render_ns":0,"ui_ns":0,"commit_ns":0,"profile_ns":0,"health_ns":0,"query_wait_ms":0,"query_map_ms":0,"query_encode_ms":0,"query_copied_bytes":0}
phase-progress {"kind":"health_begin","phase":"health","frame":141,"submitted":140,"completed":140,"bodies":2200,"joints":2100,"physics_ns":0,"draw_ns":0,"render_ns":0,"ui_ns":0,"commit_ns":0,"profile_ns":0,"health_ns":0,"query_wait_ms":0,"query_map_ms":0,"query_encode_ms":0,"query_copied_bytes":0}
phase-progress {"kind":"health_end","phase":"health","frame":141,"submitted":140,"completed":140,"bodies":2200,"joints":2100,"physics_ns":0,"draw_ns":0,"render_ns":0,"ui_ns":0,"commit_ns":0,"profile_ns":0,"health_ns":3640207657,"query_wait_ms":0,"query_map_ms":0,"query_encode_ms":0,"query_copied_bytes":0}
phase-progress {"kind":"phase","phase":"profile","frame":141,"submitted":140,"completed":140,"bodies":2200,"joints":2100,"physics_ns":3642629891,"draw_ns":0,"render_ns":0,"ui_ns":0,"commit_ns":0,"profile_ns":0,"health_ns":3640207657,"query_wait_ms":0,"query_map_ms":0,"query_encode_ms":0,"query_copied_bytes":0}
phase-progress {"kind":"phase","phase":"pick","frame":141,"submitted":140,"completed":140,"bodies":2200,"joints":2100,"physics_ns":3642629891,"draw_ns":0,"render_ns":0,"ui_ns":0,"commit_ns":0,"profile_ns":8664,"health_ns":3640207657,"query_wait_ms":0,"query_map_ms":0,"query_encode_ms":0,"query_copied_bytes":0}
phase-progress {"kind":"phase","phase":"draw","frame":141,"submitted":140,"completed":140,"bodies":2200,"joints":2100,"physics_ns":3642629891,"draw_ns":0,"render_ns":0,"ui_ns":0,"commit_ns":0,"profile_ns":8664,"health_ns":3640207657,"query_wait_ms":5.99999985e-05,"query_map_ms":0.00332400016,"query_encode_ms":0.0918499976,"query_copied_bytes":64}
phase-progress {"kind":"phase","phase":"render","frame":141,"submitted":141,"completed":141,"bodies":2200,"joints":2100,"physics_ns":3642629891,"draw_ns":354037,"render_ns":0,"ui_ns":0,"commit_ns":0,"profile_ns":8664,"health_ns":3640207657,"query_wait_ms":5.99999985e-05,"query_map_ms":0.00332400016,"query_encode_ms":0.0918499976,"query_copied_bytes":64}
phase-progress {"kind":"phase","phase":"ui","frame":141,"submitted":141,"completed":141,"bodies":2200,"joints":2100,"physics_ns":3642629891,"draw_ns":354037,"render_ns":241824736,"ui_ns":0,"commit_ns":0,"profile_ns":8664,"health_ns":3640207657,"query_wait_ms":5.99999985e-05,"query_map_ms":0.00332400016,"query_encode_ms":0.0918499976,"query_copied_bytes":64}
phase-progress {"kind":"phase","phase":"commit","frame":141,"submitted":141,"completed":141,"bodies":2200,"joints":2100,"physics_ns":3642629891,"draw_ns":354037,"render_ns":241824736,"ui_ns":94282,"commit_ns":0,"profile_ns":8664,"health_ns":3640207657,"query_wait_ms":5.99999985e-05,"query_map_ms":0.00332400016,"query_encode_ms":0.0918499976,"query_copied_bytes":64}
phase-progress {"kind":"phase","phase":"limiter","frame":141,"submitted":141,"completed":141,"bodies":2200,"joints":2100,"physics_ns":3642629891,"draw_ns":354037,"render_ns":241824736,"ui_ns":94282,"commit_ns":15626,"profile_ns":8664,"health_ns":3640207657,"query_wait_ms":5.99999985e-05,"query_map_ms":0.00332400016,"query_encode_ms":0.0918499976,"query_copied_bytes":64}
phase-progress {"kind":"phase","phase":"end","frame":141,"submitted":141,"completed":141,"bodies":2200,"joints":2100,"physics_ns":3642629891,"draw_ns":354037,"render_ns":241824736,"ui_ns":94282,"commit_ns":15626,"profile_ns":8664,"health_ns":3640207657,"query_wait_ms":5.99999985e-05,"query_map_ms":0.00332400016,"query_encode_ms":0.0918499976,"query_copied_bytes":64}
phase-progress {"kind":"frame","phase":"end","frame":141,"submitted":141,"completed":141,"bodies":2200,"joints":2100,"physics_ns":3642629891,"draw_ns":354037,"render_ns":241824736,"ui_ns":94282,"commit_ns":15626,"profile_ns":8664,"health_ns":3640207657,"query_wait_ms":5.99999985e-05,"query_map_ms":0.00332400016,"query_encode_ms":0.0918499976,"query_copied_bytes":64}
phase-progress {"kind":"phase","phase":"setters","frame":142,"submitted":141,"completed":141,"bodies":0,"joints":0,"physics_ns":0,"draw_ns":0,"render_ns":0,"ui_ns":0,"commit_ns":0,"profile_ns":0,"health_ns":0,"query_wait_ms":0,"query_map_ms":0,"query_encode_ms":0,"query_copied_bytes":0}
phase-progress {"kind":"phase","phase":"physics","frame":142,"submitted":141,"completed":141,"bodies":0,"joints":0,"physics_ns":0,"draw_ns":0,"render_ns":0,"ui_ns":0,"commit_ns":0,"profile_ns":0,"health_ns":0,"query_wait_ms":0,"query_map_ms":0,"query_encode_ms":0,"query_copied_bytes":0}
phase-progress {"kind":"health_begin","phase":"health","frame":142,"submitted":141,"completed":141,"bodies":2200,"joints":2100,"physics_ns":0,"draw_ns":0,"render_ns":0,"ui_ns":0,"commit_ns":0,"profile_ns":0,"health_ns":0,"query_wait_ms":0,"query_map_ms":0,"query_encode_ms":0,"query_copied_bytes":0}
phase-progress {"kind":"health_end","phase":"health","frame":142,"submitted":141,"completed":141,"bodies":2200,"joints":2100,"physics_ns":0,"draw_ns":0,"render_ns":0,"ui_ns":0,"commit_ns":0,"profile_ns":0,"health_ns":3358004537,"query_wait_ms":0,"query_map_ms":0,"query_encode_ms":0,"query_copied_bytes":0}
phase-progress {"kind":"phase","phase":"profile","frame":142,"submitted":141,"completed":141,"bodies":2200,"joints":2100,"physics_ns":3360394145,"draw_ns":0,"render_ns":0,"ui_ns":0,"commit_ns":0,"profile_ns":0,"health_ns":3358004537,"query_wait_ms":0,"query_map_ms":0,"query_encode_ms":0,"query_copied_bytes":0}
phase-progress {"kind":"phase","phase":"pick","frame":142,"submitted":141,"completed":141,"bodies":2200,"joints":2100,"physics_ns":3360394145,"draw_ns":0,"render_ns":0,"ui_ns":0,"commit_ns":0,"profile_ns":8807,"health_ns":3358004537,"query_wait_ms":0,"query_map_ms":0,"query_encode_ms":0,"query_copied_bytes":0}
phase-progress {"kind":"phase","phase":"draw","frame":142,"submitted":141,"completed":141,"bodies":2200,"joints":2100,"physics_ns":3360394145,"draw_ns":0,"render_ns":0,"ui_ns":0,"commit_ns":0,"profile_ns":8807,"health_ns":3358004537,"query_wait_ms":7.00000019e-05,"query_map_ms":0.00363699999,"query_encode_ms":0.0828580037,"query_copied_bytes":64}
phase-progress {"kind":"phase","phase":"render","frame":142,"submitted":142,"completed":142,"bodies":2200,"joints":2100,"physics_ns":3360394145,"draw_ns":363866,"render_ns":0,"ui_ns":0,"commit_ns":0,"profile_ns":8807,"health_ns":3358004537,"query_wait_ms":7.00000019e-05,"query_map_ms":0.00363699999,"query_encode_ms":0.0828580037,"query_copied_bytes":64}
phase-progress {"kind":"phase","phase":"ui","frame":142,"submitted":142,"completed":142,"bodies":2200,"joints":2100,"physics_ns":3360394145,"draw_ns":363866,"render_ns":260766428,"ui_ns":0,"commit_ns":0,"profile_ns":8807,"health_ns":3358004537,"query_wait_ms":7.00000019e-05,"query_map_ms":0.00363699999,"query_encode_ms":0.0828580037,"query_copied_bytes":64}
phase-progress {"kind":"phase","phase":"commit","frame":142,"submitted":142,"completed":142,"bodies":2200,"joints":2100,"physics_ns":3360394145,"draw_ns":363866,"render_ns":260766428,"ui_ns":89591,"commit_ns":0,"profile_ns":8807,"health_ns":3358004537,"query_wait_ms":7.00000019e-05,"query_map_ms":0.00363699999,"query_encode_ms":0.0828580037,"query_copied_bytes":64}
phase-progress {"kind":"phase","phase":"limiter","frame":142,"submitted":142,"completed":142,"bodies":2200,"joints":2100,"physics_ns":3360394145,"draw_ns":363866,"render_ns":260766428,"ui_ns":89591,"commit_ns":15906,"profile_ns":8807,"health_ns":3358004537,"query_wait_ms":7.00000019e-05,"query_map_ms":0.00363699999,"query_encode_ms":0.0828580037,"query_copied_bytes":64}
phase-progress {"kind":"phase","phase":"end","frame":142,"submitted":142,"completed":142,"bodies":2200,"joints":2100,"physics_ns":3360394145,"draw_ns":363866,"render_ns":260766428,"ui_ns":89591,"commit_ns":15906,"profile_ns":8807,"health_ns":3358004537,"query_wait_ms":7.00000019e-05,"query_map_ms":0.00363699999,"query_encode_ms":0.0828580037,"query_copied_bytes":64}
phase-progress {"kind":"frame","phase":"end","frame":142,"submitted":142,"completed":142,"bodies":2200,"joints":2100,"physics_ns":3360394145,"draw_ns":363866,"render_ns":260766428,"ui_ns":89591,"commit_ns":15906,"profile_ns":8807,"health_ns":3358004537,"query_wait_ms":7.00000019e-05,"query_map_ms":0.00363699999,"query_encode_ms":0.0828580037,"query_copied_bytes":64}
phase-progress {"kind":"phase","phase":"setters","frame":143,"submitted":142,"completed":142,"bodies":0,"joints":0,"physics_ns":0,"draw_ns":0,"render_ns":0,"ui_ns":0,"commit_ns":0,"profile_ns":0,"health_ns":0,"query_wait_ms":0,"query_map_ms":0,"query_encode_ms":0,"query_copied_bytes":0}
phase-progress {"kind":"phase","phase":"physics","frame":143,"submitted":142,"completed":142,"bodies":0,"joints":0,"physics_ns":0,"draw_ns":0,"render_ns":0,"ui_ns":0,"commit_ns":0,"profile_ns":0,"health_ns":0,"query_wait_ms":0,"query_map_ms":0,"query_encode_ms":0,"query_copied_bytes":0}
phase-progress {"kind":"health_begin","phase":"health","frame":143,"submitted":142,"completed":142,"bodies":2200,"joints":2100,"physics_ns":0,"draw_ns":0,"render_ns":0,"ui_ns":0,"commit_ns":0,"profile_ns":0,"health_ns":0,"query_wait_ms":0,"query_map_ms":0,"query_encode_ms":0,"query_copied_bytes":0}
phase-progress {"kind":"health_end","phase":"health","frame":143,"submitted":142,"completed":142,"bodies":2200,"joints":2100,"physics_ns":0,"draw_ns":0,"render_ns":0,"ui_ns":0,"commit_ns":0,"profile_ns":0,"health_ns":3043295874,"query_wait_ms":0,"query_map_ms":0,"query_encode_ms":0,"query_copied_bytes":0}
phase-progress {"kind":"phase","phase":"profile","frame":143,"submitted":142,"completed":142,"bodies":2200,"joints":2100,"physics_ns":3045754994,"draw_ns":0,"render_ns":0,"ui_ns":0,"commit_ns":0,"profile_ns":0,"health_ns":3043295874,"query_wait_ms":0,"query_map_ms":0,"query_encode_ms":0,"query_copied_bytes":0}
phase-progress {"kind":"phase","phase":"pick","frame":143,"submitted":142,"completed":142,"bodies":2200,"joints":2100,"physics_ns":3045754994,"draw_ns":0,"render_ns":0,"ui_ns":0,"commit_ns":0,"profile_ns":8504,"health_ns":3043295874,"query_wait_ms":0,"query_map_ms":0,"query_encode_ms":0,"query_copied_bytes":0}
phase-progress {"kind":"phase","phase":"draw","frame":143,"submitted":142,"completed":142,"bodies":2200,"joints":2100,"physics_ns":3045754994,"draw_ns":0,"render_ns":0,"ui_ns":0,"commit_ns":0,"profile_ns":8504,"health_ns":3043295874,"query_wait_ms":5.90000018e-05,"query_map_ms":0.00320899999,"query_encode_ms":0.082220003,"query_copied_bytes":64}
phase-progress {"kind":"phase","phase":"render","frame":143,"submitted":143,"completed":143,"bodies":2200,"joints":2100,"physics_ns":3045754994,"draw_ns":353612,"render_ns":0,"ui_ns":0,"commit_ns":0,"profile_ns":8504,"health_ns":3043295874,"query_wait_ms":5.90000018e-05,"query_map_ms":0.00320899999,"query_encode_ms":0.082220003,"query_copied_bytes":64}
phase-progress {"kind":"phase","phase":"ui","frame":143,"submitted":143,"completed":143,"bodies":2200,"joints":2100,"physics_ns":3045754994,"draw_ns":353612,"render_ns":264570312,"ui_ns":0,"commit_ns":0,"profile_ns":8504,"health_ns":3043295874,"query_wait_ms":5.90000018e-05,"query_map_ms":0.00320899999,"query_encode_ms":0.082220003,"query_copied_bytes":64}
phase-progress {"kind":"phase","phase":"commit","frame":143,"submitted":143,"completed":143,"bodies":2200,"joints":2100,"physics_ns":3045754994,"draw_ns":353612,"render_ns":264570312,"ui_ns":91806,"commit_ns":0,"profile_ns":8504,"health_ns":3043295874,"query_wait_ms":5.90000018e-05,"query_map_ms":0.00320899999,"query_encode_ms":0.082220003,"query_copied_bytes":64}
phase-progress {"kind":"phase","phase":"limiter","frame":143,"submitted":143,"completed":143,"bodies":2200,"joints":2100,"physics_ns":3045754994,"draw_ns":353612,"render_ns":264570312,"ui_ns":91806,"commit_ns":15556,"profile_ns":8504,"health_ns":3043295874,"query_wait_ms":5.90000018e-05,"query_map_ms":0.00320899999,"query_encode_ms":0.082220003,"query_copied_bytes":64}
phase-progress {"kind":"phase","phase":"end","frame":143,"submitted":143,"completed":143,"bodies":2200,"joints":2100,"physics_ns":3045754994,"draw_ns":353612,"render_ns":264570312,"ui_ns":91806,"commit_ns":15556,"profile_ns":8504,"health_ns":3043295874,"query_wait_ms":5.90000018e-05,"query_map_ms":0.00320899999,"query_encode_ms":0.082220003,"query_copied_bytes":64}
phase-progress {"kind":"frame","phase":"end","frame":143,"submitted":143,"completed":143,"bodies":2200,"joints":2100,"physics_ns":3045754994,"draw_ns":353612,"render_ns":264570312,"ui_ns":91806,"commit_ns":15556,"profile_ns":8504,"health_ns":3043295874,"query_wait_ms":5.90000018e-05,"query_map_ms":0.00320899999,"query_encode_ms":0.082220003,"query_copied_bytes":64}
phase-progress {"kind":"phase","phase":"setters","frame":144,"submitted":143,"completed":143,"bodies":0,"joints":0,"physics_ns":0,"draw_ns":0,"render_ns":0,"ui_ns":0,"commit_ns":0,"profile_ns":0,"health_ns":0,"query_wait_ms":0,"query_map_ms":0,"query_encode_ms":0,"query_copied_bytes":0}
phase-progress {"kind":"phase","phase":"physics","frame":144,"submitted":143,"completed":143,"bodies":0,"joints":0,"physics_ns":0,"draw_ns":0,"render_ns":0,"ui_ns":0,"commit_ns":0,"profile_ns":0,"health_ns":0,"query_wait_ms":0,"query_map_ms":0,"query_encode_ms":0,"query_copied_bytes":0}
phase-progress {"kind":"health_begin","phase":"health","frame":144,"submitted":143,"completed":143,"bodies":2200,"joints":2100,"physics_ns":0,"draw_ns":0,"render_ns":0,"ui_ns":0,"commit_ns":0,"profile_ns":0,"health_ns":0,"query_wait_ms":0,"query_map_ms":0,"query_encode_ms":0,"query_copied_bytes":0}
phase-progress {"kind":"health_end","phase":"health","frame":144,"submitted":143,"completed":143,"bodies":2200,"joints":2100,"physics_ns":0,"draw_ns":0,"render_ns":0,"ui_ns":0,"commit_ns":0,"profile_ns":0,"health_ns":3188309318,"query_wait_ms":0,"query_map_ms":0,"query_encode_ms":0,"query_copied_bytes":0}
phase-progress {"kind":"phase","phase":"profile","frame":144,"submitted":143,"completed":143,"bodies":2200,"joints":2100,"physics_ns":3190697261,"draw_ns":0,"render_ns":0,"ui_ns":0,"commit_ns":0,"profile_ns":0,"health_ns":3188309318,"query_wait_ms":0,"query_map_ms":0,"query_encode_ms":0,"query_copied_bytes":0}
phase-progress {"kind":"phase","phase":"pick","frame":144,"submitted":143,"completed":143,"bodies":2200,"joints":2100,"physics_ns":3190697261,"draw_ns":0,"render_ns":0,"ui_ns":0,"commit_ns":0,"profile_ns":9274,"health_ns":3188309318,"query_wait_ms":0,"query_map_ms":0,"query_encode_ms":0,"query_copied_bytes":0}
phase-progress {"kind":"phase","phase":"draw","frame":144,"submitted":143,"completed":143,"bodies":2200,"joints":2100,"physics_ns":3190697261,"draw_ns":0,"render_ns":0,"ui_ns":0,"commit_ns":0,"profile_ns":9274,"health_ns":3188309318,"query_wait_ms":5.99999985e-05,"query_map_ms":0.00331699988,"query_encode_ms":0.083972998,"query_copied_bytes":64}
phase-progress {"kind":"phase","phase":"render","frame":144,"submitted":144,"completed":144,"bodies":2200,"joints":2100,"physics_ns":3190697261,"draw_ns":348859,"render_ns":0,"ui_ns":0,"commit_ns":0,"profile_ns":9274,"health_ns":3188309318,"query_wait_ms":5.99999985e-05,"query_map_ms":0.00331699988,"query_encode_ms":0.083972998,"query_copied_bytes":64}
phase-progress {"kind":"phase","phase":"ui","frame":144,"submitted":144,"completed":144,"bodies":2200,"joints":2100,"physics_ns":3190697261,"draw_ns":348859,"render_ns":258896984,"ui_ns":0,"commit_ns":0,"profile_ns":9274,"health_ns":3188309318,"query_wait_ms":5.99999985e-05,"query_map_ms":0.00331699988,"query_encode_ms":0.083972998,"query_copied_bytes":64}
phase-progress {"kind":"phase","phase":"commit","frame":144,"submitted":144,"completed":144,"bodies":2200,"joints":2100,"physics_ns":3190697261,"draw_ns":348859,"render_ns":258896984,"ui_ns":87590,"commit_ns":0,"profile_ns":9274,"health_ns":3188309318,"query_wait_ms":5.99999985e-05,"query_map_ms":0.00331699988,"query_encode_ms":0.083972998,"query_copied_bytes":64}
phase-progress {"kind":"phase","phase":"limiter","frame":144,"submitted":144,"completed":144,"bodies":2200,"joints":2100,"physics_ns":3190697261,"draw_ns":348859,"render_ns":258896984,"ui_ns":87590,"commit_ns":15637,"profile_ns":9274,"health_ns":3188309318,"query_wait_ms":5.99999985e-05,"query_map_ms":0.00331699988,"query_encode_ms":0.083972998,"query_copied_bytes":64}
phase-progress {"kind":"phase","phase":"end","frame":144,"submitted":144,"completed":144,"bodies":2200,"joints":2100,"physics_ns":3190697261,"draw_ns":348859,"render_ns":258896984,"ui_ns":87590,"commit_ns":15637,"profile_ns":9274,"health_ns":3188309318,"query_wait_ms":5.99999985e-05,"query_map_ms":0.00331699988,"query_encode_ms":0.083972998,"query_copied_bytes":64}
phase-progress {"kind":"frame","phase":"end","frame":144,"submitted":144,"completed":144,"bodies":2200,"joints":2100,"physics_ns":3190697261,"draw_ns":348859,"render_ns":258896984,"ui_ns":87590,"commit_ns":15637,"profile_ns":9274,"health_ns":3188309318,"query_wait_ms":5.99999985e-05,"query_map_ms":0.00331699988,"query_encode_ms":0.083972998,"query_copied_bytes":64}
phase-progress {"kind":"phase","phase":"setters","frame":145,"submitted":144,"completed":144,"bodies":0,"joints":0,"physics_ns":0,"draw_ns":0,"render_ns":0,"ui_ns":0,"commit_ns":0,"profile_ns":0,"health_ns":0,"query_wait_ms":0,"query_map_ms":0,"query_encode_ms":0,"query_copied_bytes":0}
phase-progress {"kind":"phase","phase":"physics","frame":145,"submitted":144,"completed":144,"bodies":0,"joints":0,"physics_ns":0,"draw_ns":0,"render_ns":0,"ui_ns":0,"commit_ns":0,"profile_ns":0,"health_ns":0,"query_wait_ms":0,"query_map_ms":0,"query_encode_ms":0,"query_copied_bytes":0}
gpu-alloc scene generation=152 bodies=4160 shapes=4960 hull_points=6720 hull_planes=64 hull_edges=64 hull_topology=64 mesh_vertices=33700 mesh_triangles=64000 mesh_nodes=15800 materials=4960 joints=3360 scene_heap_bytes=4099904 max=536870912
gpu-alloc scene generation=0 bodies=4160 shapes=4960 hull_points=6720 hull_planes=64 hull_edges=64 hull_topology=64 mesh_vertices=33700 mesh_triangles=64000 mesh_nodes=15800 materials=4960 joints=3360 scene_heap_bytes=4099904 max=536870912
gpu-scene-input shapes=2720 mesh_vertices=33700 mesh_triangles=64000 scene_heap_bytes=4099904
GPU pose export: Vulkan opaque FD 38 (465920 bytes)
phase-progress {"kind":"health_begin","phase":"health","frame":145,"submitted":144,"completed":144,"bodies":2620,"joints":2520,"physics_ns":0,"draw_ns":0,"render_ns":0,"ui_ns":0,"commit_ns":0,"profile_ns":0,"health_ns":0,"query_wait_ms":0,"query_map_ms":0,"query_encode_ms":0,"query_copied_bytes":0}
phase-progress {"kind":"health_end","phase":"health","frame":145,"submitted":144,"completed":144,"bodies":2620,"joints":2520,"physics_ns":0,"draw_ns":0,"render_ns":0,"ui_ns":0,"commit_ns":0,"profile_ns":0,"health_ns":3728667786,"query_wait_ms":0,"query_map_ms":0,"query_encode_ms":0,"query_copied_bytes":0}
phase-progress {"kind":"phase","phase":"profile","frame":145,"submitted":144,"completed":144,"bodies":2620,"joints":2520,"physics_ns":3780639584,"draw_ns":0,"render_ns":0,"ui_ns":0,"commit_ns":0,"profile_ns":0,"health_ns":3728667786,"query_wait_ms":0,"query_map_ms":0,"query_encode_ms":0,"query_copied_bytes":0}
phase-progress {"kind":"phase","phase":"pick","frame":145,"submitted":144,"completed":144,"bodies":2620,"joints":2520,"physics_ns":3780639584,"draw_ns":0,"render_ns":0,"ui_ns":0,"commit_ns":0,"profile_ns":8454,"health_ns":3728667786,"query_wait_ms":0,"query_map_ms":0,"query_encode_ms":0,"query_copied_bytes":0}
phase-progress {"kind":"phase","phase":"draw","frame":145,"submitted":144,"completed":144,"bodies":2620,"joints":2520,"physics_ns":3780639584,"draw_ns":0,"render_ns":0,"ui_ns":0,"commit_ns":0,"profile_ns":8454,"health_ns":3728667786,"query_wait_ms":5.90000018e-05,"query_map_ms":0.00334299984,"query_encode_ms":0.124306999,"query_copied_bytes":64}
phase-progress {"kind":"phase","phase":"render","frame":145,"submitted":145,"completed":145,"bodies":2620,"joints":2520,"physics_ns":3780639584,"draw_ns":482480,"render_ns":0,"ui_ns":0,"commit_ns":0,"profile_ns":8454,"health_ns":3728667786,"query_wait_ms":5.90000018e-05,"query_map_ms":0.00334299984,"query_encode_ms":0.124306999,"query_copied_bytes":64}
phase-progress {"kind":"phase","phase":"ui","frame":145,"submitted":145,"completed":145,"bodies":2620,"joints":2520,"physics_ns":3780639584,"draw_ns":482480,"render_ns":262523133,"ui_ns":0,"commit_ns":0,"profile_ns":8454,"health_ns":3728667786,"query_wait_ms":5.90000018e-05,"query_map_ms":0.00334299984,"query_encode_ms":0.124306999,"query_copied_bytes":64}
phase-progress {"kind":"phase","phase":"commit","frame":145,"submitted":145,"completed":145,"bodies":2620,"joints":2520,"physics_ns":3780639584,"draw_ns":482480,"render_ns":262523133,"ui_ns":115533,"commit_ns":0,"profile_ns":8454,"health_ns":3728667786,"query_wait_ms":5.90000018e-05,"query_map_ms":0.00334299984,"query_encode_ms":0.124306999,"query_copied_bytes":64}
phase-progress {"kind":"phase","phase":"limiter","frame":145,"submitted":145,"completed":145,"bodies":2620,"joints":2520,"physics_ns":3780639584,"draw_ns":482480,"render_ns":262523133,"ui_ns":115533,"commit_ns":28068,"profile_ns":8454,"health_ns":3728667786,"query_wait_ms":5.90000018e-05,"query_map_ms":0.00334299984,"query_encode_ms":0.124306999,"query_copied_bytes":64}
phase-progress {"kind":"phase","phase":"end","frame":145,"submitted":145,"completed":145,"bodies":2620,"joints":2520,"physics_ns":3780639584,"draw_ns":482480,"render_ns":262523133,"ui_ns":115533,"commit_ns":28068,"profile_ns":8454,"health_ns":3728667786,"query_wait_ms":5.90000018e-05,"query_map_ms":0.00334299984,"query_encode_ms":0.124306999,"query_copied_bytes":64}
phase-progress {"kind":"frame","phase":"end","frame":145,"submitted":145,"completed":145,"bodies":2620,"joints":2520,"physics_ns":3780639584,"draw_ns":482480,"render_ns":262523133,"ui_ns":115533,"commit_ns":28068,"profile_ns":8454,"health_ns":3728667786,"query_wait_ms":5.90000018e-05,"query_map_ms":0.00334299984,"query_encode_ms":0.124306999,"query_copied_bytes":64}
phase-progress {"kind":"phase","phase":"setters","frame":146,"submitted":145,"completed":145,"bodies":0,"joints":0,"physics_ns":0,"draw_ns":0,"render_ns":0,"ui_ns":0,"commit_ns":0,"profile_ns":0,"health_ns":0,"query_wait_ms":0,"query_map_ms":0,"query_encode_ms":0,"query_copied_bytes":0}
phase-progress {"kind":"phase","phase":"physics","frame":146,"submitted":145,"completed":145,"bodies":0,"joints":0,"physics_ns":0,"draw_ns":0,"render_ns":0,"ui_ns":0,"commit_ns":0,"profile_ns":0,"health_ns":0,"query_wait_ms":0,"query_map_ms":0,"query_encode_ms":0,"query_copied_bytes":0}
phase-progress {"kind":"health_begin","phase":"health","frame":146,"submitted":145,"completed":145,"bodies":2620,"joints":2520,"physics_ns":0,"draw_ns":0,"render_ns":0,"ui_ns":0,"commit_ns":0,"profile_ns":0,"health_ns":0,"query_wait_ms":0,"query_map_ms":0,"query_encode_ms":0,"query_copied_bytes":0}
phase-progress {"kind":"health_end","phase":"health","frame":146,"submitted":145,"completed":145,"bodies":2620,"joints":2520,"physics_ns":0,"draw_ns":0,"render_ns":0,"ui_ns":0,"commit_ns":0,"profile_ns":0,"health_ns":4073866809,"query_wait_ms":0,"query_map_ms":0,"query_encode_ms":0,"query_copied_bytes":0}
phase-progress {"kind":"phase","phase":"profile","frame":146,"submitted":145,"completed":145,"bodies":2620,"joints":2520,"physics_ns":4077045976,"draw_ns":0,"render_ns":0,"ui_ns":0,"commit_ns":0,"profile_ns":0,"health_ns":4073866809,"query_wait_ms":0,"query_map_ms":0,"query_encode_ms":0,"query_copied_bytes":0}
phase-progress {"kind":"phase","phase":"pick","frame":146,"submitted":145,"completed":145,"bodies":2620,"joints":2520,"physics_ns":4077045976,"draw_ns":0,"render_ns":0,"ui_ns":0,"commit_ns":0,"profile_ns":8255,"health_ns":4073866809,"query_wait_ms":0,"query_map_ms":0,"query_encode_ms":0,"query_copied_bytes":0}
phase-progress {"kind":"phase","phase":"draw","frame":146,"submitted":145,"completed":145,"bodies":2620,"joints":2520,"physics_ns":4077045976,"draw_ns":0,"render_ns":0,"ui_ns":0,"commit_ns":0,"profile_ns":8255,"health_ns":4073866809,"query_wait_ms":7.10000022e-05,"query_map_ms":0.00311199995,"query_encode_ms":0.0852599964,"query_copied_bytes":64}
phase-progress {"kind":"phase","phase":"render","frame":146,"submitted":146,"completed":146,"bodies":2620,"joints":2520,"physics_ns":4077045976,"draw_ns":408851,"render_ns":0,"ui_ns":0,"commit_ns":0,"profile_ns":8255,"health_ns":4073866809,"query_wait_ms":7.10000022e-05,"query_map_ms":0.00311199995,"query_encode_ms":0.0852599964,"query_copied_bytes":64}
phase-progress {"kind":"phase","phase":"ui","frame":146,"submitted":146,"completed":146,"bodies":2620,"joints":2520,"physics_ns":4077045976,"draw_ns":408851,"render_ns":253424215,"ui_ns":0,"commit_ns":0,"profile_ns":8255,"health_ns":4073866809,"query_wait_ms":7.10000022e-05,"query_map_ms":0.00311199995,"query_encode_ms":0.0852599964,"query_copied_bytes":64}
phase-progress {"kind":"phase","phase":"commit","frame":146,"submitted":146,"completed":146,"bodies":2620,"joints":2520,"physics_ns":4077045976,"draw_ns":408851,"render_ns":253424215,"ui_ns":115547,"commit_ns":0,"profile_ns":8255,"health_ns":4073866809,"query_wait_ms":7.10000022e-05,"query_map_ms":0.00311199995,"query_encode_ms":0.0852599964,"query_copied_bytes":64}
phase-progress {"kind":"phase","phase":"limiter","frame":146,"submitted":146,"completed":146,"bodies":2620,"joints":2520,"physics_ns":4077045976,"draw_ns":408851,"render_ns":253424215,"ui_ns":115547,"commit_ns":21367,"profile_ns":8255,"health_ns":4073866809,"query_wait_ms":7.10000022e-05,"query_map_ms":0.00311199995,"query_encode_ms":0.0852599964,"query_copied_bytes":64}
phase-progress {"kind":"phase","phase":"end","frame":146,"submitted":146,"completed":146,"bodies":2620,"joints":2520,"physics_ns":4077045976,"draw_ns":408851,"render_ns":253424215,"ui_ns":115547,"commit_ns":21367,"profile_ns":8255,"health_ns":4073866809,"query_wait_ms":7.10000022e-05,"query_map_ms":0.00311199995,"query_encode_ms":0.0852599964,"query_copied_bytes":64}
phase-progress {"kind":"frame","phase":"end","frame":146,"submitted":146,"completed":146,"bodies":2620,"joints":2520,"physics_ns":4077045976,"draw_ns":408851,"render_ns":253424215,"ui_ns":115547,"commit_ns":21367,"profile_ns":8255,"health_ns":4073866809,"query_wait_ms":7.10000022e-05,"query_map_ms":0.00311199995,"query_encode_ms":0.0852599964,"query_copied_bytes":64}
phase-progress {"kind":"phase","phase":"setters","frame":147,"submitted":146,"completed":146,"bodies":0,"joints":0,"physics_ns":0,"draw_ns":0,"render_ns":0,"ui_ns":0,"commit_ns":0,"profile_ns":0,"health_ns":0,"query_wait_ms":0,"query_map_ms":0,"query_encode_ms":0,"query_copied_bytes":0}
phase-progress {"kind":"phase","phase":"physics","frame":147,"submitted":146,"completed":146,"bodies":0,"joints":0,"physics_ns":0,"draw_ns":0,"render_ns":0,"ui_ns":0,"commit_ns":0,"profile_ns":0,"health_ns":0,"query_wait_ms":0,"query_map_ms":0,"query_encode_ms":0,"query_copied_bytes":0}
phase-progress {"kind":"health_begin","phase":"health","frame":147,"submitted":146,"completed":146,"bodies":2620,"joints":2520,"physics_ns":0,"draw_ns":0,"render_ns":0,"ui_ns":0,"commit_ns":0,"profile_ns":0,"health_ns":0,"query_wait_ms":0,"query_map_ms":0,"query_encode_ms":0,"query_copied_bytes":0}
phase-progress {"kind":"health_end","phase":"health","frame":147,"submitted":146,"completed":146,"bodies":2620,"joints":2520,"physics_ns":0,"draw_ns":0,"render_ns":0,"ui_ns":0,"commit_ns":0,"profile_ns":0,"health_ns":4065865006,"query_wait_ms":0,"query_map_ms":0,"query_encode_ms":0,"query_copied_bytes":0}
phase-progress {"kind":"phase","phase":"profile","frame":147,"submitted":146,"completed":146,"bodies":2620,"joints":2520,"physics_ns":4068327133,"draw_ns":0,"render_ns":0,"ui_ns":0,"commit_ns":0,"profile_ns":0,"health_ns":4065865006,"query_wait_ms":0,"query_map_ms":0,"query_encode_ms":0,"query_copied_bytes":0}
phase-progress {"kind":"phase","phase":"pick","frame":147,"submitted":146,"completed":146,"bodies":2620,"joints":2520,"physics_ns":4068327133,"draw_ns":0,"render_ns":0,"ui_ns":0,"commit_ns":0,"profile_ns":7968,"health_ns":4065865006,"query_wait_ms":0,"query_map_ms":0,"query_encode_ms":0,"query_copied_bytes":0}
phase-progress {"kind":"phase","phase":"draw","frame":147,"submitted":146,"completed":146,"bodies":2620,"joints":2520,"physics_ns":4068327133,"draw_ns":0,"render_ns":0,"ui_ns":0,"commit_ns":0,"profile_ns":7968,"health_ns":4065865006,"query_wait_ms":6.10000025e-05,"query_map_ms":0.00332300016,"query_encode_ms":0.0835789964,"query_copied_bytes":64}
phase-progress {"kind":"phase","phase":"render","frame":147,"submitted":147,"completed":147,"bodies":2620,"joints":2520,"physics_ns":4068327133,"draw_ns":417414,"render_ns":0,"ui_ns":0,"commit_ns":0,"profile_ns":7968,"health_ns":4065865006,"query_wait_ms":6.10000025e-05,"query_map_ms":0.00332300016,"query_encode_ms":0.0835789964,"query_copied_bytes":64}
phase-progress {"kind":"phase","phase":"ui","frame":147,"submitted":147,"completed":147,"bodies":2620,"joints":2520,"physics_ns":4068327133,"draw_ns":417414,"render_ns":259367986,"ui_ns":0,"commit_ns":0,"profile_ns":7968,"health_ns":4065865006,"query_wait_ms":6.10000025e-05,"query_map_ms":0.00332300016,"query_encode_ms":0.0835789964,"query_copied_bytes":64}
phase-progress {"kind":"phase","phase":"commit","frame":147,"submitted":147,"completed":147,"bodies":2620,"joints":2520,"physics_ns":4068327133,"draw_ns":417414,"render_ns":259367986,"ui_ns":90054,"commit_ns":0,"profile_ns":7968,"health_ns":4065865006,"query_wait_ms":6.10000025e-05,"query_map_ms":0.00332300016,"query_encode_ms":0.0835789964,"query_copied_bytes":64}
phase-progress {"kind":"phase","phase":"limiter","frame":147,"submitted":147,"completed":147,"bodies":2620,"joints":2520,"physics_ns":4068327133,"draw_ns":417414,"render_ns":259367986,"ui_ns":90054,"commit_ns":15699,"profile_ns":7968,"health_ns":4065865006,"query_wait_ms":6.10000025e-05,"query_map_ms":0.00332300016,"query_encode_ms":0.0835789964,"query_copied_bytes":64}
phase-progress {"kind":"phase","phase":"end","frame":147,"submitted":147,"completed":147,"bodies":2620,"joints":2520,"physics_ns":4068327133,"draw_ns":417414,"render_ns":259367986,"ui_ns":90054,"commit_ns":15699,"profile_ns":7968,"health_ns":4065865006,"query_wait_ms":6.10000025e-05,"query_map_ms":0.00332300016,"query_encode_ms":0.0835789964,"query_copied_bytes":64}
phase-progress {"kind":"frame","phase":"end","frame":147,"submitted":147,"completed":147,"bodies":2620,"joints":2520,"physics_ns":4068327133,"draw_ns":417414,"render_ns":259367986,"ui_ns":90054,"commit_ns":15699,"profile_ns":7968,"health_ns":4065865006,"query_wait_ms":6.10000025e-05,"query_map_ms":0.00332300016,"query_encode_ms":0.0835789964,"query_copied_bytes":64}
phase-progress {"kind":"phase","phase":"setters","frame":148,"submitted":147,"completed":147,"bodies":0,"joints":0,"physics_ns":0,"draw_ns":0,"render_ns":0,"ui_ns":0,"commit_ns":0,"profile_ns":0,"health_ns":0,"query_wait_ms":0,"query_map_ms":0,"query_encode_ms":0,"query_copied_bytes":0}
phase-progress {"kind":"phase","phase":"physics","frame":148,"submitted":147,"completed":147,"bodies":0,"joints":0,"physics_ns":0,"draw_ns":0,"render_ns":0,"ui_ns":0,"commit_ns":0,"profile_ns":0,"health_ns":0,"query_wait_ms":0,"query_map_ms":0,"query_encode_ms":0,"query_copied_bytes":0}
phase-progress {"kind":"health_begin","phase":"health","frame":148,"submitted":147,"completed":147,"bodies":2620,"joints":2520,"physics_ns":0,"draw_ns":0,"render_ns":0,"ui_ns":0,"commit_ns":0,"profile_ns":0,"health_ns":0,"query_wait_ms":0,"query_map_ms":0,"query_encode_ms":0,"query_copied_bytes":0}
phase-progress {"kind":"health_end","phase":"health","frame":148,"submitted":147,"completed":147,"bodies":2620,"joints":2520,"physics_ns":0,"draw_ns":0,"render_ns":0,"ui_ns":0,"commit_ns":0,"profile_ns":0,"health_ns":4061885587,"query_wait_ms":0,"query_map_ms":0,"query_encode_ms":0,"query_copied_bytes":0}
phase-progress {"kind":"phase","phase":"profile","frame":148,"submitted":147,"completed":147,"bodies":2620,"joints":2520,"physics_ns":4064344153,"draw_ns":0,"render_ns":0,"ui_ns":0,"commit_ns":0,"profile_ns":0,"health_ns":4061885587,"query_wait_ms":0,"query_map_ms":0,"query_encode_ms":0,"query_copied_bytes":0}
phase-progress {"kind":"phase","phase":"pick","frame":148,"submitted":147,"completed":147,"bodies":2620,"joints":2520,"physics_ns":4064344153,"draw_ns":0,"render_ns":0,"ui_ns":0,"commit_ns":0,"profile_ns":7973,"health_ns":4061885587,"query_wait_ms":0,"query_map_ms":0,"query_encode_ms":0,"query_copied_bytes":0}
phase-progress {"kind":"phase","phase":"draw","frame":148,"submitted":147,"completed":147,"bodies":2620,"joints":2520,"physics_ns":4064344153,"draw_ns":0,"render_ns":0,"ui_ns":0,"commit_ns":0,"profile_ns":7973,"health_ns":4061885587,"query_wait_ms":5.29999998e-05,"query_map_ms":0.00334400008,"query_encode_ms":0.0853850022,"query_copied_bytes":64}
phase-progress {"kind":"phase","phase":"render","frame":148,"submitted":148,"completed":148,"bodies":2620,"joints":2520,"physics_ns":4064344153,"draw_ns":419632,"render_ns":0,"ui_ns":0,"commit_ns":0,"profile_ns":7973,"health_ns":4061885587,"query_wait_ms":5.29999998e-05,"query_map_ms":0.00334400008,"query_encode_ms":0.0853850022,"query_copied_bytes":64}
phase-progress {"kind":"phase","phase":"ui","frame":148,"submitted":148,"completed":148,"bodies":2620,"joints":2520,"physics_ns":4064344153,"draw_ns":419632,"render_ns":257318519,"ui_ns":0,"commit_ns":0,"profile_ns":7973,"health_ns":4061885587,"query_wait_ms":5.29999998e-05,"query_map_ms":0.00334400008,"query_encode_ms":0.0853850022,"query_copied_bytes":64}
phase-progress {"kind":"phase","phase":"commit","frame":148,"submitted":148,"completed":148,"bodies":2620,"joints":2520,"physics_ns":4064344153,"draw_ns":419632,"render_ns":257318519,"ui_ns":89642,"commit_ns":0,"profile_ns":7973,"health_ns":4061885587,"query_wait_ms":5.29999998e-05,"query_map_ms":0.00334400008,"query_encode_ms":0.0853850022,"query_copied_bytes":64}
phase-progress {"kind":"phase","phase":"limiter","frame":148,"submitted":148,"completed":148,"bodies":2620,"joints":2520,"physics_ns":4064344153,"draw_ns":419632,"render_ns":257318519,"ui_ns":89642,"commit_ns":15873,"profile_ns":7973,"health_ns":4061885587,"query_wait_ms":5.29999998e-05,"query_map_ms":0.00334400008,"query_encode_ms":0.0853850022,"query_copied_bytes":64}
phase-progress {"kind":"phase","phase":"end","frame":148,"submitted":148,"completed":148,"bodies":2620,"joints":2520,"physics_ns":4064344153,"draw_ns":419632,"render_ns":257318519,"ui_ns":89642,"commit_ns":15873,"profile_ns":7973,"health_ns":4061885587,"query_wait_ms":5.29999998e-05,"query_map_ms":0.00334400008,"query_encode_ms":0.0853850022,"query_copied_bytes":64}
phase-progress {"kind":"frame","phase":"end","frame":148,"submitted":148,"completed":148,"bodies":2620,"joints":2520,"physics_ns":4064344153,"draw_ns":419632,"render_ns":257318519,"ui_ns":89642,"commit_ns":15873,"profile_ns":7973,"health_ns":4061885587,"query_wait_ms":5.29999998e-05,"query_map_ms":0.00334400008,"query_encode_ms":0.0853850022,"query_copied_bytes":64}
phase-progress {"kind":"phase","phase":"setters","frame":149,"submitted":148,"completed":148,"bodies":0,"joints":0,"physics_ns":0,"draw_ns":0,"render_ns":0,"ui_ns":0,"commit_ns":0,"profile_ns":0,"health_ns":0,"query_wait_ms":0,"query_map_ms":0,"query_encode_ms":0,"query_copied_bytes":0}
phase-progress {"kind":"phase","phase":"physics","frame":149,"submitted":148,"completed":148,"bodies":0,"joints":0,"physics_ns":0,"draw_ns":0,"render_ns":0,"ui_ns":0,"commit_ns":0,"profile_ns":0,"health_ns":0,"query_wait_ms":0,"query_map_ms":0,"query_encode_ms":0,"query_copied_bytes":0}
phase-progress {"kind":"health_begin","phase":"health","frame":149,"submitted":148,"completed":148,"bodies":2620,"joints":2520,"physics_ns":0,"draw_ns":0,"render_ns":0,"ui_ns":0,"commit_ns":0,"profile_ns":0,"health_ns":0,"query_wait_ms":0,"query_map_ms":0,"query_encode_ms":0,"query_copied_bytes":0}
phase-progress {"kind":"health_end","phase":"health","frame":149,"submitted":148,"completed":148,"bodies":2620,"joints":2520,"physics_ns":0,"draw_ns":0,"render_ns":0,"ui_ns":0,"commit_ns":0,"profile_ns":0,"health_ns":3721761340,"query_wait_ms":0,"query_map_ms":0,"query_encode_ms":0,"query_copied_bytes":0}
phase-progress {"kind":"phase","phase":"profile","frame":149,"submitted":148,"completed":148,"bodies":2620,"joints":2520,"physics_ns":3724208143,"draw_ns":0,"render_ns":0,"ui_ns":0,"commit_ns":0,"profile_ns":0,"health_ns":3721761340,"query_wait_ms":0,"query_map_ms":0,"query_encode_ms":0,"query_copied_bytes":0}
phase-progress {"kind":"phase","phase":"pick","frame":149,"submitted":148,"completed":148,"bodies":2620,"joints":2520,"physics_ns":3724208143,"draw_ns":0,"render_ns":0,"ui_ns":0,"commit_ns":0,"profile_ns":8227,"health_ns":3721761340,"query_wait_ms":0,"query_map_ms":0,"query_encode_ms":0,"query_copied_bytes":0}
phase-progress {"kind":"phase","phase":"draw","frame":149,"submitted":148,"completed":148,"bodies":2620,"joints":2520,"physics_ns":3724208143,"draw_ns":0,"render_ns":0,"ui_ns":0,"commit_ns":0,"profile_ns":8227,"health_ns":3721761340,"query_wait_ms":5.29999998e-05,"query_map_ms":0.00351900002,"query_encode_ms":0.0836630017,"query_copied_bytes":64}
phase-progress {"kind":"phase","phase":"render","frame":149,"submitted":149,"completed":149,"bodies":2620,"joints":2520,"physics_ns":3724208143,"draw_ns":429052,"render_ns":0,"ui_ns":0,"commit_ns":0,"profile_ns":8227,"health_ns":3721761340,"query_wait_ms":5.29999998e-05,"query_map_ms":0.00351900002,"query_encode_ms":0.0836630017,"query_copied_bytes":64}
phase-progress {"kind":"phase","phase":"ui","frame":149,"submitted":149,"completed":149,"bodies":2620,"joints":2520,"physics_ns":3724208143,"draw_ns":429052,"render_ns":269069864,"ui_ns":0,"commit_ns":0,"profile_ns":8227,"health_ns":3721761340,"query_wait_ms":5.29999998e-05,"query_map_ms":0.00351900002,"query_encode_ms":0.0836630017,"query_copied_bytes":64}
phase-progress {"kind":"phase","phase":"commit","frame":149,"submitted":149,"completed":149,"bodies":2620,"joints":2520,"physics_ns":3724208143,"draw_ns":429052,"render_ns":269069864,"ui_ns":90709,"commit_ns":0,"profile_ns":8227,"health_ns":3721761340,"query_wait_ms":5.29999998e-05,"query_map_ms":0.00351900002,"query_encode_ms":0.0836630017,"query_copied_bytes":64}
phase-progress {"kind":"phase","phase":"limiter","frame":149,"submitted":149,"completed":149,"bodies":2620,"joints":2520,"physics_ns":3724208143,"draw_ns":429052,"render_ns":269069864,"ui_ns":90709,"commit_ns":15566,"profile_ns":8227,"health_ns":3721761340,"query_wait_ms":5.29999998e-05,"query_map_ms":0.00351900002,"query_encode_ms":0.0836630017,"query_copied_bytes":64}
phase-progress {"kind":"phase","phase":"end","frame":149,"submitted":149,"completed":149,"bodies":2620,"joints":2520,"physics_ns":3724208143,"draw_ns":429052,"render_ns":269069864,"ui_ns":90709,"commit_ns":15566,"profile_ns":8227,"health_ns":3721761340,"query_wait_ms":5.29999998e-05,"query_map_ms":0.00351900002,"query_encode_ms":0.0836630017,"query_copied_bytes":64}
phase-progress {"kind":"frame","phase":"end","frame":149,"submitted":149,"completed":149,"bodies":2620,"joints":2520,"physics_ns":3724208143,"draw_ns":429052,"render_ns":269069864,"ui_ns":90709,"commit_ns":15566,"profile_ns":8227,"health_ns":3721761340,"query_wait_ms":5.29999998e-05,"query_map_ms":0.00351900002,"query_encode_ms":0.0836630017,"query_copied_bytes":64}
phase-progress {"kind":"phase","phase":"setters","frame":150,"submitted":149,"completed":149,"bodies":0,"joints":0,"physics_ns":0,"draw_ns":0,"render_ns":0,"ui_ns":0,"commit_ns":0,"profile_ns":0,"health_ns":0,"query_wait_ms":0,"query_map_ms":0,"query_encode_ms":0,"query_copied_bytes":0}
phase-progress {"kind":"phase","phase":"physics","frame":150,"submitted":149,"completed":149,"bodies":0,"joints":0,"physics_ns":0,"draw_ns":0,"render_ns":0,"ui_ns":0,"commit_ns":0,"profile_ns":0,"health_ns":0,"query_wait_ms":0,"query_map_ms":0,"query_encode_ms":0,"query_copied_bytes":0}
phase-progress {"kind":"health_begin","phase":"health","frame":150,"submitted":149,"completed":149,"bodies":2620,"joints":2520,"physics_ns":0,"draw_ns":0,"render_ns":0,"ui_ns":0,"commit_ns":0,"profile_ns":0,"health_ns":0,"query_wait_ms":0,"query_map_ms":0,"query_encode_ms":0,"query_copied_bytes":0}
phase-progress {"kind":"health_end","phase":"health","frame":150,"submitted":149,"completed":149,"bodies":2620,"joints":2520,"physics_ns":0,"draw_ns":0,"render_ns":0,"ui_ns":0,"commit_ns":0,"profile_ns":0,"health_ns":3811660998,"query_wait_ms":0,"query_map_ms":0,"query_encode_ms":0,"query_copied_bytes":0}
phase-progress {"kind":"phase","phase":"profile","frame":150,"submitted":149,"completed":149,"bodies":2620,"joints":2520,"physics_ns":3814190857,"draw_ns":0,"render_ns":0,"ui_ns":0,"commit_ns":0,"profile_ns":0,"health_ns":3811660998,"query_wait_ms":0,"query_map_ms":0,"query_encode_ms":0,"query_copied_bytes":0}
phase-progress {"kind":"phase","phase":"pick","frame":150,"submitted":149,"completed":149,"bodies":2620,"joints":2520,"physics_ns":3814190857,"draw_ns":0,"render_ns":0,"ui_ns":0,"commit_ns":0,"profile_ns":12644,"health_ns":3811660998,"query_wait_ms":0,"query_map_ms":0,"query_encode_ms":0,"query_copied_bytes":0}
phase-progress {"kind":"phase","phase":"draw","frame":150,"submitted":149,"completed":149,"bodies":2620,"joints":2520,"physics_ns":3814190857,"draw_ns":0,"render_ns":0,"ui_ns":0,"commit_ns":0,"profile_ns":12644,"health_ns":3811660998,"query_wait_ms":7.10000022e-05,"query_map_ms":0.00338399992,"query_encode_ms":0.0826820061,"query_copied_bytes":64}
phase-progress {"kind":"phase","phase":"render","frame":150,"submitted":150,"completed":150,"bodies":2620,"joints":2520,"physics_ns":3814190857,"draw_ns":420936,"render_ns":0,"ui_ns":0,"commit_ns":0,"profile_ns":12644,"health_ns":3811660998,"query_wait_ms":7.10000022e-05,"query_map_ms":0.00338399992,"query_encode_ms":0.0826820061,"query_copied_bytes":64}
phase-progress {"kind":"phase","phase":"ui","frame":150,"submitted":150,"completed":150,"bodies":2620,"joints":2520,"physics_ns":3814190857,"draw_ns":420936,"render_ns":238840277,"ui_ns":0,"commit_ns":0,"profile_ns":12644,"health_ns":3811660998,"query_wait_ms":7.10000022e-05,"query_map_ms":0.00338399992,"query_encode_ms":0.0826820061,"query_copied_bytes":64}
phase-progress {"kind":"phase","phase":"commit","frame":150,"submitted":150,"completed":150,"bodies":2620,"joints":2520,"physics_ns":3814190857,"draw_ns":420936,"render_ns":238840277,"ui_ns":90867,"commit_ns":0,"profile_ns":12644,"health_ns":3811660998,"query_wait_ms":7.10000022e-05,"query_map_ms":0.00338399992,"query_encode_ms":0.0826820061,"query_copied_bytes":64}
phase-progress {"kind":"phase","phase":"limiter","frame":150,"submitted":150,"completed":150,"bodies":2620,"joints":2520,"physics_ns":3814190857,"draw_ns":420936,"render_ns":238840277,"ui_ns":90867,"commit_ns":16062,"profile_ns":12644,"health_ns":3811660998,"query_wait_ms":7.10000022e-05,"query_map_ms":0.00338399992,"query_encode_ms":0.0826820061,"query_copied_bytes":64}
phase-progress {"kind":"phase","phase":"end","frame":150,"submitted":150,"completed":150,"bodies":2620,"joints":2520,"physics_ns":3814190857,"draw_ns":420936,"render_ns":238840277,"ui_ns":90867,"commit_ns":16062,"profile_ns":12644,"health_ns":3811660998,"query_wait_ms":7.10000022e-05,"query_map_ms":0.00338399992,"query_encode_ms":0.0826820061,"query_copied_bytes":64}
phase-progress {"kind":"frame","phase":"end","frame":150,"submitted":150,"completed":150,"bodies":2620,"joints":2520,"physics_ns":3814190857,"draw_ns":420936,"render_ns":238840277,"ui_ns":90867,"commit_ns":16062,"profile_ns":12644,"health_ns":3811660998,"query_wait_ms":7.10000022e-05,"query_map_ms":0.00338399992,"query_encode_ms":0.0826820061,"query_copied_bytes":64}
phase-progress {"kind":"phase","phase":"setters","frame":151,"submitted":150,"completed":150,"bodies":0,"joints":0,"physics_ns":0,"draw_ns":0,"render_ns":0,"ui_ns":0,"commit_ns":0,"profile_ns":0,"health_ns":0,"query_wait_ms":0,"query_map_ms":0,"query_encode_ms":0,"query_copied_bytes":0}
phase-progress {"kind":"phase","phase":"physics","frame":151,"submitted":150,"completed":150,"bodies":0,"joints":0,"physics_ns":0,"draw_ns":0,"render_ns":0,"ui_ns":0,"commit_ns":0,"profile_ns":0,"health_ns":0,"query_wait_ms":0,"query_map_ms":0,"query_encode_ms":0,"query_copied_bytes":0}
phase-progress {"kind":"health_begin","phase":"health","frame":151,"submitted":150,"completed":150,"bodies":2620,"joints":2520,"physics_ns":0,"draw_ns":0,"render_ns":0,"ui_ns":0,"commit_ns":0,"profile_ns":0,"health_ns":0,"query_wait_ms":0,"query_map_ms":0,"query_encode_ms":0,"query_copied_bytes":0}
phase-progress {"kind":"health_end","phase":"health","frame":151,"submitted":150,"completed":150,"bodies":2620,"joints":2520,"physics_ns":0,"draw_ns":0,"render_ns":0,"ui_ns":0,"commit_ns":0,"profile_ns":0,"health_ns":3874940237,"query_wait_ms":0,"query_map_ms":0,"query_encode_ms":0,"query_copied_bytes":0}
phase-progress {"kind":"phase","phase":"profile","frame":151,"submitted":150,"completed":150,"bodies":2620,"joints":2520,"physics_ns":3877455011,"draw_ns":0,"render_ns":0,"ui_ns":0,"commit_ns":0,"profile_ns":0,"health_ns":3874940237,"query_wait_ms":0,"query_map_ms":0,"query_encode_ms":0,"query_copied_bytes":0}
phase-progress {"kind":"phase","phase":"pick","frame":151,"submitted":150,"completed":150,"bodies":2620,"joints":2520,"physics_ns":3877455011,"draw_ns":0,"render_ns":0,"ui_ns":0,"commit_ns":0,"profile_ns":19848,"health_ns":3874940237,"query_wait_ms":0,"query_map_ms":0,"query_encode_ms":0,"query_copied_bytes":0}
phase-progress {"kind":"phase","phase":"draw","frame":151,"submitted":150,"completed":150,"bodies":2620,"joints":2520,"physics_ns":3877455011,"draw_ns":0,"render_ns":0,"ui_ns":0,"commit_ns":0,"profile_ns":19848,"health_ns":3874940237,"query_wait_ms":6.10000025e-05,"query_map_ms":0.00307599991,"query_encode_ms":0.0802919939,"query_copied_bytes":64}
phase-progress {"kind":"phase","phase":"render","frame":151,"submitted":151,"completed":151,"bodies":2620,"joints":2520,"physics_ns":3877455011,"draw_ns":411095,"render_ns":0,"ui_ns":0,"commit_ns":0,"profile_ns":19848,"health_ns":3874940237,"query_wait_ms":6.10000025e-05,"query_map_ms":0.00307599991,"query_encode_ms":0.0802919939,"query_copied_bytes":64}
phase-progress {"kind":"phase","phase":"ui","frame":151,"submitted":151,"completed":151,"bodies":2620,"joints":2520,"physics_ns":3877455011,"draw_ns":411095,"render_ns":251923822,"ui_ns":0,"commit_ns":0,"profile_ns":19848,"health_ns":3874940237,"query_wait_ms":6.10000025e-05,"query_map_ms":0.00307599991,"query_encode_ms":0.0802919939,"query_copied_bytes":64}
phase-progress {"kind":"phase","phase":"commit","frame":151,"submitted":151,"completed":151,"bodies":2620,"joints":2520,"physics_ns":3877455011,"draw_ns":411095,"render_ns":251923822,"ui_ns":91855,"commit_ns":0,"profile_ns":19848,"health_ns":3874940237,"query_wait_ms":6.10000025e-05,"query_map_ms":0.00307599991,"query_encode_ms":0.0802919939,"query_copied_bytes":64}
phase-progress {"kind":"phase","phase":"limiter","frame":151,"submitted":151,"completed":151,"bodies":2620,"joints":2520,"physics_ns":3877455011,"draw_ns":411095,"render_ns":251923822,"ui_ns":91855,"commit_ns":15817,"profile_ns":19848,"health_ns":3874940237,"query_wait_ms":6.10000025e-05,"query_map_ms":0.00307599991,"query_encode_ms":0.0802919939,"query_copied_bytes":64}
phase-progress {"kind":"phase","phase":"end","frame":151,"submitted":151,"completed":151,"bodies":2620,"joints":2520,"physics_ns":3877455011,"draw_ns":411095,"render_ns":251923822,"ui_ns":91855,"commit_ns":15817,"profile_ns":19848,"health_ns":3874940237,"query_wait_ms":6.10000025e-05,"query_map_ms":0.00307599991,"query_encode_ms":0.0802919939,"query_copied_bytes":64}
phase-progress {"kind":"frame","phase":"end","frame":151,"submitted":151,"completed":151,"bodies":2620,"joints":2520,"physics_ns":3877455011,"draw_ns":411095,"render_ns":251923822,"ui_ns":91855,"commit_ns":15817,"profile_ns":19848,"health_ns":3874940237,"query_wait_ms":6.10000025e-05,"query_map_ms":0.00307599991,"query_encode_ms":0.0802919939,"query_copied_bytes":64}
phase-progress {"kind":"phase","phase":"setters","frame":152,"submitted":151,"completed":151,"bodies":0,"joints":0,"physics_ns":0,"draw_ns":0,"render_ns":0,"ui_ns":0,"commit_ns":0,"profile_ns":0,"health_ns":0,"query_wait_ms":0,"query_map_ms":0,"query_encode_ms":0,"query_copied_bytes":0}
phase-progress {"kind":"phase","phase":"physics","frame":152,"submitted":151,"completed":151,"bodies":0,"joints":0,"physics_ns":0,"draw_ns":0,"render_ns":0,"ui_ns":0,"commit_ns":0,"profile_ns":0,"health_ns":0,"query_wait_ms":0,"query_map_ms":0,"query_encode_ms":0,"query_copied_bytes":0}
phase-progress {"kind":"health_begin","phase":"health","frame":152,"submitted":151,"completed":151,"bodies":2620,"joints":2520,"physics_ns":0,"draw_ns":0,"render_ns":0,"ui_ns":0,"commit_ns":0,"profile_ns":0,"health_ns":0,"query_wait_ms":0,"query_map_ms":0,"query_encode_ms":0,"query_copied_bytes":0}
phase-progress {"kind":"health_end","phase":"health","frame":152,"submitted":151,"completed":151,"bodies":2620,"joints":2520,"physics_ns":0,"draw_ns":0,"render_ns":0,"ui_ns":0,"commit_ns":0,"profile_ns":0,"health_ns":5360163458,"query_wait_ms":0,"query_map_ms":0,"query_encode_ms":0,"query_copied_bytes":0}
phase-progress {"kind":"phase","phase":"profile","frame":152,"submitted":151,"completed":151,"bodies":2620,"joints":2520,"physics_ns":5362623954,"draw_ns":0,"render_ns":0,"ui_ns":0,"commit_ns":0,"profile_ns":0,"health_ns":5360163458,"query_wait_ms":0,"query_map_ms":0,"query_encode_ms":0,"query_copied_bytes":0}
phase-progress {"kind":"phase","phase":"pick","frame":152,"submitted":151,"completed":151,"bodies":2620,"joints":2520,"physics_ns":5362623954,"draw_ns":0,"render_ns":0,"ui_ns":0,"commit_ns":0,"profile_ns":9650,"health_ns":5360163458,"query_wait_ms":0,"query_map_ms":0,"query_encode_ms":0,"query_copied_bytes":0}
phase-progress {"kind":"phase","phase":"draw","frame":152,"submitted":151,"completed":151,"bodies":2620,"joints":2520,"physics_ns":5362623954,"draw_ns":0,"render_ns":0,"ui_ns":0,"commit_ns":0,"profile_ns":9650,"health_ns":5360163458,"query_wait_ms":5.70000011e-05,"query_map_ms":0.00343100005,"query_encode_ms":0.0822549984,"query_copied_bytes":64}
phase-progress {"kind":"phase","phase":"render","frame":152,"submitted":152,"completed":152,"bodies":2620,"joints":2520,"physics_ns":5362623954,"draw_ns":409057,"render_ns":0,"ui_ns":0,"commit_ns":0,"profile_ns":9650,"health_ns":5360163458,"query_wait_ms":5.70000011e-05,"query_map_ms":0.00343100005,"query_encode_ms":0.0822549984,"query_copied_bytes":64}
phase-progress {"kind":"phase","phase":"ui","frame":152,"submitted":152,"completed":152,"bodies":2620,"joints":2520,"physics_ns":5362623954,"draw_ns":409057,"render_ns":245064732,"ui_ns":0,"commit_ns":0,"profile_ns":9650,"health_ns":5360163458,"query_wait_ms":5.70000011e-05,"query_map_ms":0.00343100005,"query_encode_ms":0.0822549984,"query_copied_bytes":64}
phase-progress {"kind":"phase","phase":"commit","frame":152,"submitted":152,"completed":152,"bodies":2620,"joints":2520,"physics_ns":5362623954,"draw_ns":409057,"render_ns":245064732,"ui_ns":88996,"commit_ns":0,"profile_ns":9650,"health_ns":5360163458,"query_wait_ms":5.70000011e-05,"query_map_ms":0.00343100005,"query_encode_ms":0.0822549984,"query_copied_bytes":64}
phase-progress {"kind":"phase","phase":"limiter","frame":152,"submitted":152,"completed":152,"bodies":2620,"joints":2520,"physics_ns":5362623954,"draw_ns":409057,"render_ns":245064732,"ui_ns":88996,"commit_ns":15815,"profile_ns":9650,"health_ns":5360163458,"query_wait_ms":5.70000011e-05,"query_map_ms":0.00343100005,"query_encode_ms":0.0822549984,"query_copied_bytes":64}
phase-progress {"kind":"phase","phase":"end","frame":152,"submitted":152,"completed":152,"bodies":2620,"joints":2520,"physics_ns":5362623954,"draw_ns":409057,"render_ns":245064732,"ui_ns":88996,"commit_ns":15815,"profile_ns":9650,"health_ns":5360163458,"query_wait_ms":5.70000011e-05,"query_map_ms":0.00343100005,"query_encode_ms":0.0822549984,"query_copied_bytes":64}
phase-progress {"kind":"frame","phase":"end","frame":152,"submitted":152,"completed":152,"bodies":2620,"joints":2520,"physics_ns":5362623954,"draw_ns":409057,"render_ns":245064732,"ui_ns":88996,"commit_ns":15815,"profile_ns":9650,"health_ns":5360163458,"query_wait_ms":5.70000011e-05,"query_map_ms":0.00343100005,"query_encode_ms":0.0822549984,"query_copied_bytes":64}
phase-progress {"kind":"phase","phase":"setters","frame":153,"submitted":152,"completed":152,"bodies":0,"joints":0,"physics_ns":0,"draw_ns":0,"render_ns":0,"ui_ns":0,"commit_ns":0,"profile_ns":0,"health_ns":0,"query_wait_ms":0,"query_map_ms":0,"query_encode_ms":0,"query_copied_bytes":0}
phase-progress {"kind":"phase","phase":"physics","frame":153,"submitted":152,"completed":152,"bodies":0,"joints":0,"physics_ns":0,"draw_ns":0,"render_ns":0,"ui_ns":0,"commit_ns":0,"profile_ns":0,"health_ns":0,"query_wait_ms":0,"query_map_ms":0,"query_encode_ms":0,"query_copied_bytes":0}
phase-progress {"kind":"health_begin","phase":"health","frame":153,"submitted":152,"completed":152,"bodies":2620,"joints":2520,"physics_ns":0,"draw_ns":0,"render_ns":0,"ui_ns":0,"commit_ns":0,"profile_ns":0,"health_ns":0,"query_wait_ms":0,"query_map_ms":0,"query_encode_ms":0,"query_copied_bytes":0}
phase-progress {"kind":"health_end","phase":"health","frame":153,"submitted":152,"completed":152,"bodies":2620,"joints":2520,"physics_ns":0,"draw_ns":0,"render_ns":0,"ui_ns":0,"commit_ns":0,"profile_ns":0,"health_ns":4984842314,"query_wait_ms":0,"query_map_ms":0,"query_encode_ms":0,"query_copied_bytes":0}
phase-progress {"kind":"phase","phase":"profile","frame":153,"submitted":152,"completed":152,"bodies":2620,"joints":2520,"physics_ns":4987305223,"draw_ns":0,"render_ns":0,"ui_ns":0,"commit_ns":0,"profile_ns":0,"health_ns":4984842314,"query_wait_ms":0,"query_map_ms":0,"query_encode_ms":0,"query_copied_bytes":0}
phase-progress {"kind":"phase","phase":"pick","frame":153,"submitted":152,"completed":152,"bodies":2620,"joints":2520,"physics_ns":4987305223,"draw_ns":0,"render_ns":0,"ui_ns":0,"commit_ns":0,"profile_ns":12083,"health_ns":4984842314,"query_wait_ms":0,"query_map_ms":0,"query_encode_ms":0,"query_copied_bytes":0}
phase-progress {"kind":"phase","phase":"draw","frame":153,"submitted":152,"completed":152,"bodies":2620,"joints":2520,"physics_ns":4987305223,"draw_ns":0,"render_ns":0,"ui_ns":0,"commit_ns":0,"profile_ns":12083,"health_ns":4984842314,"query_wait_ms":6.19999992e-05,"query_map_ms":0.003149,"query_encode_ms":0.069667004,"query_copied_bytes":64}
phase-progress {"kind":"phase","phase":"render","frame":153,"submitted":153,"completed":153,"bodies":2620,"joints":2520,"physics_ns":4987305223,"draw_ns":416062,"render_ns":0,"ui_ns":0,"commit_ns":0,"profile_ns":12083,"health_ns":4984842314,"query_wait_ms":6.19999992e-05,"query_map_ms":0.003149,"query_encode_ms":0.069667004,"query_copied_bytes":64}
phase-progress {"kind":"phase","phase":"ui","frame":153,"submitted":153,"completed":153,"bodies":2620,"joints":2520,"physics_ns":4987305223,"draw_ns":416062,"render_ns":247213691,"ui_ns":0,"commit_ns":0,"profile_ns":12083,"health_ns":4984842314,"query_wait_ms":6.19999992e-05,"query_map_ms":0.003149,"query_encode_ms":0.069667004,"query_copied_bytes":64}
phase-progress {"kind":"phase","phase":"commit","frame":153,"submitted":153,"completed":153,"bodies":2620,"joints":2520,"physics_ns":4987305223,"draw_ns":416062,"render_ns":247213691,"ui_ns":92844,"commit_ns":0,"profile_ns":12083,"health_ns":4984842314,"query_wait_ms":6.19999992e-05,"query_map_ms":0.003149,"query_encode_ms":0.069667004,"query_copied_bytes":64}
phase-progress {"kind":"phase","phase":"limiter","frame":153,"submitted":153,"completed":153,"bodies":2620,"joints":2520,"physics_ns":4987305223,"draw_ns":416062,"render_ns":247213691,"ui_ns":92844,"commit_ns":12107,"profile_ns":12083,"health_ns":4984842314,"query_wait_ms":6.19999992e-05,"query_map_ms":0.003149,"query_encode_ms":0.069667004,"query_copied_bytes":64}
phase-progress {"kind":"phase","phase":"end","frame":153,"submitted":153,"completed":153,"bodies":2620,"joints":2520,"physics_ns":4987305223,"draw_ns":416062,"render_ns":247213691,"ui_ns":92844,"commit_ns":12107,"profile_ns":12083,"health_ns":4984842314,"query_wait_ms":6.19999992e-05,"query_map_ms":0.003149,"query_encode_ms":0.069667004,"query_copied_bytes":64}
phase-progress {"kind":"frame","phase":"end","frame":153,"submitted":153,"completed":153,"bodies":2620,"joints":2520,"physics_ns":4987305223,"draw_ns":416062,"render_ns":247213691,"ui_ns":92844,"commit_ns":12107,"profile_ns":12083,"health_ns":4984842314,"query_wait_ms":6.19999992e-05,"query_map_ms":0.003149,"query_encode_ms":0.069667004,"query_copied_bytes":64}
phase-progress {"kind":"phase","phase":"setters","frame":154,"submitted":153,"completed":153,"bodies":0,"joints":0,"physics_ns":0,"draw_ns":0,"render_ns":0,"ui_ns":0,"commit_ns":0,"profile_ns":0,"health_ns":0,"query_wait_ms":0,"query_map_ms":0,"query_encode_ms":0,"query_copied_bytes":0}
phase-progress {"kind":"phase","phase":"physics","frame":154,"submitted":153,"completed":153,"bodies":0,"joints":0,"physics_ns":0,"draw_ns":0,"render_ns":0,"ui_ns":0,"commit_ns":0,"profile_ns":0,"health_ns":0,"query_wait_ms":0,"query_map_ms":0,"query_encode_ms":0,"query_copied_bytes":0}
phase-progress {"kind":"health_begin","phase":"health","frame":154,"submitted":153,"completed":153,"bodies":2620,"joints":2520,"physics_ns":0,"draw_ns":0,"render_ns":0,"ui_ns":0,"commit_ns":0,"profile_ns":0,"health_ns":0,"query_wait_ms":0,"query_map_ms":0,"query_encode_ms":0,"query_copied_bytes":0}
phase-progress {"kind":"health_end","phase":"health","frame":154,"submitted":153,"completed":153,"bodies":2620,"joints":2520,"physics_ns":0,"draw_ns":0,"render_ns":0,"ui_ns":0,"commit_ns":0,"profile_ns":0,"health_ns":4583178469,"query_wait_ms":0,"query_map_ms":0,"query_encode_ms":0,"query_copied_bytes":0}
phase-progress {"kind":"phase","phase":"profile","frame":154,"submitted":153,"completed":153,"bodies":2620,"joints":2520,"physics_ns":4585183661,"draw_ns":0,"render_ns":0,"ui_ns":0,"commit_ns":0,"profile_ns":0,"health_ns":4583178469,"query_wait_ms":0,"query_map_ms":0,"query_encode_ms":0,"query_copied_bytes":0}
phase-progress {"kind":"phase","phase":"pick","frame":154,"submitted":153,"completed":153,"bodies":2620,"joints":2520,"physics_ns":4585183661,"draw_ns":0,"render_ns":0,"ui_ns":0,"commit_ns":0,"profile_ns":8081,"health_ns":4583178469,"query_wait_ms":0,"query_map_ms":0,"query_encode_ms":0,"query_copied_bytes":0}
phase-progress {"kind":"phase","phase":"draw","frame":154,"submitted":153,"completed":153,"bodies":2620,"joints":2520,"physics_ns":4585183661,"draw_ns":0,"render_ns":0,"ui_ns":0,"commit_ns":0,"profile_ns":8081,"health_ns":4583178469,"query_wait_ms":5.80000014e-05,"query_map_ms":0.0032759998,"query_encode_ms":0.0762630031,"query_copied_bytes":64}
phase-progress {"kind":"phase","phase":"render","frame":154,"submitted":154,"completed":154,"bodies":2620,"joints":2520,"physics_ns":4585183661,"draw_ns":413794,"render_ns":0,"ui_ns":0,"commit_ns":0,"profile_ns":8081,"health_ns":4583178469,"query_wait_ms":5.80000014e-05,"query_map_ms":0.0032759998,"query_encode_ms":0.0762630031,"query_copied_bytes":64}
phase-progress {"kind":"phase","phase":"ui","frame":154,"submitted":154,"completed":154,"bodies":2620,"joints":2520,"physics_ns":4585183661,"draw_ns":413794,"render_ns":279422203,"ui_ns":0,"commit_ns":0,"profile_ns":8081,"health_ns":4583178469,"query_wait_ms":5.80000014e-05,"query_map_ms":0.0032759998,"query_encode_ms":0.0762630031,"query_copied_bytes":64}
phase-progress {"kind":"phase","phase":"commit","frame":154,"submitted":154,"completed":154,"bodies":2620,"joints":2520,"physics_ns":4585183661,"draw_ns":413794,"render_ns":279422203,"ui_ns":89940,"commit_ns":0,"profile_ns":8081,"health_ns":4583178469,"query_wait_ms":5.80000014e-05,"query_map_ms":0.0032759998,"query_encode_ms":0.0762630031,"query_copied_bytes":64}
phase-progress {"kind":"phase","phase":"limiter","frame":154,"submitted":154,"completed":154,"bodies":2620,"joints":2520,"physics_ns":4585183661,"draw_ns":413794,"render_ns":279422203,"ui_ns":89940,"commit_ns":15565,"profile_ns":8081,"health_ns":4583178469,"query_wait_ms":5.80000014e-05,"query_map_ms":0.0032759998,"query_encode_ms":0.0762630031,"query_copied_bytes":64}
phase-progress {"kind":"phase","phase":"end","frame":154,"submitted":154,"completed":154,"bodies":2620,"joints":2520,"physics_ns":4585183661,"draw_ns":413794,"render_ns":279422203,"ui_ns":89940,"commit_ns":15565,"profile_ns":8081,"health_ns":4583178469,"query_wait_ms":5.80000014e-05,"query_map_ms":0.0032759998,"query_encode_ms":0.0762630031,"query_copied_bytes":64}
phase-progress {"kind":"frame","phase":"end","frame":154,"submitted":154,"completed":154,"bodies":2620,"joints":2520,"physics_ns":4585183661,"draw_ns":413794,"render_ns":279422203,"ui_ns":89940,"commit_ns":15565,"profile_ns":8081,"health_ns":4583178469,"query_wait_ms":5.80000014e-05,"query_map_ms":0.0032759998,"query_encode_ms":0.0762630031,"query_copied_bytes":64}
phase-progress {"kind":"phase","phase":"setters","frame":155,"submitted":154,"completed":154,"bodies":0,"joints":0,"physics_ns":0,"draw_ns":0,"render_ns":0,"ui_ns":0,"commit_ns":0,"profile_ns":0,"health_ns":0,"query_wait_ms":0,"query_map_ms":0,"query_encode_ms":0,"query_copied_bytes":0}
phase-progress {"kind":"phase","phase":"physics","frame":155,"submitted":154,"completed":154,"bodies":0,"joints":0,"physics_ns":0,"draw_ns":0,"render_ns":0,"ui_ns":0,"commit_ns":0,"profile_ns":0,"health_ns":0,"query_wait_ms":0,"query_map_ms":0,"query_encode_ms":0,"query_copied_bytes":0}
phase-progress {"kind":"health_begin","phase":"health","frame":155,"submitted":154,"completed":154,"bodies":2620,"joints":2520,"physics_ns":0,"draw_ns":0,"render_ns":0,"ui_ns":0,"commit_ns":0,"profile_ns":0,"health_ns":0,"query_wait_ms":0,"query_map_ms":0,"query_encode_ms":0,"query_copied_bytes":0}
phase-progress {"kind":"health_end","phase":"health","frame":155,"submitted":154,"completed":154,"bodies":2620,"joints":2520,"physics_ns":0,"draw_ns":0,"render_ns":0,"ui_ns":0,"commit_ns":0,"profile_ns":0,"health_ns":4806328690,"query_wait_ms":0,"query_map_ms":0,"query_encode_ms":0,"query_copied_bytes":0}
phase-progress {"kind":"phase","phase":"profile","frame":155,"submitted":154,"completed":154,"bodies":2620,"joints":2520,"physics_ns":4808889117,"draw_ns":0,"render_ns":0,"ui_ns":0,"commit_ns":0,"profile_ns":0,"health_ns":4806328690,"query_wait_ms":0,"query_map_ms":0,"query_encode_ms":0,"query_copied_bytes":0}
phase-progress {"kind":"phase","phase":"pick","frame":155,"submitted":154,"completed":154,"bodies":2620,"joints":2520,"physics_ns":4808889117,"draw_ns":0,"render_ns":0,"ui_ns":0,"commit_ns":0,"profile_ns":8158,"health_ns":4806328690,"query_wait_ms":0,"query_map_ms":0,"query_encode_ms":0,"query_copied_bytes":0}
phase-progress {"kind":"phase","phase":"draw","frame":155,"submitted":154,"completed":154,"bodies":2620,"joints":2520,"physics_ns":4808889117,"draw_ns":0,"render_ns":0,"ui_ns":0,"commit_ns":0,"profile_ns":8158,"health_ns":4806328690,"query_wait_ms":5.90000018e-05,"query_map_ms":0.00328999991,"query_encode_ms":0.0815859959,"query_copied_bytes":64}
phase-progress {"kind":"phase","phase":"render","frame":155,"submitted":155,"completed":155,"bodies":2620,"joints":2520,"physics_ns":4808889117,"draw_ns":406691,"render_ns":0,"ui_ns":0,"commit_ns":0,"profile_ns":8158,"health_ns":4806328690,"query_wait_ms":5.90000018e-05,"query_map_ms":0.00328999991,"query_encode_ms":0.0815859959,"query_copied_bytes":64}
phase-progress {"kind":"phase","phase":"ui","frame":155,"submitted":155,"completed":155,"bodies":2620,"joints":2520,"physics_ns":4808889117,"draw_ns":406691,"render_ns":275124853,"ui_ns":0,"commit_ns":0,"profile_ns":8158,"health_ns":4806328690,"query_wait_ms":5.90000018e-05,"query_map_ms":0.00328999991,"query_encode_ms":0.0815859959,"query_copied_bytes":64}
phase-progress {"kind":"phase","phase":"commit","frame":155,"submitted":155,"completed":155,"bodies":2620,"joints":2520,"physics_ns":4808889117,"draw_ns":406691,"render_ns":275124853,"ui_ns":87689,"commit_ns":0,"profile_ns":8158,"health_ns":4806328690,"query_wait_ms":5.90000018e-05,"query_map_ms":0.00328999991,"query_encode_ms":0.0815859959,"query_copied_bytes":64}
phase-progress {"kind":"phase","phase":"limiter","frame":155,"submitted":155,"completed":155,"bodies":2620,"joints":2520,"physics_ns":4808889117,"draw_ns":406691,"render_ns":275124853,"ui_ns":87689,"commit_ns":15755,"profile_ns":8158,"health_ns":4806328690,"query_wait_ms":5.90000018e-05,"query_map_ms":0.00328999991,"query_encode_ms":0.0815859959,"query_copied_bytes":64}
phase-progress {"kind":"phase","phase":"end","frame":155,"submitted":155,"completed":155,"bodies":2620,"joints":2520,"physics_ns":4808889117,"draw_ns":406691,"render_ns":275124853,"ui_ns":87689,"commit_ns":15755,"profile_ns":8158,"health_ns":4806328690,"query_wait_ms":5.90000018e-05,"query_map_ms":0.00328999991,"query_encode_ms":0.0815859959,"query_copied_bytes":64}
phase-progress {"kind":"frame","phase":"end","frame":155,"submitted":155,"completed":155,"bodies":2620,"joints":2520,"physics_ns":4808889117,"draw_ns":406691,"render_ns":275124853,"ui_ns":87689,"commit_ns":15755,"profile_ns":8158,"health_ns":4806328690,"query_wait_ms":5.90000018e-05,"query_map_ms":0.00328999991,"query_encode_ms":0.0815859959,"query_copied_bytes":64}
phase-progress {"kind":"phase","phase":"setters","frame":156,"submitted":155,"completed":155,"bodies":0,"joints":0,"physics_ns":0,"draw_ns":0,"render_ns":0,"ui_ns":0,"commit_ns":0,"profile_ns":0,"health_ns":0,"query_wait_ms":0,"query_map_ms":0,"query_encode_ms":0,"query_copied_bytes":0}
phase-progress {"kind":"phase","phase":"physics","frame":156,"submitted":155,"completed":155,"bodies":0,"joints":0,"physics_ns":0,"draw_ns":0,"render_ns":0,"ui_ns":0,"commit_ns":0,"profile_ns":0,"health_ns":0,"query_wait_ms":0,"query_map_ms":0,"query_encode_ms":0,"query_copied_bytes":0}
phase-progress {"kind":"health_begin","phase":"health","frame":156,"submitted":155,"completed":155,"bodies":2620,"joints":2520,"physics_ns":0,"draw_ns":0,"render_ns":0,"ui_ns":0,"commit_ns":0,"profile_ns":0,"health_ns":0,"query_wait_ms":0,"query_map_ms":0,"query_encode_ms":0,"query_copied_bytes":0}
phase-progress {"kind":"health_end","phase":"health","frame":156,"submitted":155,"completed":155,"bodies":2620,"joints":2520,"physics_ns":0,"draw_ns":0,"render_ns":0,"ui_ns":0,"commit_ns":0,"profile_ns":0,"health_ns":5357030662,"query_wait_ms":0,"query_map_ms":0,"query_encode_ms":0,"query_copied_bytes":0}
phase-progress {"kind":"phase","phase":"profile","frame":156,"submitted":155,"completed":155,"bodies":2620,"joints":2520,"physics_ns":5360474188,"draw_ns":0,"render_ns":0,"ui_ns":0,"commit_ns":0,"profile_ns":0,"health_ns":5357030662,"query_wait_ms":0,"query_map_ms":0,"query_encode_ms":0,"query_copied_bytes":0}
phase-progress {"kind":"phase","phase":"pick","frame":156,"submitted":155,"completed":155,"bodies":2620,"joints":2520,"physics_ns":5360474188,"draw_ns":0,"render_ns":0,"ui_ns":0,"commit_ns":0,"profile_ns":8308,"health_ns":5357030662,"query_wait_ms":0,"query_map_ms":0,"query_encode_ms":0,"query_copied_bytes":0}
phase-progress {"kind":"phase","phase":"draw","frame":156,"submitted":155,"completed":155,"bodies":2620,"joints":2520,"physics_ns":5360474188,"draw_ns":0,"render_ns":0,"ui_ns":0,"commit_ns":0,"profile_ns":8308,"health_ns":5357030662,"query_wait_ms":6.10000025e-05,"query_map_ms":0.00322100008,"query_encode_ms":0.0936729982,"query_copied_bytes":64}
phase-progress {"kind":"phase","phase":"render","frame":156,"submitted":156,"completed":156,"bodies":2620,"joints":2520,"physics_ns":5360474188,"draw_ns":415752,"render_ns":0,"ui_ns":0,"commit_ns":0,"profile_ns":8308,"health_ns":5357030662,"query_wait_ms":6.10000025e-05,"query_map_ms":0.00322100008,"query_encode_ms":0.0936729982,"query_copied_bytes":64}
phase-progress {"kind":"phase","phase":"ui","frame":156,"submitted":156,"completed":156,"bodies":2620,"joints":2520,"physics_ns":5360474188,"draw_ns":415752,"render_ns":258269808,"ui_ns":0,"commit_ns":0,"profile_ns":8308,"health_ns":5357030662,"query_wait_ms":6.10000025e-05,"query_map_ms":0.00322100008,"query_encode_ms":0.0936729982,"query_copied_bytes":64}
phase-progress {"kind":"phase","phase":"commit","frame":156,"submitted":156,"completed":156,"bodies":2620,"joints":2520,"physics_ns":5360474188,"draw_ns":415752,"render_ns":258269808,"ui_ns":95073,"commit_ns":0,"profile_ns":8308,"health_ns":5357030662,"query_wait_ms":6.10000025e-05,"query_map_ms":0.00322100008,"query_encode_ms":0.0936729982,"query_copied_bytes":64}
phase-progress {"kind":"phase","phase":"limiter","frame":156,"submitted":156,"completed":156,"bodies":2620,"joints":2520,"physics_ns":5360474188,"draw_ns":415752,"render_ns":258269808,"ui_ns":95073,"commit_ns":16343,"profile_ns":8308,"health_ns":5357030662,"query_wait_ms":6.10000025e-05,"query_map_ms":0.00322100008,"query_encode_ms":0.0936729982,"query_copied_bytes":64}
phase-progress {"kind":"phase","phase":"end","frame":156,"submitted":156,"completed":156,"bodies":2620,"joints":2520,"physics_ns":5360474188,"draw_ns":415752,"render_ns":258269808,"ui_ns":95073,"commit_ns":16343,"profile_ns":8308,"health_ns":5357030662,"query_wait_ms":6.10000025e-05,"query_map_ms":0.00322100008,"query_encode_ms":0.0936729982,"query_copied_bytes":64}
phase-progress {"kind":"frame","phase":"end","frame":156,"submitted":156,"completed":156,"bodies":2620,"joints":2520,"physics_ns":5360474188,"draw_ns":415752,"render_ns":258269808,"ui_ns":95073,"commit_ns":16343,"profile_ns":8308,"health_ns":5357030662,"query_wait_ms":6.10000025e-05,"query_map_ms":0.00322100008,"query_encode_ms":0.0936729982,"query_copied_bytes":64}
phase-progress {"kind":"phase","phase":"setters","frame":157,"submitted":156,"completed":156,"bodies":0,"joints":0,"physics_ns":0,"draw_ns":0,"render_ns":0,"ui_ns":0,"commit_ns":0,"profile_ns":0,"health_ns":0,"query_wait_ms":0,"query_map_ms":0,"query_encode_ms":0,"query_copied_bytes":0}
phase-progress {"kind":"phase","phase":"physics","frame":157,"submitted":156,"completed":156,"bodies":0,"joints":0,"physics_ns":0,"draw_ns":0,"render_ns":0,"ui_ns":0,"commit_ns":0,"profile_ns":0,"health_ns":0,"query_wait_ms":0,"query_map_ms":0,"query_encode_ms":0,"query_copied_bytes":0}
phase-progress {"kind":"health_begin","phase":"health","frame":157,"submitted":156,"completed":156,"bodies":2620,"joints":2520,"physics_ns":0,"draw_ns":0,"render_ns":0,"ui_ns":0,"commit_ns":0,"profile_ns":0,"health_ns":0,"query_wait_ms":0,"query_map_ms":0,"query_encode_ms":0,"query_copied_bytes":0}
phase-progress {"kind":"health_end","phase":"health","frame":157,"submitted":156,"completed":156,"bodies":2620,"joints":2520,"physics_ns":0,"draw_ns":0,"render_ns":0,"ui_ns":0,"commit_ns":0,"profile_ns":0,"health_ns":5286383004,"query_wait_ms":0,"query_map_ms":0,"query_encode_ms":0,"query_copied_bytes":0}
phase-progress {"kind":"phase","phase":"profile","frame":157,"submitted":156,"completed":156,"bodies":2620,"joints":2520,"physics_ns":5288917216,"draw_ns":0,"render_ns":0,"ui_ns":0,"commit_ns":0,"profile_ns":0,"health_ns":5286383004,"query_wait_ms":0,"query_map_ms":0,"query_encode_ms":0,"query_copied_bytes":0}
phase-progress {"kind":"phase","phase":"pick","frame":157,"submitted":156,"completed":156,"bodies":2620,"joints":2520,"physics_ns":5288917216,"draw_ns":0,"render_ns":0,"ui_ns":0,"commit_ns":0,"profile_ns":8708,"health_ns":5286383004,"query_wait_ms":0,"query_map_ms":0,"query_encode_ms":0,"query_copied_bytes":0}
phase-progress {"kind":"phase","phase":"draw","frame":157,"submitted":156,"completed":156,"bodies":2620,"joints":2520,"physics_ns":5288917216,"draw_ns":0,"render_ns":0,"ui_ns":0,"commit_ns":0,"profile_ns":8708,"health_ns":5286383004,"query_wait_ms":7.39999959e-05,"query_map_ms":0.00356999994,"query_encode_ms":0.0840179995,"query_copied_bytes":64}
phase-progress {"kind":"phase","phase":"render","frame":157,"submitted":157,"completed":157,"bodies":2620,"joints":2520,"physics_ns":5288917216,"draw_ns":414984,"render_ns":0,"ui_ns":0,"commit_ns":0,"profile_ns":8708,"health_ns":5286383004,"query_wait_ms":7.39999959e-05,"query_map_ms":0.00356999994,"query_encode_ms":0.0840179995,"query_copied_bytes":64}
phase-progress {"kind":"phase","phase":"ui","frame":157,"submitted":157,"completed":157,"bodies":2620,"joints":2520,"physics_ns":5288917216,"draw_ns":414984,"render_ns":262698583,"ui_ns":0,"commit_ns":0,"profile_ns":8708,"health_ns":5286383004,"query_wait_ms":7.39999959e-05,"query_map_ms":0.00356999994,"query_encode_ms":0.0840179995,"query_copied_bytes":64}
phase-progress {"kind":"phase","phase":"commit","frame":157,"submitted":157,"completed":157,"bodies":2620,"joints":2520,"physics_ns":5288917216,"draw_ns":414984,"render_ns":262698583,"ui_ns":114328,"commit_ns":0,"profile_ns":8708,"health_ns":5286383004,"query_wait_ms":7.39999959e-05,"query_map_ms":0.00356999994,"query_encode_ms":0.0840179995,"query_copied_bytes":64}
phase-progress {"kind":"phase","phase":"limiter","frame":157,"submitted":157,"completed":157,"bodies":2620,"joints":2520,"physics_ns":5288917216,"draw_ns":414984,"render_ns":262698583,"ui_ns":114328,"commit_ns":23613,"profile_ns":8708,"health_ns":5286383004,"query_wait_ms":7.39999959e-05,"query_map_ms":0.00356999994,"query_encode_ms":0.0840179995,"query_copied_bytes":64}
phase-progress {"kind":"phase","phase":"end","frame":157,"submitted":157,"completed":157,"bodies":2620,"joints":2520,"physics_ns":5288917216,"draw_ns":414984,"render_ns":262698583,"ui_ns":114328,"commit_ns":23613,"profile_ns":8708,"health_ns":5286383004,"query_wait_ms":7.39999959e-05,"query_map_ms":0.00356999994,"query_encode_ms":0.0840179995,"query_copied_bytes":64}
phase-progress {"kind":"frame","phase":"end","frame":157,"submitted":157,"completed":157,"bodies":2620,"joints":2520,"physics_ns":5288917216,"draw_ns":414984,"render_ns":262698583,"ui_ns":114328,"commit_ns":23613,"profile_ns":8708,"health_ns":5286383004,"query_wait_ms":7.39999959e-05,"query_map_ms":0.00356999994,"query_encode_ms":0.0840179995,"query_copied_bytes":64}
phase-progress {"kind":"phase","phase":"setters","frame":158,"submitted":157,"completed":157,"bodies":0,"joints":0,"physics_ns":0,"draw_ns":0,"render_ns":0,"ui_ns":0,"commit_ns":0,"profile_ns":0,"health_ns":0,"query_wait_ms":0,"query_map_ms":0,"query_encode_ms":0,"query_copied_bytes":0}
phase-progress {"kind":"phase","phase":"physics","frame":158,"submitted":157,"completed":157,"bodies":0,"joints":0,"physics_ns":0,"draw_ns":0,"render_ns":0,"ui_ns":0,"commit_ns":0,"profile_ns":0,"health_ns":0,"query_wait_ms":0,"query_map_ms":0,"query_encode_ms":0,"query_copied_bytes":0}
phase-progress {"kind":"health_begin","phase":"health","frame":158,"submitted":157,"completed":157,"bodies":2620,"joints":2520,"physics_ns":0,"draw_ns":0,"render_ns":0,"ui_ns":0,"commit_ns":0,"profile_ns":0,"health_ns":0,"query_wait_ms":0,"query_map_ms":0,"query_encode_ms":0,"query_copied_bytes":0}
phase-progress {"kind":"health_end","phase":"health","frame":158,"submitted":157,"completed":157,"bodies":2620,"joints":2520,"physics_ns":0,"draw_ns":0,"render_ns":0,"ui_ns":0,"commit_ns":0,"profile_ns":0,"health_ns":4513890394,"query_wait_ms":0,"query_map_ms":0,"query_encode_ms":0,"query_copied_bytes":0}
phase-progress {"kind":"phase","phase":"profile","frame":158,"submitted":157,"completed":157,"bodies":2620,"joints":2520,"physics_ns":4516381906,"draw_ns":0,"render_ns":0,"ui_ns":0,"commit_ns":0,"profile_ns":0,"health_ns":4513890394,"query_wait_ms":0,"query_map_ms":0,"query_encode_ms":0,"query_copied_bytes":0}
phase-progress {"kind":"phase","phase":"pick","frame":158,"submitted":157,"completed":157,"bodies":2620,"joints":2520,"physics_ns":4516381906,"draw_ns":0,"render_ns":0,"ui_ns":0,"commit_ns":0,"profile_ns":8556,"health_ns":4513890394,"query_wait_ms":0,"query_map_ms":0,"query_encode_ms":0,"query_copied_bytes":0}
phase-progress {"kind":"phase","phase":"draw","frame":158,"submitted":157,"completed":157,"bodies":2620,"joints":2520,"physics_ns":4516381906,"draw_ns":0,"render_ns":0,"ui_ns":0,"commit_ns":0,"profile_ns":8556,"health_ns":4513890394,"query_wait_ms":7.90000049e-05,"query_map_ms":0.00344000012,"query_encode_ms":0.0814879984,"query_copied_bytes":64}
phase-progress {"kind":"phase","phase":"render","frame":158,"submitted":158,"completed":158,"bodies":2620,"joints":2520,"physics_ns":4516381906,"draw_ns":399205,"render_ns":0,"ui_ns":0,"commit_ns":0,"profile_ns":8556,"health_ns":4513890394,"query_wait_ms":7.90000049e-05,"query_map_ms":0.00344000012,"query_encode_ms":0.0814879984,"query_copied_bytes":64}
phase-progress {"kind":"phase","phase":"ui","frame":158,"submitted":158,"completed":158,"bodies":2620,"joints":2520,"physics_ns":4516381906,"draw_ns":399205,"render_ns":261412928,"ui_ns":0,"commit_ns":0,"profile_ns":8556,"health_ns":4513890394,"query_wait_ms":7.90000049e-05,"query_map_ms":0.00344000012,"query_encode_ms":0.0814879984,"query_copied_bytes":64}
phase-progress {"kind":"phase","phase":"commit","frame":158,"submitted":158,"completed":158,"bodies":2620,"joints":2520,"physics_ns":4516381906,"draw_ns":399205,"render_ns":261412928,"ui_ns":89887,"commit_ns":0,"profile_ns":8556,"health_ns":4513890394,"query_wait_ms":7.90000049e-05,"query_map_ms":0.00344000012,"query_encode_ms":0.0814879984,"query_copied_bytes":64}
phase-progress {"kind":"phase","phase":"limiter","frame":158,"submitted":158,"completed":158,"bodies":2620,"joints":2520,"physics_ns":4516381906,"draw_ns":399205,"render_ns":261412928,"ui_ns":89887,"commit_ns":15631,"profile_ns":8556,"health_ns":4513890394,"query_wait_ms":7.90000049e-05,"query_map_ms":0.00344000012,"query_encode_ms":0.0814879984,"query_copied_bytes":64}
phase-progress {"kind":"phase","phase":"end","frame":158,"submitted":158,"completed":158,"bodies":2620,"joints":2520,"physics_ns":4516381906,"draw_ns":399205,"render_ns":261412928,"ui_ns":89887,"commit_ns":15631,"profile_ns":8556,"health_ns":4513890394,"query_wait_ms":7.90000049e-05,"query_map_ms":0.00344000012,"query_encode_ms":0.0814879984,"query_copied_bytes":64}
phase-progress {"kind":"frame","phase":"end","frame":158,"submitted":158,"completed":158,"bodies":2620,"joints":2520,"physics_ns":4516381906,"draw_ns":399205,"render_ns":261412928,"ui_ns":89887,"commit_ns":15631,"profile_ns":8556,"health_ns":4513890394,"query_wait_ms":7.90000049e-05,"query_map_ms":0.00344000012,"query_encode_ms":0.0814879984,"query_copied_bytes":64}
phase-progress {"kind":"phase","phase":"setters","frame":159,"submitted":158,"completed":158,"bodies":0,"joints":0,"physics_ns":0,"draw_ns":0,"render_ns":0,"ui_ns":0,"commit_ns":0,"profile_ns":0,"health_ns":0,"query_wait_ms":0,"query_map_ms":0,"query_encode_ms":0,"query_copied_bytes":0}
phase-progress {"kind":"phase","phase":"physics","frame":159,"submitted":158,"completed":158,"bodies":0,"joints":0,"physics_ns":0,"draw_ns":0,"render_ns":0,"ui_ns":0,"commit_ns":0,"profile_ns":0,"health_ns":0,"query_wait_ms":0,"query_map_ms":0,"query_encode_ms":0,"query_copied_bytes":0}
phase-progress {"kind":"health_begin","phase":"health","frame":159,"submitted":158,"completed":158,"bodies":2620,"joints":2520,"physics_ns":0,"draw_ns":0,"render_ns":0,"ui_ns":0,"commit_ns":0,"profile_ns":0,"health_ns":0,"query_wait_ms":0,"query_map_ms":0,"query_encode_ms":0,"query_copied_bytes":0}
phase-progress {"kind":"health_end","phase":"health","frame":159,"submitted":158,"completed":158,"bodies":2620,"joints":2520,"physics_ns":0,"draw_ns":0,"render_ns":0,"ui_ns":0,"commit_ns":0,"profile_ns":0,"health_ns":5498100734,"query_wait_ms":0,"query_map_ms":0,"query_encode_ms":0,"query_copied_bytes":0}
phase-progress {"kind":"phase","phase":"profile","frame":159,"submitted":158,"completed":158,"bodies":2620,"joints":2520,"physics_ns":5500537908,"draw_ns":0,"render_ns":0,"ui_ns":0,"commit_ns":0,"profile_ns":0,"health_ns":5498100734,"query_wait_ms":0,"query_map_ms":0,"query_encode_ms":0,"query_copied_bytes":0}
phase-progress {"kind":"phase","phase":"pick","frame":159,"submitted":158,"completed":158,"bodies":2620,"joints":2520,"physics_ns":5500537908,"draw_ns":0,"render_ns":0,"ui_ns":0,"commit_ns":0,"profile_ns":8343,"health_ns":5498100734,"query_wait_ms":0,"query_map_ms":0,"query_encode_ms":0,"query_copied_bytes":0}
phase-progress {"kind":"phase","phase":"draw","frame":159,"submitted":158,"completed":158,"bodies":2620,"joints":2520,"physics_ns":5500537908,"draw_ns":0,"render_ns":0,"ui_ns":0,"commit_ns":0,"profile_ns":8343,"health_ns":5498100734,"query_wait_ms":6.19999992e-05,"query_map_ms":0.00325800013,"query_encode_ms":0.084897995,"query_copied_bytes":64}
phase-progress {"kind":"phase","phase":"render","frame":159,"submitted":159,"completed":159,"bodies":2620,"joints":2520,"physics_ns":5500537908,"draw_ns":411929,"render_ns":0,"ui_ns":0,"commit_ns":0,"profile_ns":8343,"health_ns":5498100734,"query_wait_ms":6.19999992e-05,"query_map_ms":0.00325800013,"query_encode_ms":0.084897995,"query_copied_bytes":64}
phase-progress {"kind":"phase","phase":"ui","frame":159,"submitted":159,"completed":159,"bodies":2620,"joints":2520,"physics_ns":5500537908,"draw_ns":411929,"render_ns":259520075,"ui_ns":0,"commit_ns":0,"profile_ns":8343,"health_ns":5498100734,"query_wait_ms":6.19999992e-05,"query_map_ms":0.00325800013,"query_encode_ms":0.084897995,"query_copied_bytes":64}
phase-progress {"kind":"phase","phase":"commit","frame":159,"submitted":159,"completed":159,"bodies":2620,"joints":2520,"physics_ns":5500537908,"draw_ns":411929,"render_ns":259520075,"ui_ns":94579,"commit_ns":0,"profile_ns":8343,"health_ns":5498100734,"query_wait_ms":6.19999992e-05,"query_map_ms":0.00325800013,"query_encode_ms":0.084897995,"query_copied_bytes":64}
phase-progress {"kind":"phase","phase":"limiter","frame":159,"submitted":159,"completed":159,"bodies":2620,"joints":2520,"physics_ns":5500537908,"draw_ns":411929,"render_ns":259520075,"ui_ns":94579,"commit_ns":15905,"profile_ns":8343,"health_ns":5498100734,"query_wait_ms":6.19999992e-05,"query_map_ms":0.00325800013,"query_encode_ms":0.084897995,"query_copied_bytes":64}
phase-progress {"kind":"phase","phase":"end","frame":159,"submitted":159,"completed":159,"bodies":2620,"joints":2520,"physics_ns":5500537908,"draw_ns":411929,"render_ns":259520075,"ui_ns":94579,"commit_ns":15905,"profile_ns":8343,"health_ns":5498100734,"query_wait_ms":6.19999992e-05,"query_map_ms":0.00325800013,"query_encode_ms":0.084897995,"query_copied_bytes":64}
phase-progress {"kind":"frame","phase":"end","frame":159,"submitted":159,"completed":159,"bodies":2620,"joints":2520,"physics_ns":5500537908,"draw_ns":411929,"render_ns":259520075,"ui_ns":94579,"commit_ns":15905,"profile_ns":8343,"health_ns":5498100734,"query_wait_ms":6.19999992e-05,"query_map_ms":0.00325800013,"query_encode_ms":0.084897995,"query_copied_bytes":64}
phase-progress {"kind":"phase","phase":"setters","frame":160,"submitted":159,"completed":159,"bodies":0,"joints":0,"physics_ns":0,"draw_ns":0,"render_ns":0,"ui_ns":0,"commit_ns":0,"profile_ns":0,"health_ns":0,"query_wait_ms":0,"query_map_ms":0,"query_encode_ms":0,"query_copied_bytes":0}
phase-progress {"kind":"phase","phase":"physics","frame":160,"submitted":159,"completed":159,"bodies":0,"joints":0,"physics_ns":0,"draw_ns":0,"render_ns":0,"ui_ns":0,"commit_ns":0,"profile_ns":0,"health_ns":0,"query_wait_ms":0,"query_map_ms":0,"query_encode_ms":0,"query_copied_bytes":0}
phase-progress {"kind":"health_begin","phase":"health","frame":160,"submitted":159,"completed":159,"bodies":2620,"joints":2520,"physics_ns":0,"draw_ns":0,"render_ns":0,"ui_ns":0,"commit_ns":0,"profile_ns":0,"health_ns":0,"query_wait_ms":0,"query_map_ms":0,"query_encode_ms":0,"query_copied_bytes":0}
phase-progress {"kind":"health_end","phase":"health","frame":160,"submitted":159,"completed":159,"bodies":2620,"joints":2520,"physics_ns":0,"draw_ns":0,"render_ns":0,"ui_ns":0,"commit_ns":0,"profile_ns":0,"health_ns":4550957667,"query_wait_ms":0,"query_map_ms":0,"query_encode_ms":0,"query_copied_bytes":0}
phase-progress {"kind":"phase","phase":"profile","frame":160,"submitted":159,"completed":159,"bodies":2620,"joints":2520,"physics_ns":4553509014,"draw_ns":0,"render_ns":0,"ui_ns":0,"commit_ns":0,"profile_ns":0,"health_ns":4550957667,"query_wait_ms":0,"query_map_ms":0,"query_encode_ms":0,"query_copied_bytes":0}
phase-progress {"kind":"phase","phase":"pick","frame":160,"submitted":159,"completed":159,"bodies":2620,"joints":2520,"physics_ns":4553509014,"draw_ns":0,"render_ns":0,"ui_ns":0,"commit_ns":0,"profile_ns":9161,"health_ns":4550957667,"query_wait_ms":0,"query_map_ms":0,"query_encode_ms":0,"query_copied_bytes":0}
phase-progress {"kind":"phase","phase":"draw","frame":160,"submitted":159,"completed":159,"bodies":2620,"joints":2520,"physics_ns":4553509014,"draw_ns":0,"render_ns":0,"ui_ns":0,"commit_ns":0,"profile_ns":9161,"health_ns":4550957667,"query_wait_ms":6.50000002e-05,"query_map_ms":0.00467299996,"query_encode_ms":0.132621989,"query_copied_bytes":64}
phase-progress {"kind":"phase","phase":"render","frame":160,"submitted":160,"completed":160,"bodies":2620,"joints":2520,"physics_ns":4553509014,"draw_ns":436200,"render_ns":0,"ui_ns":0,"commit_ns":0,"profile_ns":9161,"health_ns":4550957667,"query_wait_ms":6.50000002e-05,"query_map_ms":0.00467299996,"query_encode_ms":0.132621989,"query_copied_bytes":64}
phase-progress {"kind":"phase","phase":"ui","frame":160,"submitted":160,"completed":160,"bodies":2620,"joints":2520,"physics_ns":4553509014,"draw_ns":436200,"render_ns":263438175,"ui_ns":0,"commit_ns":0,"profile_ns":9161,"health_ns":4550957667,"query_wait_ms":6.50000002e-05,"query_map_ms":0.00467299996,"query_encode_ms":0.132621989,"query_copied_bytes":64}
phase-progress {"kind":"phase","phase":"commit","frame":160,"submitted":160,"completed":160,"bodies":2620,"joints":2520,"physics_ns":4553509014,"draw_ns":436200,"render_ns":263438175,"ui_ns":107297,"commit_ns":0,"profile_ns":9161,"health_ns":4550957667,"query_wait_ms":6.50000002e-05,"query_map_ms":0.00467299996,"query_encode_ms":0.132621989,"query_copied_bytes":64}
phase-progress {"kind":"phase","phase":"limiter","frame":160,"submitted":160,"completed":160,"bodies":2620,"joints":2520,"physics_ns":4553509014,"draw_ns":436200,"render_ns":263438175,"ui_ns":107297,"commit_ns":28515,"profile_ns":9161,"health_ns":4550957667,"query_wait_ms":6.50000002e-05,"query_map_ms":0.00467299996,"query_encode_ms":0.132621989,"query_copied_bytes":64}
phase-progress {"kind":"phase","phase":"end","frame":160,"submitted":160,"completed":160,"bodies":2620,"joints":2520,"physics_ns":4553509014,"draw_ns":436200,"render_ns":263438175,"ui_ns":107297,"commit_ns":28515,"profile_ns":9161,"health_ns":4550957667,"query_wait_ms":6.50000002e-05,"query_map_ms":0.00467299996,"query_encode_ms":0.132621989,"query_copied_bytes":64}
phase-progress {"kind":"frame","phase":"end","frame":160,"submitted":160,"completed":160,"bodies":2620,"joints":2520,"physics_ns":4553509014,"draw_ns":436200,"render_ns":263438175,"ui_ns":107297,"commit_ns":28515,"profile_ns":9161,"health_ns":4550957667,"query_wait_ms":6.50000002e-05,"query_map_ms":0.00467299996,"query_encode_ms":0.132621989,"query_copied_bytes":64}
phase-progress {"kind":"phase","phase":"setters","frame":161,"submitted":160,"completed":160,"bodies":0,"joints":0,"physics_ns":0,"draw_ns":0,"render_ns":0,"ui_ns":0,"commit_ns":0,"profile_ns":0,"health_ns":0,"query_wait_ms":0,"query_map_ms":0,"query_encode_ms":0,"query_copied_bytes":0}
phase-progress {"kind":"phase","phase":"physics","frame":161,"submitted":160,"completed":160,"bodies":0,"joints":0,"physics_ns":0,"draw_ns":0,"render_ns":0,"ui_ns":0,"commit_ns":0,"profile_ns":0,"health_ns":0,"query_wait_ms":0,"query_map_ms":0,"query_encode_ms":0,"query_copied_bytes":0}
phase-progress {"kind":"health_begin","phase":"health","frame":161,"submitted":160,"completed":160,"bodies":2620,"joints":2520,"physics_ns":0,"draw_ns":0,"render_ns":0,"ui_ns":0,"commit_ns":0,"profile_ns":0,"health_ns":0,"query_wait_ms":0,"query_map_ms":0,"query_encode_ms":0,"query_copied_bytes":0}
phase-progress {"kind":"health_end","phase":"health","frame":161,"submitted":160,"completed":160,"bodies":2620,"joints":2520,"physics_ns":0,"draw_ns":0,"render_ns":0,"ui_ns":0,"commit_ns":0,"profile_ns":0,"health_ns":4526127034,"query_wait_ms":0,"query_map_ms":0,"query_encode_ms":0,"query_copied_bytes":0}
phase-progress {"kind":"phase","phase":"profile","frame":161,"submitted":160,"completed":160,"bodies":2620,"joints":2520,"physics_ns":4528539252,"draw_ns":0,"render_ns":0,"ui_ns":0,"commit_ns":0,"profile_ns":0,"health_ns":4526127034,"query_wait_ms":0,"query_map_ms":0,"query_encode_ms":0,"query_copied_bytes":0}
phase-progress {"kind":"phase","phase":"pick","frame":161,"submitted":160,"completed":160,"bodies":2620,"joints":2520,"physics_ns":4528539252,"draw_ns":0,"render_ns":0,"ui_ns":0,"commit_ns":0,"profile_ns":8459,"health_ns":4526127034,"query_wait_ms":0,"query_map_ms":0,"query_encode_ms":0,"query_copied_bytes":0}
phase-progress {"kind":"phase","phase":"draw","frame":161,"submitted":160,"completed":160,"bodies":2620,"joints":2520,"physics_ns":4528539252,"draw_ns":0,"render_ns":0,"ui_ns":0,"commit_ns":0,"profile_ns":8459,"health_ns":4526127034,"query_wait_ms":8.30000063e-05,"query_map_ms":0.00321,"query_encode_ms":0.0819609985,"query_copied_bytes":64}
phase-progress {"kind":"phase","phase":"render","frame":161,"submitted":161,"completed":161,"bodies":2620,"joints":2520,"physics_ns":4528539252,"draw_ns":405136,"render_ns":0,"ui_ns":0,"commit_ns":0,"profile_ns":8459,"health_ns":4526127034,"query_wait_ms":8.30000063e-05,"query_map_ms":0.00321,"query_encode_ms":0.0819609985,"query_copied_bytes":64}
phase-progress {"kind":"phase","phase":"ui","frame":161,"submitted":161,"completed":161,"bodies":2620,"joints":2520,"physics_ns":4528539252,"draw_ns":405136,"render_ns":255188478,"ui_ns":0,"commit_ns":0,"profile_ns":8459,"health_ns":4526127034,"query_wait_ms":8.30000063e-05,"query_map_ms":0.00321,"query_encode_ms":0.0819609985,"query_copied_bytes":64}
phase-progress {"kind":"phase","phase":"commit","frame":161,"submitted":161,"completed":161,"bodies":2620,"joints":2520,"physics_ns":4528539252,"draw_ns":405136,"render_ns":255188478,"ui_ns":91766,"commit_ns":0,"profile_ns":8459,"health_ns":4526127034,"query_wait_ms":8.30000063e-05,"query_map_ms":0.00321,"query_encode_ms":0.0819609985,"query_copied_bytes":64}
phase-progress {"kind":"phase","phase":"limiter","frame":161,"submitted":161,"completed":161,"bodies":2620,"joints":2520,"physics_ns":4528539252,"draw_ns":405136,"render_ns":255188478,"ui_ns":91766,"commit_ns":29982,"profile_ns":8459,"health_ns":4526127034,"query_wait_ms":8.30000063e-05,"query_map_ms":0.00321,"query_encode_ms":0.0819609985,"query_copied_bytes":64}
phase-progress {"kind":"phase","phase":"end","frame":161,"submitted":161,"completed":161,"bodies":2620,"joints":2520,"physics_ns":4528539252,"draw_ns":405136,"render_ns":255188478,"ui_ns":91766,"commit_ns":29982,"profile_ns":8459,"health_ns":4526127034,"query_wait_ms":8.30000063e-05,"query_map_ms":0.00321,"query_encode_ms":0.0819609985,"query_copied_bytes":64}
phase-progress {"kind":"frame","phase":"end","frame":161,"submitted":161,"completed":161,"bodies":2620,"joints":2520,"physics_ns":4528539252,"draw_ns":405136,"render_ns":255188478,"ui_ns":91766,"commit_ns":29982,"profile_ns":8459,"health_ns":4526127034,"query_wait_ms":8.30000063e-05,"query_map_ms":0.00321,"query_encode_ms":0.0819609985,"query_copied_bytes":64}
phase-progress {"kind":"phase","phase":"setters","frame":162,"submitted":161,"completed":161,"bodies":0,"joints":0,"physics_ns":0,"draw_ns":0,"render_ns":0,"ui_ns":0,"commit_ns":0,"profile_ns":0,"health_ns":0,"query_wait_ms":0,"query_map_ms":0,"query_encode_ms":0,"query_copied_bytes":0}
phase-progress {"kind":"phase","phase":"physics","frame":162,"submitted":161,"completed":161,"bodies":0,"joints":0,"physics_ns":0,"draw_ns":0,"render_ns":0,"ui_ns":0,"commit_ns":0,"profile_ns":0,"health_ns":0,"query_wait_ms":0,"query_map_ms":0,"query_encode_ms":0,"query_copied_bytes":0}
phase-progress {"kind":"health_begin","phase":"health","frame":162,"submitted":161,"completed":161,"bodies":2620,"joints":2520,"physics_ns":0,"draw_ns":0,"render_ns":0,"ui_ns":0,"commit_ns":0,"profile_ns":0,"health_ns":0,"query_wait_ms":0,"query_map_ms":0,"query_encode_ms":0,"query_copied_bytes":0}
phase-progress {"kind":"health_end","phase":"health","frame":162,"submitted":161,"completed":161,"bodies":2620,"joints":2520,"physics_ns":0,"draw_ns":0,"render_ns":0,"ui_ns":0,"commit_ns":0,"profile_ns":0,"health_ns":4518932569,"query_wait_ms":0,"query_map_ms":0,"query_encode_ms":0,"query_copied_bytes":0}
phase-progress {"kind":"phase","phase":"profile","frame":162,"submitted":161,"completed":161,"bodies":2620,"joints":2520,"physics_ns":4521559747,"draw_ns":0,"render_ns":0,"ui_ns":0,"commit_ns":0,"profile_ns":0,"health_ns":4518932569,"query_wait_ms":0,"query_map_ms":0,"query_encode_ms":0,"query_copied_bytes":0}
phase-progress {"kind":"phase","phase":"pick","frame":162,"submitted":161,"completed":161,"bodies":2620,"joints":2520,"physics_ns":4521559747,"draw_ns":0,"render_ns":0,"ui_ns":0,"commit_ns":0,"profile_ns":8072,"health_ns":4518932569,"query_wait_ms":0,"query_map_ms":0,"query_encode_ms":0,"query_copied_bytes":0}
phase-progress {"kind":"phase","phase":"draw","frame":162,"submitted":161,"completed":161,"bodies":2620,"joints":2520,"physics_ns":4521559747,"draw_ns":0,"render_ns":0,"ui_ns":0,"commit_ns":0,"profile_ns":8072,"health_ns":4518932569,"query_wait_ms":5.09999991e-05,"query_map_ms":0.00375699997,"query_encode_ms":0.0859280005,"query_copied_bytes":64}
phase-progress {"kind":"phase","phase":"render","frame":162,"submitted":162,"completed":162,"bodies":2620,"joints":2520,"physics_ns":4521559747,"draw_ns":413685,"render_ns":0,"ui_ns":0,"commit_ns":0,"profile_ns":8072,"health_ns":4518932569,"query_wait_ms":5.09999991e-05,"query_map_ms":0.00375699997,"query_encode_ms":0.0859280005,"query_copied_bytes":64}
phase-progress {"kind":"phase","phase":"ui","frame":162,"submitted":162,"completed":162,"bodies":2620,"joints":2520,"physics_ns":4521559747,"draw_ns":413685,"render_ns":251054816,"ui_ns":0,"commit_ns":0,"profile_ns":8072,"health_ns":4518932569,"query_wait_ms":5.09999991e-05,"query_map_ms":0.00375699997,"query_encode_ms":0.0859280005,"query_copied_bytes":64}
phase-progress {"kind":"phase","phase":"commit","frame":162,"submitted":162,"completed":162,"bodies":2620,"joints":2520,"physics_ns":4521559747,"draw_ns":413685,"render_ns":251054816,"ui_ns":104361,"commit_ns":0,"profile_ns":8072,"health_ns":4518932569,"query_wait_ms":5.09999991e-05,"query_map_ms":0.00375699997,"query_encode_ms":0.0859280005,"query_copied_bytes":64}
phase-progress {"kind":"phase","phase":"limiter","frame":162,"submitted":162,"completed":162,"bodies":2620,"joints":2520,"physics_ns":4521559747,"draw_ns":413685,"render_ns":251054816,"ui_ns":104361,"commit_ns":16128,"profile_ns":8072,"health_ns":4518932569,"query_wait_ms":5.09999991e-05,"query_map_ms":0.00375699997,"query_encode_ms":0.0859280005,"query_copied_bytes":64}
phase-progress {"kind":"phase","phase":"end","frame":162,"submitted":162,"completed":162,"bodies":2620,"joints":2520,"physics_ns":4521559747,"draw_ns":413685,"render_ns":251054816,"ui_ns":104361,"commit_ns":16128,"profile_ns":8072,"health_ns":4518932569,"query_wait_ms":5.09999991e-05,"query_map_ms":0.00375699997,"query_encode_ms":0.0859280005,"query_copied_bytes":64}
phase-progress {"kind":"frame","phase":"end","frame":162,"submitted":162,"completed":162,"bodies":2620,"joints":2520,"physics_ns":4521559747,"draw_ns":413685,"render_ns":251054816,"ui_ns":104361,"commit_ns":16128,"profile_ns":8072,"health_ns":4518932569,"query_wait_ms":5.09999991e-05,"query_map_ms":0.00375699997,"query_encode_ms":0.0859280005,"query_copied_bytes":64}
phase-progress {"kind":"phase","phase":"setters","frame":163,"submitted":162,"completed":162,"bodies":0,"joints":0,"physics_ns":0,"draw_ns":0,"render_ns":0,"ui_ns":0,"commit_ns":0,"profile_ns":0,"health_ns":0,"query_wait_ms":0,"query_map_ms":0,"query_encode_ms":0,"query_copied_bytes":0}
phase-progress {"kind":"phase","phase":"physics","frame":163,"submitted":162,"completed":162,"bodies":0,"joints":0,"physics_ns":0,"draw_ns":0,"render_ns":0,"ui_ns":0,"commit_ns":0,"profile_ns":0,"health_ns":0,"query_wait_ms":0,"query_map_ms":0,"query_encode_ms":0,"query_copied_bytes":0}
phase-progress {"kind":"health_begin","phase":"health","frame":163,"submitted":162,"completed":162,"bodies":2620,"joints":2520,"physics_ns":0,"draw_ns":0,"render_ns":0,"ui_ns":0,"commit_ns":0,"profile_ns":0,"health_ns":0,"query_wait_ms":0,"query_map_ms":0,"query_encode_ms":0,"query_copied_bytes":0}
phase-progress {"kind":"health_end","phase":"health","frame":163,"submitted":162,"completed":162,"bodies":2620,"joints":2520,"physics_ns":0,"draw_ns":0,"render_ns":0,"ui_ns":0,"commit_ns":0,"profile_ns":0,"health_ns":4562980435,"query_wait_ms":0,"query_map_ms":0,"query_encode_ms":0,"query_copied_bytes":0}
phase-progress {"kind":"phase","phase":"profile","frame":163,"submitted":162,"completed":162,"bodies":2620,"joints":2520,"physics_ns":4565415080,"draw_ns":0,"render_ns":0,"ui_ns":0,"commit_ns":0,"profile_ns":0,"health_ns":4562980435,"query_wait_ms":0,"query_map_ms":0,"query_encode_ms":0,"query_copied_bytes":0}
phase-progress {"kind":"phase","phase":"pick","frame":163,"submitted":162,"completed":162,"bodies":2620,"joints":2520,"physics_ns":4565415080,"draw_ns":0,"render_ns":0,"ui_ns":0,"commit_ns":0,"profile_ns":8222,"health_ns":4562980435,"query_wait_ms":0,"query_map_ms":0,"query_encode_ms":0,"query_copied_bytes":0}
phase-progress {"kind":"phase","phase":"draw","frame":163,"submitted":162,"completed":162,"bodies":2620,"joints":2520,"physics_ns":4565415080,"draw_ns":0,"render_ns":0,"ui_ns":0,"commit_ns":0,"profile_ns":8222,"health_ns":4562980435,"query_wait_ms":5.90000018e-05,"query_map_ms":0.00347999996,"query_encode_ms":0.132811993,"query_copied_bytes":64}
phase-progress {"kind":"phase","phase":"render","frame":163,"submitted":163,"completed":163,"bodies":2620,"joints":2520,"physics_ns":4565415080,"draw_ns":410774,"render_ns":0,"ui_ns":0,"commit_ns":0,"profile_ns":8222,"health_ns":4562980435,"query_wait_ms":5.90000018e-05,"query_map_ms":0.00347999996,"query_encode_ms":0.132811993,"query_copied_bytes":64}
phase-progress {"kind":"phase","phase":"ui","frame":163,"submitted":163,"completed":163,"bodies":2620,"joints":2520,"physics_ns":4565415080,"draw_ns":410774,"render_ns":249294041,"ui_ns":0,"commit_ns":0,"profile_ns":8222,"health_ns":4562980435,"query_wait_ms":5.90000018e-05,"query_map_ms":0.00347999996,"query_encode_ms":0.132811993,"query_copied_bytes":64}
phase-progress {"kind":"phase","phase":"commit","frame":163,"submitted":163,"completed":163,"bodies":2620,"joints":2520,"physics_ns":4565415080,"draw_ns":410774,"render_ns":249294041,"ui_ns":101155,"commit_ns":0,"profile_ns":8222,"health_ns":4562980435,"query_wait_ms":5.90000018e-05,"query_map_ms":0.00347999996,"query_encode_ms":0.132811993,"query_copied_bytes":64}
phase-progress {"kind":"phase","phase":"limiter","frame":163,"submitted":163,"completed":163,"bodies":2620,"joints":2520,"physics_ns":4565415080,"draw_ns":410774,"render_ns":249294041,"ui_ns":101155,"commit_ns":15888,"profile_ns":8222,"health_ns":4562980435,"query_wait_ms":5.90000018e-05,"query_map_ms":0.00347999996,"query_encode_ms":0.132811993,"query_copied_bytes":64}
phase-progress {"kind":"phase","phase":"end","frame":163,"submitted":163,"completed":163,"bodies":2620,"joints":2520,"physics_ns":4565415080,"draw_ns":410774,"render_ns":249294041,"ui_ns":101155,"commit_ns":15888,"profile_ns":8222,"health_ns":4562980435,"query_wait_ms":5.90000018e-05,"query_map_ms":0.00347999996,"query_encode_ms":0.132811993,"query_copied_bytes":64}
phase-progress {"kind":"frame","phase":"end","frame":163,"submitted":163,"completed":163,"bodies":2620,"joints":2520,"physics_ns":4565415080,"draw_ns":410774,"render_ns":249294041,"ui_ns":101155,"commit_ns":15888,"profile_ns":8222,"health_ns":4562980435,"query_wait_ms":5.90000018e-05,"query_map_ms":0.00347999996,"query_encode_ms":0.132811993,"query_copied_bytes":64}
phase-progress {"kind":"phase","phase":"setters","frame":164,"submitted":163,"completed":163,"bodies":0,"joints":0,"physics_ns":0,"draw_ns":0,"render_ns":0,"ui_ns":0,"commit_ns":0,"profile_ns":0,"health_ns":0,"query_wait_ms":0,"query_map_ms":0,"query_encode_ms":0,"query_copied_bytes":0}
phase-progress {"kind":"phase","phase":"physics","frame":164,"submitted":163,"completed":163,"bodies":0,"joints":0,"physics_ns":0,"draw_ns":0,"render_ns":0,"ui_ns":0,"commit_ns":0,"profile_ns":0,"health_ns":0,"query_wait_ms":0,"query_map_ms":0,"query_encode_ms":0,"query_copied_bytes":0}
phase-progress {"kind":"health_begin","phase":"health","frame":164,"submitted":163,"completed":163,"bodies":2620,"joints":2520,"physics_ns":0,"draw_ns":0,"render_ns":0,"ui_ns":0,"commit_ns":0,"profile_ns":0,"health_ns":0,"query_wait_ms":0,"query_map_ms":0,"query_encode_ms":0,"query_copied_bytes":0}
phase-progress {"kind":"health_end","phase":"health","frame":164,"submitted":163,"completed":163,"bodies":2620,"joints":2520,"physics_ns":0,"draw_ns":0,"render_ns":0,"ui_ns":0,"commit_ns":0,"profile_ns":0,"health_ns":5037300169,"query_wait_ms":0,"query_map_ms":0,"query_encode_ms":0,"query_copied_bytes":0}
phase-progress {"kind":"phase","phase":"profile","frame":164,"submitted":163,"completed":163,"bodies":2620,"joints":2520,"physics_ns":5041295280,"draw_ns":0,"render_ns":0,"ui_ns":0,"commit_ns":0,"profile_ns":0,"health_ns":5037300169,"query_wait_ms":0,"query_map_ms":0,"query_encode_ms":0,"query_copied_bytes":0}
phase-progress {"kind":"phase","phase":"pick","frame":164,"submitted":163,"completed":163,"bodies":2620,"joints":2520,"physics_ns":5041295280,"draw_ns":0,"render_ns":0,"ui_ns":0,"commit_ns":0,"profile_ns":8435,"health_ns":5037300169,"query_wait_ms":0,"query_map_ms":0,"query_encode_ms":0,"query_copied_bytes":0}
phase-progress {"kind":"phase","phase":"draw","frame":164,"submitted":163,"completed":163,"bodies":2620,"joints":2520,"physics_ns":5041295280,"draw_ns":0,"render_ns":0,"ui_ns":0,"commit_ns":0,"profile_ns":8435,"health_ns":5037300169,"query_wait_ms":5.19999994e-05,"query_map_ms":0.00305699999,"query_encode_ms":0.0869349986,"query_copied_bytes":64}
phase-progress {"kind":"phase","phase":"render","frame":164,"submitted":164,"completed":164,"bodies":2620,"joints":2520,"physics_ns":5041295280,"draw_ns":424255,"render_ns":0,"ui_ns":0,"commit_ns":0,"profile_ns":8435,"health_ns":5037300169,"query_wait_ms":5.19999994e-05,"query_map_ms":0.00305699999,"query_encode_ms":0.0869349986,"query_copied_bytes":64}
phase-progress {"kind":"phase","phase":"ui","frame":164,"submitted":164,"completed":164,"bodies":2620,"joints":2520,"physics_ns":5041295280,"draw_ns":424255,"render_ns":249106487,"ui_ns":0,"commit_ns":0,"profile_ns":8435,"health_ns":5037300169,"query_wait_ms":5.19999994e-05,"query_map_ms":0.00305699999,"query_encode_ms":0.0869349986,"query_copied_bytes":64}
phase-progress {"kind":"phase","phase":"commit","frame":164,"submitted":164,"completed":164,"bodies":2620,"joints":2520,"physics_ns":5041295280,"draw_ns":424255,"render_ns":249106487,"ui_ns":93761,"commit_ns":0,"profile_ns":8435,"health_ns":5037300169,"query_wait_ms":5.19999994e-05,"query_map_ms":0.00305699999,"query_encode_ms":0.0869349986,"query_copied_bytes":64}
phase-progress {"kind":"phase","phase":"limiter","frame":164,"submitted":164,"completed":164,"bodies":2620,"joints":2520,"physics_ns":5041295280,"draw_ns":424255,"render_ns":249106487,"ui_ns":93761,"commit_ns":15629,"profile_ns":8435,"health_ns":5037300169,"query_wait_ms":5.19999994e-05,"query_map_ms":0.00305699999,"query_encode_ms":0.0869349986,"query_copied_bytes":64}
phase-progress {"kind":"phase","phase":"end","frame":164,"submitted":164,"completed":164,"bodies":2620,"joints":2520,"physics_ns":5041295280,"draw_ns":424255,"render_ns":249106487,"ui_ns":93761,"commit_ns":15629,"profile_ns":8435,"health_ns":5037300169,"query_wait_ms":5.19999994e-05,"query_map_ms":0.00305699999,"query_encode_ms":0.0869349986,"query_copied_bytes":64}
phase-progress {"kind":"frame","phase":"end","frame":164,"submitted":164,"completed":164,"bodies":2620,"joints":2520,"physics_ns":5041295280,"draw_ns":424255,"render_ns":249106487,"ui_ns":93761,"commit_ns":15629,"profile_ns":8435,"health_ns":5037300169,"query_wait_ms":5.19999994e-05,"query_map_ms":0.00305699999,"query_encode_ms":0.0869349986,"query_copied_bytes":64}
phase-progress {"kind":"phase","phase":"setters","frame":165,"submitted":164,"completed":164,"bodies":0,"joints":0,"physics_ns":0,"draw_ns":0,"render_ns":0,"ui_ns":0,"commit_ns":0,"profile_ns":0,"health_ns":0,"query_wait_ms":0,"query_map_ms":0,"query_encode_ms":0,"query_copied_bytes":0}
phase-progress {"kind":"phase","phase":"physics","frame":165,"submitted":164,"completed":164,"bodies":0,"joints":0,"physics_ns":0,"draw_ns":0,"render_ns":0,"ui_ns":0,"commit_ns":0,"profile_ns":0,"health_ns":0,"query_wait_ms":0,"query_map_ms":0,"query_encode_ms":0,"query_copied_bytes":0}
phase-progress {"kind":"health_begin","phase":"health","frame":165,"submitted":164,"completed":164,"bodies":2620,"joints":2520,"physics_ns":0,"draw_ns":0,"render_ns":0,"ui_ns":0,"commit_ns":0,"profile_ns":0,"health_ns":0,"query_wait_ms":0,"query_map_ms":0,"query_encode_ms":0,"query_copied_bytes":0}
phase-progress {"kind":"health_end","phase":"health","frame":165,"submitted":164,"completed":164,"bodies":2620,"joints":2520,"physics_ns":0,"draw_ns":0,"render_ns":0,"ui_ns":0,"commit_ns":0,"profile_ns":0,"health_ns":4550920709,"query_wait_ms":0,"query_map_ms":0,"query_encode_ms":0,"query_copied_bytes":0}
phase-progress {"kind":"phase","phase":"profile","frame":165,"submitted":164,"completed":164,"bodies":2620,"joints":2520,"physics_ns":4553392870,"draw_ns":0,"render_ns":0,"ui_ns":0,"commit_ns":0,"profile_ns":0,"health_ns":4550920709,"query_wait_ms":0,"query_map_ms":0,"query_encode_ms":0,"query_copied_bytes":0}
phase-progress {"kind":"phase","phase":"pick","frame":165,"submitted":164,"completed":164,"bodies":2620,"joints":2520,"physics_ns":4553392870,"draw_ns":0,"render_ns":0,"ui_ns":0,"commit_ns":0,"profile_ns":8059,"health_ns":4550920709,"query_wait_ms":0,"query_map_ms":0,"query_encode_ms":0,"query_copied_bytes":0}
phase-progress {"kind":"phase","phase":"draw","frame":165,"submitted":164,"completed":164,"bodies":2620,"joints":2520,"physics_ns":4553392870,"draw_ns":0,"render_ns":0,"ui_ns":0,"commit_ns":0,"profile_ns":8059,"health_ns":4550920709,"query_wait_ms":5.90000018e-05,"query_map_ms":0.00329799997,"query_encode_ms":0.0825840011,"query_copied_bytes":64}
phase-progress {"kind":"phase","phase":"render","frame":165,"submitted":165,"completed":165,"bodies":2620,"joints":2520,"physics_ns":4553392870,"draw_ns":417309,"render_ns":0,"ui_ns":0,"commit_ns":0,"profile_ns":8059,"health_ns":4550920709,"query_wait_ms":5.90000018e-05,"query_map_ms":0.00329799997,"query_encode_ms":0.0825840011,"query_copied_bytes":64}
phase-progress {"kind":"phase","phase":"ui","frame":165,"submitted":165,"completed":165,"bodies":2620,"joints":2520,"physics_ns":4553392870,"draw_ns":417309,"render_ns":242751659,"ui_ns":0,"commit_ns":0,"profile_ns":8059,"health_ns":4550920709,"query_wait_ms":5.90000018e-05,"query_map_ms":0.00329799997,"query_encode_ms":0.0825840011,"query_copied_bytes":64}
phase-progress {"kind":"phase","phase":"commit","frame":165,"submitted":165,"completed":165,"bodies":2620,"joints":2520,"physics_ns":4553392870,"draw_ns":417309,"render_ns":242751659,"ui_ns":107764,"commit_ns":0,"profile_ns":8059,"health_ns":4550920709,"query_wait_ms":5.90000018e-05,"query_map_ms":0.00329799997,"query_encode_ms":0.0825840011,"query_copied_bytes":64}
phase-progress {"kind":"phase","phase":"limiter","frame":165,"submitted":165,"completed":165,"bodies":2620,"joints":2520,"physics_ns":4553392870,"draw_ns":417309,"render_ns":242751659,"ui_ns":107764,"commit_ns":21168,"profile_ns":8059,"health_ns":4550920709,"query_wait_ms":5.90000018e-05,"query_map_ms":0.00329799997,"query_encode_ms":0.0825840011,"query_copied_bytes":64}
phase-progress {"kind":"phase","phase":"end","frame":165,"submitted":165,"completed":165,"bodies":2620,"joints":2520,"physics_ns":4553392870,"draw_ns":417309,"render_ns":242751659,"ui_ns":107764,"commit_ns":21168,"profile_ns":8059,"health_ns":4550920709,"query_wait_ms":5.90000018e-05,"query_map_ms":0.00329799997,"query_encode_ms":0.0825840011,"query_copied_bytes":64}
phase-progress {"kind":"frame","phase":"end","frame":165,"submitted":165,"completed":165,"bodies":2620,"joints":2520,"physics_ns":4553392870,"draw_ns":417309,"render_ns":242751659,"ui_ns":107764,"commit_ns":21168,"profile_ns":8059,"health_ns":4550920709,"query_wait_ms":5.90000018e-05,"query_map_ms":0.00329799997,"query_encode_ms":0.0825840011,"query_copied_bytes":64}
phase-progress {"kind":"phase","phase":"setters","frame":166,"submitted":165,"completed":165,"bodies":0,"joints":0,"physics_ns":0,"draw_ns":0,"render_ns":0,"ui_ns":0,"commit_ns":0,"profile_ns":0,"health_ns":0,"query_wait_ms":0,"query_map_ms":0,"query_encode_ms":0,"query_copied_bytes":0}
phase-progress {"kind":"phase","phase":"physics","frame":166,"submitted":165,"completed":165,"bodies":0,"joints":0,"physics_ns":0,"draw_ns":0,"render_ns":0,"ui_ns":0,"commit_ns":0,"profile_ns":0,"health_ns":0,"query_wait_ms":0,"query_map_ms":0,"query_encode_ms":0,"query_copied_bytes":0}
phase-progress {"kind":"health_begin","phase":"health","frame":166,"submitted":165,"completed":165,"bodies":2620,"joints":2520,"physics_ns":0,"draw_ns":0,"render_ns":0,"ui_ns":0,"commit_ns":0,"profile_ns":0,"health_ns":0,"query_wait_ms":0,"query_map_ms":0,"query_encode_ms":0,"query_copied_bytes":0}
phase-progress {"kind":"health_end","phase":"health","frame":166,"submitted":165,"completed":165,"bodies":2620,"joints":2520,"physics_ns":0,"draw_ns":0,"render_ns":0,"ui_ns":0,"commit_ns":0,"profile_ns":0,"health_ns":4585500912,"query_wait_ms":0,"query_map_ms":0,"query_encode_ms":0,"query_copied_bytes":0}
phase-progress {"kind":"phase","phase":"profile","frame":166,"submitted":165,"completed":165,"bodies":2620,"joints":2520,"physics_ns":4587988330,"draw_ns":0,"render_ns":0,"ui_ns":0,"commit_ns":0,"profile_ns":0,"health_ns":4585500912,"query_wait_ms":0,"query_map_ms":0,"query_encode_ms":0,"query_copied_bytes":0}
phase-progress {"kind":"phase","phase":"pick","frame":166,"submitted":165,"completed":165,"bodies":2620,"joints":2520,"physics_ns":4587988330,"draw_ns":0,"render_ns":0,"ui_ns":0,"commit_ns":0,"profile_ns":8289,"health_ns":4585500912,"query_wait_ms":0,"query_map_ms":0,"query_encode_ms":0,"query_copied_bytes":0}
phase-progress {"kind":"phase","phase":"draw","frame":166,"submitted":165,"completed":165,"bodies":2620,"joints":2520,"physics_ns":4587988330,"draw_ns":0,"render_ns":0,"ui_ns":0,"commit_ns":0,"profile_ns":8289,"health_ns":4585500912,"query_wait_ms":5.90000018e-05,"query_map_ms":0.00305499998,"query_encode_ms":0.0823130012,"query_copied_bytes":64}
phase-progress {"kind":"phase","phase":"render","frame":166,"submitted":166,"completed":166,"bodies":2620,"joints":2520,"physics_ns":4587988330,"draw_ns":405962,"render_ns":0,"ui_ns":0,"commit_ns":0,"profile_ns":8289,"health_ns":4585500912,"query_wait_ms":5.90000018e-05,"query_map_ms":0.00305499998,"query_encode_ms":0.0823130012,"query_copied_bytes":64}
phase-progress {"kind":"phase","phase":"ui","frame":166,"submitted":166,"completed":166,"bodies":2620,"joints":2520,"physics_ns":4587988330,"draw_ns":405962,"render_ns":243363994,"ui_ns":0,"commit_ns":0,"profile_ns":8289,"health_ns":4585500912,"query_wait_ms":5.90000018e-05,"query_map_ms":0.00305499998,"query_encode_ms":0.0823130012,"query_copied_bytes":64}
phase-progress {"kind":"phase","phase":"commit","frame":166,"submitted":166,"completed":166,"bodies":2620,"joints":2520,"physics_ns":4587988330,"draw_ns":405962,"render_ns":243363994,"ui_ns":100925,"commit_ns":0,"profile_ns":8289,"health_ns":4585500912,"query_wait_ms":5.90000018e-05,"query_map_ms":0.00305499998,"query_encode_ms":0.0823130012,"query_copied_bytes":64}
phase-progress {"kind":"phase","phase":"limiter","frame":166,"submitted":166,"completed":166,"bodies":2620,"joints":2520,"physics_ns":4587988330,"draw_ns":405962,"render_ns":243363994,"ui_ns":100925,"commit_ns":20927,"profile_ns":8289,"health_ns":4585500912,"query_wait_ms":5.90000018e-05,"query_map_ms":0.00305499998,"query_encode_ms":0.0823130012,"query_copied_bytes":64}
phase-progress {"kind":"phase","phase":"end","frame":166,"submitted":166,"completed":166,"bodies":2620,"joints":2520,"physics_ns":4587988330,"draw_ns":405962,"render_ns":243363994,"ui_ns":100925,"commit_ns":20927,"profile_ns":8289,"health_ns":4585500912,"query_wait_ms":5.90000018e-05,"query_map_ms":0.00305499998,"query_encode_ms":0.0823130012,"query_copied_bytes":64}
phase-progress {"kind":"frame","phase":"end","frame":166,"submitted":166,"completed":166,"bodies":2620,"joints":2520,"physics_ns":4587988330,"draw_ns":405962,"render_ns":243363994,"ui_ns":100925,"commit_ns":20927,"profile_ns":8289,"health_ns":4585500912,"query_wait_ms":5.90000018e-05,"query_map_ms":0.00305499998,"query_encode_ms":0.0823130012,"query_copied_bytes":64}
phase-progress {"kind":"phase","phase":"setters","frame":167,"submitted":166,"completed":166,"bodies":0,"joints":0,"physics_ns":0,"draw_ns":0,"render_ns":0,"ui_ns":0,"commit_ns":0,"profile_ns":0,"health_ns":0,"query_wait_ms":0,"query_map_ms":0,"query_encode_ms":0,"query_copied_bytes":0}
phase-progress {"kind":"phase","phase":"physics","frame":167,"submitted":166,"completed":166,"bodies":0,"joints":0,"physics_ns":0,"draw_ns":0,"render_ns":0,"ui_ns":0,"commit_ns":0,"profile_ns":0,"health_ns":0,"query_wait_ms":0,"query_map_ms":0,"query_encode_ms":0,"query_copied_bytes":0}
phase-progress {"kind":"health_begin","phase":"health","frame":167,"submitted":166,"completed":166,"bodies":2620,"joints":2520,"physics_ns":0,"draw_ns":0,"render_ns":0,"ui_ns":0,"commit_ns":0,"profile_ns":0,"health_ns":0,"query_wait_ms":0,"query_map_ms":0,"query_encode_ms":0,"query_copied_bytes":0}
phase-progress {"kind":"health_end","phase":"health","frame":167,"submitted":166,"completed":166,"bodies":2620,"joints":2520,"physics_ns":0,"draw_ns":0,"render_ns":0,"ui_ns":0,"commit_ns":0,"profile_ns":0,"health_ns":4752893151,"query_wait_ms":0,"query_map_ms":0,"query_encode_ms":0,"query_copied_bytes":0}
phase-progress {"kind":"phase","phase":"profile","frame":167,"submitted":166,"completed":166,"bodies":2620,"joints":2520,"physics_ns":4755332611,"draw_ns":0,"render_ns":0,"ui_ns":0,"commit_ns":0,"profile_ns":0,"health_ns":4752893151,"query_wait_ms":0,"query_map_ms":0,"query_encode_ms":0,"query_copied_bytes":0}
phase-progress {"kind":"phase","phase":"pick","frame":167,"submitted":166,"completed":166,"bodies":2620,"joints":2520,"physics_ns":4755332611,"draw_ns":0,"render_ns":0,"ui_ns":0,"commit_ns":0,"profile_ns":20417,"health_ns":4752893151,"query_wait_ms":0,"query_map_ms":0,"query_encode_ms":0,"query_copied_bytes":0}
phase-progress {"kind":"phase","phase":"draw","frame":167,"submitted":166,"completed":166,"bodies":2620,"joints":2520,"physics_ns":4755332611,"draw_ns":0,"render_ns":0,"ui_ns":0,"commit_ns":0,"profile_ns":20417,"health_ns":4752893151,"query_wait_ms":5.90000018e-05,"query_map_ms":0.00307300012,"query_encode_ms":0.0792200044,"query_copied_bytes":64}
phase-progress {"kind":"phase","phase":"render","frame":167,"submitted":167,"completed":167,"bodies":2620,"joints":2520,"physics_ns":4755332611,"draw_ns":414138,"render_ns":0,"ui_ns":0,"commit_ns":0,"profile_ns":20417,"health_ns":4752893151,"query_wait_ms":5.90000018e-05,"query_map_ms":0.00307300012,"query_encode_ms":0.0792200044,"query_copied_bytes":64}
phase-progress {"kind":"phase","phase":"ui","frame":167,"submitted":167,"completed":167,"bodies":2620,"joints":2520,"physics_ns":4755332611,"draw_ns":414138,"render_ns":253353805,"ui_ns":0,"commit_ns":0,"profile_ns":20417,"health_ns":4752893151,"query_wait_ms":5.90000018e-05,"query_map_ms":0.00307300012,"query_encode_ms":0.0792200044,"query_copied_bytes":64}
phase-progress {"kind":"phase","phase":"commit","frame":167,"submitted":167,"completed":167,"bodies":2620,"joints":2520,"physics_ns":4755332611,"draw_ns":414138,"render_ns":253353805,"ui_ns":102188,"commit_ns":0,"profile_ns":20417,"health_ns":4752893151,"query_wait_ms":5.90000018e-05,"query_map_ms":0.00307300012,"query_encode_ms":0.0792200044,"query_copied_bytes":64}
phase-progress {"kind":"phase","phase":"limiter","frame":167,"submitted":167,"completed":167,"bodies":2620,"joints":2520,"physics_ns":4755332611,"draw_ns":414138,"render_ns":253353805,"ui_ns":102188,"commit_ns":20906,"profile_ns":20417,"health_ns":4752893151,"query_wait_ms":5.90000018e-05,"query_map_ms":0.00307300012,"query_encode_ms":0.0792200044,"query_copied_bytes":64}
phase-progress {"kind":"phase","phase":"end","frame":167,"submitted":167,"completed":167,"bodies":2620,"joints":2520,"physics_ns":4755332611,"draw_ns":414138,"render_ns":253353805,"ui_ns":102188,"commit_ns":20906,"profile_ns":20417,"health_ns":4752893151,"query_wait_ms":5.90000018e-05,"query_map_ms":0.00307300012,"query_encode_ms":0.0792200044,"query_copied_bytes":64}
phase-progress {"kind":"frame","phase":"end","frame":167,"submitted":167,"completed":167,"bodies":2620,"joints":2520,"physics_ns":4755332611,"draw_ns":414138,"render_ns":253353805,"ui_ns":102188,"commit_ns":20906,"profile_ns":20417,"health_ns":4752893151,"query_wait_ms":5.90000018e-05,"query_map_ms":0.00307300012,"query_encode_ms":0.0792200044,"query_copied_bytes":64}
phase-progress {"kind":"phase","phase":"setters","frame":168,"submitted":167,"completed":167,"bodies":0,"joints":0,"physics_ns":0,"draw_ns":0,"render_ns":0,"ui_ns":0,"commit_ns":0,"profile_ns":0,"health_ns":0,"query_wait_ms":0,"query_map_ms":0,"query_encode_ms":0,"query_copied_bytes":0}
phase-progress {"kind":"phase","phase":"physics","frame":168,"submitted":167,"completed":167,"bodies":0,"joints":0,"physics_ns":0,"draw_ns":0,"render_ns":0,"ui_ns":0,"commit_ns":0,"profile_ns":0,"health_ns":0,"query_wait_ms":0,"query_map_ms":0,"query_encode_ms":0,"query_copied_bytes":0}
phase-progress {"kind":"health_begin","phase":"health","frame":168,"submitted":167,"completed":167,"bodies":2620,"joints":2520,"physics_ns":0,"draw_ns":0,"render_ns":0,"ui_ns":0,"commit_ns":0,"profile_ns":0,"health_ns":0,"query_wait_ms":0,"query_map_ms":0,"query_encode_ms":0,"query_copied_bytes":0}
phase-progress {"kind":"health_end","phase":"health","frame":168,"submitted":167,"completed":167,"bodies":2620,"joints":2520,"physics_ns":0,"draw_ns":0,"render_ns":0,"ui_ns":0,"commit_ns":0,"profile_ns":0,"health_ns":4637566903,"query_wait_ms":0,"query_map_ms":0,"query_encode_ms":0,"query_copied_bytes":0}
phase-progress {"kind":"phase","phase":"profile","frame":168,"submitted":167,"completed":167,"bodies":2620,"joints":2520,"physics_ns":4640247398,"draw_ns":0,"render_ns":0,"ui_ns":0,"commit_ns":0,"profile_ns":0,"health_ns":4637566903,"query_wait_ms":0,"query_map_ms":0,"query_encode_ms":0,"query_copied_bytes":0}
phase-progress {"kind":"phase","phase":"pick","frame":168,"submitted":167,"completed":167,"bodies":2620,"joints":2520,"physics_ns":4640247398,"draw_ns":0,"render_ns":0,"ui_ns":0,"commit_ns":0,"profile_ns":9426,"health_ns":4637566903,"query_wait_ms":0,"query_map_ms":0,"query_encode_ms":0,"query_copied_bytes":0}
phase-progress {"kind":"phase","phase":"draw","frame":168,"submitted":167,"completed":167,"bodies":2620,"joints":2520,"physics_ns":4640247398,"draw_ns":0,"render_ns":0,"ui_ns":0,"commit_ns":0,"profile_ns":9426,"health_ns":4637566903,"query_wait_ms":5.99999985e-05,"query_map_ms":0.00322699989,"query_encode_ms":0.0816970021,"query_copied_bytes":64}
phase-progress {"kind":"phase","phase":"render","frame":168,"submitted":168,"completed":168,"bodies":2620,"joints":2520,"physics_ns":4640247398,"draw_ns":417221,"render_ns":0,"ui_ns":0,"commit_ns":0,"profile_ns":9426,"health_ns":4637566903,"query_wait_ms":5.99999985e-05,"query_map_ms":0.00322699989,"query_encode_ms":0.0816970021,"query_copied_bytes":64}
phase-progress {"kind":"phase","phase":"ui","frame":168,"submitted":168,"completed":168,"bodies":2620,"joints":2520,"physics_ns":4640247398,"draw_ns":417221,"render_ns":256342685,"ui_ns":0,"commit_ns":0,"profile_ns":9426,"health_ns":4637566903,"query_wait_ms":5.99999985e-05,"query_map_ms":0.00322699989,"query_encode_ms":0.0816970021,"query_copied_bytes":64}
phase-progress {"kind":"phase","phase":"commit","frame":168,"submitted":168,"completed":168,"bodies":2620,"joints":2520,"physics_ns":4640247398,"draw_ns":417221,"render_ns":256342685,"ui_ns":109568,"commit_ns":0,"profile_ns":9426,"health_ns":4637566903,"query_wait_ms":5.99999985e-05,"query_map_ms":0.00322699989,"query_encode_ms":0.0816970021,"query_copied_bytes":64}
phase-progress {"kind":"phase","phase":"limiter","frame":168,"submitted":168,"completed":168,"bodies":2620,"joints":2520,"physics_ns":4640247398,"draw_ns":417221,"render_ns":256342685,"ui_ns":109568,"commit_ns":19237,"profile_ns":9426,"health_ns":4637566903,"query_wait_ms":5.99999985e-05,"query_map_ms":0.00322699989,"query_encode_ms":0.0816970021,"query_copied_bytes":64}
phase-progress {"kind":"phase","phase":"end","frame":168,"submitted":168,"completed":168,"bodies":2620,"joints":2520,"physics_ns":4640247398,"draw_ns":417221,"render_ns":256342685,"ui_ns":109568,"commit_ns":19237,"profile_ns":9426,"health_ns":4637566903,"query_wait_ms":5.99999985e-05,"query_map_ms":0.00322699989,"query_encode_ms":0.0816970021,"query_copied_bytes":64}
phase-progress {"kind":"frame","phase":"end","frame":168,"submitted":168,"completed":168,"bodies":2620,"joints":2520,"physics_ns":4640247398,"draw_ns":417221,"render_ns":256342685,"ui_ns":109568,"commit_ns":19237,"profile_ns":9426,"health_ns":4637566903,"query_wait_ms":5.99999985e-05,"query_map_ms":0.00322699989,"query_encode_ms":0.0816970021,"query_copied_bytes":64}
phase-progress {"kind":"phase","phase":"setters","frame":169,"submitted":168,"completed":168,"bodies":0,"joints":0,"physics_ns":0,"draw_ns":0,"render_ns":0,"ui_ns":0,"commit_ns":0,"profile_ns":0,"health_ns":0,"query_wait_ms":0,"query_map_ms":0,"query_encode_ms":0,"query_copied_bytes":0}
phase-progress {"kind":"phase","phase":"physics","frame":169,"submitted":168,"completed":168,"bodies":0,"joints":0,"physics_ns":0,"draw_ns":0,"render_ns":0,"ui_ns":0,"commit_ns":0,"profile_ns":0,"health_ns":0,"query_wait_ms":0,"query_map_ms":0,"query_encode_ms":0,"query_copied_bytes":0}
phase-progress {"kind":"health_begin","phase":"health","frame":169,"submitted":168,"completed":168,"bodies":2620,"joints":2520,"physics_ns":0,"draw_ns":0,"render_ns":0,"ui_ns":0,"commit_ns":0,"profile_ns":0,"health_ns":0,"query_wait_ms":0,"query_map_ms":0,"query_encode_ms":0,"query_copied_bytes":0}
phase-progress {"kind":"health_end","phase":"health","frame":169,"submitted":168,"completed":168,"bodies":2620,"joints":2520,"physics_ns":0,"draw_ns":0,"render_ns":0,"ui_ns":0,"commit_ns":0,"profile_ns":0,"health_ns":4538909998,"query_wait_ms":0,"query_map_ms":0,"query_encode_ms":0,"query_copied_bytes":0}
phase-progress {"kind":"phase","phase":"profile","frame":169,"submitted":168,"completed":168,"bodies":2620,"joints":2520,"physics_ns":4542388215,"draw_ns":0,"render_ns":0,"ui_ns":0,"commit_ns":0,"profile_ns":0,"health_ns":4538909998,"query_wait_ms":0,"query_map_ms":0,"query_encode_ms":0,"query_copied_bytes":0}
phase-progress {"kind":"phase","phase":"pick","frame":169,"submitted":168,"completed":168,"bodies":2620,"joints":2520,"physics_ns":4542388215,"draw_ns":0,"render_ns":0,"ui_ns":0,"commit_ns":0,"profile_ns":8018,"health_ns":4538909998,"query_wait_ms":0,"query_map_ms":0,"query_encode_ms":0,"query_copied_bytes":0}
phase-progress {"kind":"phase","phase":"draw","frame":169,"submitted":168,"completed":168,"bodies":2620,"joints":2520,"physics_ns":4542388215,"draw_ns":0,"render_ns":0,"ui_ns":0,"commit_ns":0,"profile_ns":8018,"health_ns":4538909998,"query_wait_ms":6.10000025e-05,"query_map_ms":0.00430099992,"query_encode_ms":0.0723490044,"query_copied_bytes":64}
phase-progress {"kind":"phase","phase":"render","frame":169,"submitted":169,"completed":169,"bodies":2620,"joints":2520,"physics_ns":4542388215,"draw_ns":403740,"render_ns":0,"ui_ns":0,"commit_ns":0,"profile_ns":8018,"health_ns":4538909998,"query_wait_ms":6.10000025e-05,"query_map_ms":0.00430099992,"query_encode_ms":0.0723490044,"query_copied_bytes":64}
phase-progress {"kind":"phase","phase":"ui","frame":169,"submitted":169,"completed":169,"bodies":2620,"joints":2520,"physics_ns":4542388215,"draw_ns":403740,"render_ns":255857823,"ui_ns":0,"commit_ns":0,"profile_ns":8018,"health_ns":4538909998,"query_wait_ms":6.10000025e-05,"query_map_ms":0.00430099992,"query_encode_ms":0.0723490044,"query_copied_bytes":64}
phase-progress {"kind":"phase","phase":"commit","frame":169,"submitted":169,"completed":169,"bodies":2620,"joints":2520,"physics_ns":4542388215,"draw_ns":403740,"render_ns":255857823,"ui_ns":89306,"commit_ns":0,"profile_ns":8018,"health_ns":4538909998,"query_wait_ms":6.10000025e-05,"query_map_ms":0.00430099992,"query_encode_ms":0.0723490044,"query_copied_bytes":64}
phase-progress {"kind":"phase","phase":"limiter","frame":169,"submitted":169,"completed":169,"bodies":2620,"joints":2520,"physics_ns":4542388215,"draw_ns":403740,"render_ns":255857823,"ui_ns":89306,"commit_ns":15738,"profile_ns":8018,"health_ns":4538909998,"query_wait_ms":6.10000025e-05,"query_map_ms":0.00430099992,"query_encode_ms":0.0723490044,"query_copied_bytes":64}
phase-progress {"kind":"phase","phase":"end","frame":169,"submitted":169,"completed":169,"bodies":2620,"joints":2520,"physics_ns":4542388215,"draw_ns":403740,"render_ns":255857823,"ui_ns":89306,"commit_ns":15738,"profile_ns":8018,"health_ns":4538909998,"query_wait_ms":6.10000025e-05,"query_map_ms":0.00430099992,"query_encode_ms":0.0723490044,"query_copied_bytes":64}
phase-progress {"kind":"frame","phase":"end","frame":169,"submitted":169,"completed":169,"bodies":2620,"joints":2520,"physics_ns":4542388215,"draw_ns":403740,"render_ns":255857823,"ui_ns":89306,"commit_ns":15738,"profile_ns":8018,"health_ns":4538909998,"query_wait_ms":6.10000025e-05,"query_map_ms":0.00430099992,"query_encode_ms":0.0723490044,"query_copied_bytes":64}
phase-progress {"kind":"phase","phase":"setters","frame":170,"submitted":169,"completed":169,"bodies":0,"joints":0,"physics_ns":0,"draw_ns":0,"render_ns":0,"ui_ns":0,"commit_ns":0,"profile_ns":0,"health_ns":0,"query_wait_ms":0,"query_map_ms":0,"query_encode_ms":0,"query_copied_bytes":0}
phase-progress {"kind":"phase","phase":"physics","frame":170,"submitted":169,"completed":169,"bodies":0,"joints":0,"physics_ns":0,"draw_ns":0,"render_ns":0,"ui_ns":0,"commit_ns":0,"profile_ns":0,"health_ns":0,"query_wait_ms":0,"query_map_ms":0,"query_encode_ms":0,"query_copied_bytes":0}
phase-progress {"kind":"health_begin","phase":"health","frame":170,"submitted":169,"completed":169,"bodies":2620,"joints":2520,"physics_ns":0,"draw_ns":0,"render_ns":0,"ui_ns":0,"commit_ns":0,"profile_ns":0,"health_ns":0,"query_wait_ms":0,"query_map_ms":0,"query_encode_ms":0,"query_copied_bytes":0}
phase-progress {"kind":"health_end","phase":"health","frame":170,"submitted":169,"completed":169,"bodies":2620,"joints":2520,"physics_ns":0,"draw_ns":0,"render_ns":0,"ui_ns":0,"commit_ns":0,"profile_ns":0,"health_ns":4621179730,"query_wait_ms":0,"query_map_ms":0,"query_encode_ms":0,"query_copied_bytes":0}
phase-progress {"kind":"phase","phase":"profile","frame":170,"submitted":169,"completed":169,"bodies":2620,"joints":2520,"physics_ns":4623610197,"draw_ns":0,"render_ns":0,"ui_ns":0,"commit_ns":0,"profile_ns":0,"health_ns":4621179730,"query_wait_ms":0,"query_map_ms":0,"query_encode_ms":0,"query_copied_bytes":0}
phase-progress {"kind":"phase","phase":"pick","frame":170,"submitted":169,"completed":169,"bodies":2620,"joints":2520,"physics_ns":4623610197,"draw_ns":0,"render_ns":0,"ui_ns":0,"commit_ns":0,"profile_ns":8361,"health_ns":4621179730,"query_wait_ms":0,"query_map_ms":0,"query_encode_ms":0,"query_copied_bytes":0}
phase-progress {"kind":"phase","phase":"draw","frame":170,"submitted":169,"completed":169,"bodies":2620,"joints":2520,"physics_ns":4623610197,"draw_ns":0,"render_ns":0,"ui_ns":0,"commit_ns":0,"profile_ns":8361,"health_ns":4621179730,"query_wait_ms":5.60000008e-05,"query_map_ms":0.00333700003,"query_encode_ms":0.0687090009,"query_copied_bytes":64}
phase-progress {"kind":"phase","phase":"render","frame":170,"submitted":170,"completed":170,"bodies":2620,"joints":2520,"physics_ns":4623610197,"draw_ns":412297,"render_ns":0,"ui_ns":0,"commit_ns":0,"profile_ns":8361,"health_ns":4621179730,"query_wait_ms":5.60000008e-05,"query_map_ms":0.00333700003,"query_encode_ms":0.0687090009,"query_copied_bytes":64}
phase-progress {"kind":"phase","phase":"ui","frame":170,"submitted":170,"completed":170,"bodies":2620,"joints":2520,"physics_ns":4623610197,"draw_ns":412297,"render_ns":262371580,"ui_ns":0,"commit_ns":0,"profile_ns":8361,"health_ns":4621179730,"query_wait_ms":5.60000008e-05,"query_map_ms":0.00333700003,"query_encode_ms":0.0687090009,"query_copied_bytes":64}
phase-progress {"kind":"phase","phase":"commit","frame":170,"submitted":170,"completed":170,"bodies":2620,"joints":2520,"physics_ns":4623610197,"draw_ns":412297,"render_ns":262371580,"ui_ns":88356,"commit_ns":0,"profile_ns":8361,"health_ns":4621179730,"query_wait_ms":5.60000008e-05,"query_map_ms":0.00333700003,"query_encode_ms":0.0687090009,"query_copied_bytes":64}
phase-progress {"kind":"phase","phase":"limiter","frame":170,"submitted":170,"completed":170,"bodies":2620,"joints":2520,"physics_ns":4623610197,"draw_ns":412297,"render_ns":262371580,"ui_ns":88356,"commit_ns":15973,"profile_ns":8361,"health_ns":4621179730,"query_wait_ms":5.60000008e-05,"query_map_ms":0.00333700003,"query_encode_ms":0.0687090009,"query_copied_bytes":64}
phase-progress {"kind":"phase","phase":"end","frame":170,"submitted":170,"completed":170,"bodies":2620,"joints":2520,"physics_ns":4623610197,"draw_ns":412297,"render_ns":262371580,"ui_ns":88356,"commit_ns":15973,"profile_ns":8361,"health_ns":4621179730,"query_wait_ms":5.60000008e-05,"query_map_ms":0.00333700003,"query_encode_ms":0.0687090009,"query_copied_bytes":64}
phase-progress {"kind":"frame","phase":"end","frame":170,"submitted":170,"completed":170,"bodies":2620,"joints":2520,"physics_ns":4623610197,"draw_ns":412297,"render_ns":262371580,"ui_ns":88356,"commit_ns":15973,"profile_ns":8361,"health_ns":4621179730,"query_wait_ms":5.60000008e-05,"query_map_ms":0.00333700003,"query_encode_ms":0.0687090009,"query_copied_bytes":64}
phase-progress {"kind":"phase","phase":"setters","frame":171,"submitted":170,"completed":170,"bodies":0,"joints":0,"physics_ns":0,"draw_ns":0,"render_ns":0,"ui_ns":0,"commit_ns":0,"profile_ns":0,"health_ns":0,"query_wait_ms":0,"query_map_ms":0,"query_encode_ms":0,"query_copied_bytes":0}
phase-progress {"kind":"phase","phase":"physics","frame":171,"submitted":170,"completed":170,"bodies":0,"joints":0,"physics_ns":0,"draw_ns":0,"render_ns":0,"ui_ns":0,"commit_ns":0,"profile_ns":0,"health_ns":0,"query_wait_ms":0,"query_map_ms":0,"query_encode_ms":0,"query_copied_bytes":0}
phase-progress {"kind":"health_begin","phase":"health","frame":171,"submitted":170,"completed":170,"bodies":2620,"joints":2520,"physics_ns":0,"draw_ns":0,"render_ns":0,"ui_ns":0,"commit_ns":0,"profile_ns":0,"health_ns":0,"query_wait_ms":0,"query_map_ms":0,"query_encode_ms":0,"query_copied_bytes":0}
phase-progress {"kind":"health_end","phase":"health","frame":171,"submitted":170,"completed":170,"bodies":2620,"joints":2520,"physics_ns":0,"draw_ns":0,"render_ns":0,"ui_ns":0,"commit_ns":0,"profile_ns":0,"health_ns":4963886061,"query_wait_ms":0,"query_map_ms":0,"query_encode_ms":0,"query_copied_bytes":0}
phase-progress {"kind":"phase","phase":"profile","frame":171,"submitted":170,"completed":170,"bodies":2620,"joints":2520,"physics_ns":4966346544,"draw_ns":0,"render_ns":0,"ui_ns":0,"commit_ns":0,"profile_ns":0,"health_ns":4963886061,"query_wait_ms":0,"query_map_ms":0,"query_encode_ms":0,"query_copied_bytes":0}
phase-progress {"kind":"phase","phase":"pick","frame":171,"submitted":170,"completed":170,"bodies":2620,"joints":2520,"physics_ns":4966346544,"draw_ns":0,"render_ns":0,"ui_ns":0,"commit_ns":0,"profile_ns":8539,"health_ns":4963886061,"query_wait_ms":0,"query_map_ms":0,"query_encode_ms":0,"query_copied_bytes":0}
phase-progress {"kind":"phase","phase":"draw","frame":171,"submitted":170,"completed":170,"bodies":2620,"joints":2520,"physics_ns":4966346544,"draw_ns":0,"render_ns":0,"ui_ns":0,"commit_ns":0,"profile_ns":8539,"health_ns":4963886061,"query_wait_ms":6.29999995e-05,"query_map_ms":0.00332999998,"query_encode_ms":0.0643980056,"query_copied_bytes":64}
phase-progress {"kind":"phase","phase":"render","frame":171,"submitted":171,"completed":171,"bodies":2620,"joints":2520,"physics_ns":4966346544,"draw_ns":410036,"render_ns":0,"ui_ns":0,"commit_ns":0,"profile_ns":8539,"health_ns":4963886061,"query_wait_ms":6.29999995e-05,"query_map_ms":0.00332999998,"query_encode_ms":0.0643980056,"query_copied_bytes":64}
phase-progress {"kind":"phase","phase":"ui","frame":171,"submitted":171,"completed":171,"bodies":2620,"joints":2520,"physics_ns":4966346544,"draw_ns":410036,"render_ns":246276876,"ui_ns":0,"commit_ns":0,"profile_ns":8539,"health_ns":4963886061,"query_wait_ms":6.29999995e-05,"query_map_ms":0.00332999998,"query_encode_ms":0.0643980056,"query_copied_bytes":64}
phase-progress {"kind":"phase","phase":"commit","frame":171,"submitted":171,"completed":171,"bodies":2620,"joints":2520,"physics_ns":4966346544,"draw_ns":410036,"render_ns":246276876,"ui_ns":91278,"commit_ns":0,"profile_ns":8539,"health_ns":4963886061,"query_wait_ms":6.29999995e-05,"query_map_ms":0.00332999998,"query_encode_ms":0.0643980056,"query_copied_bytes":64}
phase-progress {"kind":"phase","phase":"limiter","frame":171,"submitted":171,"completed":171,"bodies":2620,"joints":2520,"physics_ns":4966346544,"draw_ns":410036,"render_ns":246276876,"ui_ns":91278,"commit_ns":15412,"profile_ns":8539,"health_ns":4963886061,"query_wait_ms":6.29999995e-05,"query_map_ms":0.00332999998,"query_encode_ms":0.0643980056,"query_copied_bytes":64}
phase-progress {"kind":"phase","phase":"end","frame":171,"submitted":171,"completed":171,"bodies":2620,"joints":2520,"physics_ns":4966346544,"draw_ns":410036,"render_ns":246276876,"ui_ns":91278,"commit_ns":15412,"profile_ns":8539,"health_ns":4963886061,"query_wait_ms":6.29999995e-05,"query_map_ms":0.00332999998,"query_encode_ms":0.0643980056,"query_copied_bytes":64}
phase-progress {"kind":"frame","phase":"end","frame":171,"submitted":171,"completed":171,"bodies":2620,"joints":2520,"physics_ns":4966346544,"draw_ns":410036,"render_ns":246276876,"ui_ns":91278,"commit_ns":15412,"profile_ns":8539,"health_ns":4963886061,"query_wait_ms":6.29999995e-05,"query_map_ms":0.00332999998,"query_encode_ms":0.0643980056,"query_copied_bytes":64}
phase-progress {"kind":"phase","phase":"setters","frame":172,"submitted":171,"completed":171,"bodies":0,"joints":0,"physics_ns":0,"draw_ns":0,"render_ns":0,"ui_ns":0,"commit_ns":0,"profile_ns":0,"health_ns":0,"query_wait_ms":0,"query_map_ms":0,"query_encode_ms":0,"query_copied_bytes":0}
phase-progress {"kind":"phase","phase":"physics","frame":172,"submitted":171,"completed":171,"bodies":0,"joints":0,"physics_ns":0,"draw_ns":0,"render_ns":0,"ui_ns":0,"commit_ns":0,"profile_ns":0,"health_ns":0,"query_wait_ms":0,"query_map_ms":0,"query_encode_ms":0,"query_copied_bytes":0}
phase-progress {"kind":"health_begin","phase":"health","frame":172,"submitted":171,"completed":171,"bodies":2620,"joints":2520,"physics_ns":0,"draw_ns":0,"render_ns":0,"ui_ns":0,"commit_ns":0,"profile_ns":0,"health_ns":0,"query_wait_ms":0,"query_map_ms":0,"query_encode_ms":0,"query_copied_bytes":0}
phase-progress {"kind":"health_end","phase":"health","frame":172,"submitted":171,"completed":171,"bodies":2620,"joints":2520,"physics_ns":0,"draw_ns":0,"render_ns":0,"ui_ns":0,"commit_ns":0,"profile_ns":0,"health_ns":5478757737,"query_wait_ms":0,"query_map_ms":0,"query_encode_ms":0,"query_copied_bytes":0}
phase-progress {"kind":"phase","phase":"profile","frame":172,"submitted":171,"completed":171,"bodies":2620,"joints":2520,"physics_ns":5481221517,"draw_ns":0,"render_ns":0,"ui_ns":0,"commit_ns":0,"profile_ns":0,"health_ns":5478757737,"query_wait_ms":0,"query_map_ms":0,"query_encode_ms":0,"query_copied_bytes":0}
phase-progress {"kind":"phase","phase":"pick","frame":172,"submitted":171,"completed":171,"bodies":2620,"joints":2520,"physics_ns":5481221517,"draw_ns":0,"render_ns":0,"ui_ns":0,"commit_ns":0,"profile_ns":8381,"health_ns":5478757737,"query_wait_ms":0,"query_map_ms":0,"query_encode_ms":0,"query_copied_bytes":0}
phase-progress {"kind":"phase","phase":"draw","frame":172,"submitted":171,"completed":171,"bodies":2620,"joints":2520,"physics_ns":5481221517,"draw_ns":0,"render_ns":0,"ui_ns":0,"commit_ns":0,"profile_ns":8381,"health_ns":5478757737,"query_wait_ms":5.60000008e-05,"query_map_ms":0.00332099991,"query_encode_ms":0.0667989999,"query_copied_bytes":64}
phase-progress {"kind":"phase","phase":"render","frame":172,"submitted":172,"completed":172,"bodies":2620,"joints":2520,"physics_ns":5481221517,"draw_ns":407994,"render_ns":0,"ui_ns":0,"commit_ns":0,"profile_ns":8381,"health_ns":5478757737,"query_wait_ms":5.60000008e-05,"query_map_ms":0.00332099991,"query_encode_ms":0.0667989999,"query_copied_bytes":64}
phase-progress {"kind":"phase","phase":"ui","frame":172,"submitted":172,"completed":172,"bodies":2620,"joints":2520,"physics_ns":5481221517,"draw_ns":407994,"render_ns":254654597,"ui_ns":0,"commit_ns":0,"profile_ns":8381,"health_ns":5478757737,"query_wait_ms":5.60000008e-05,"query_map_ms":0.00332099991,"query_encode_ms":0.0667989999,"query_copied_bytes":64}
phase-progress {"kind":"phase","phase":"commit","frame":172,"submitted":172,"completed":172,"bodies":2620,"joints":2520,"physics_ns":5481221517,"draw_ns":407994,"render_ns":254654597,"ui_ns":86894,"commit_ns":0,"profile_ns":8381,"health_ns":5478757737,"query_wait_ms":5.60000008e-05,"query_map_ms":0.00332099991,"query_encode_ms":0.0667989999,"query_copied_bytes":64}
phase-progress {"kind":"phase","phase":"limiter","frame":172,"submitted":172,"completed":172,"bodies":2620,"joints":2520,"physics_ns":5481221517,"draw_ns":407994,"render_ns":254654597,"ui_ns":86894,"commit_ns":15478,"profile_ns":8381,"health_ns":5478757737,"query_wait_ms":5.60000008e-05,"query_map_ms":0.00332099991,"query_encode_ms":0.0667989999,"query_copied_bytes":64}
phase-progress {"kind":"phase","phase":"end","frame":172,"submitted":172,"completed":172,"bodies":2620,"joints":2520,"physics_ns":5481221517,"draw_ns":407994,"render_ns":254654597,"ui_ns":86894,"commit_ns":15478,"profile_ns":8381,"health_ns":5478757737,"query_wait_ms":5.60000008e-05,"query_map_ms":0.00332099991,"query_encode_ms":0.0667989999,"query_copied_bytes":64}
phase-progress {"kind":"frame","phase":"end","frame":172,"submitted":172,"completed":172,"bodies":2620,"joints":2520,"physics_ns":5481221517,"draw_ns":407994,"render_ns":254654597,"ui_ns":86894,"commit_ns":15478,"profile_ns":8381,"health_ns":5478757737,"query_wait_ms":5.60000008e-05,"query_map_ms":0.00332099991,"query_encode_ms":0.0667989999,"query_copied_bytes":64}
phase-progress {"kind":"phase","phase":"setters","frame":173,"submitted":172,"completed":172,"bodies":0,"joints":0,"physics_ns":0,"draw_ns":0,"render_ns":0,"ui_ns":0,"commit_ns":0,"profile_ns":0,"health_ns":0,"query_wait_ms":0,"query_map_ms":0,"query_encode_ms":0,"query_copied_bytes":0}
phase-progress {"kind":"phase","phase":"physics","frame":173,"submitted":172,"completed":172,"bodies":0,"joints":0,"physics_ns":0,"draw_ns":0,"render_ns":0,"ui_ns":0,"commit_ns":0,"profile_ns":0,"health_ns":0,"query_wait_ms":0,"query_map_ms":0,"query_encode_ms":0,"query_copied_bytes":0}
phase-progress {"kind":"health_begin","phase":"health","frame":173,"submitted":172,"completed":172,"bodies":2620,"joints":2520,"physics_ns":0,"draw_ns":0,"render_ns":0,"ui_ns":0,"commit_ns":0,"profile_ns":0,"health_ns":0,"query_wait_ms":0,"query_map_ms":0,"query_encode_ms":0,"query_copied_bytes":0}
phase-progress {"kind":"health_end","phase":"health","frame":173,"submitted":172,"completed":172,"bodies":2620,"joints":2520,"physics_ns":0,"draw_ns":0,"render_ns":0,"ui_ns":0,"commit_ns":0,"profile_ns":0,"health_ns":4531647897,"query_wait_ms":0,"query_map_ms":0,"query_encode_ms":0,"query_copied_bytes":0}
phase-progress {"kind":"phase","phase":"profile","frame":173,"submitted":172,"completed":172,"bodies":2620,"joints":2520,"physics_ns":4534116775,"draw_ns":0,"render_ns":0,"ui_ns":0,"commit_ns":0,"profile_ns":0,"health_ns":4531647897,"query_wait_ms":0,"query_map_ms":0,"query_encode_ms":0,"query_copied_bytes":0}
phase-progress {"kind":"phase","phase":"pick","frame":173,"submitted":172,"completed":172,"bodies":2620,"joints":2520,"physics_ns":4534116775,"draw_ns":0,"render_ns":0,"ui_ns":0,"commit_ns":0,"profile_ns":8516,"health_ns":4531647897,"query_wait_ms":0,"query_map_ms":0,"query_encode_ms":0,"query_copied_bytes":0}
phase-progress {"kind":"phase","phase":"draw","frame":173,"submitted":172,"completed":172,"bodies":2620,"joints":2520,"physics_ns":4534116775,"draw_ns":0,"render_ns":0,"ui_ns":0,"commit_ns":0,"profile_ns":8516,"health_ns":4531647897,"query_wait_ms":5.40000001e-05,"query_map_ms":0.0042940001,"query_encode_ms":0.082434997,"query_copied_bytes":64}
phase-progress {"kind":"phase","phase":"render","frame":173,"submitted":173,"completed":173,"bodies":2620,"joints":2520,"physics_ns":4534116775,"draw_ns":494323,"render_ns":0,"ui_ns":0,"commit_ns":0,"profile_ns":8516,"health_ns":4531647897,"query_wait_ms":5.40000001e-05,"query_map_ms":0.0042940001,"query_encode_ms":0.082434997,"query_copied_bytes":64}
phase-progress {"kind":"phase","phase":"ui","frame":173,"submitted":173,"completed":173,"bodies":2620,"joints":2520,"physics_ns":4534116775,"draw_ns":494323,"render_ns":256814767,"ui_ns":0,"commit_ns":0,"profile_ns":8516,"health_ns":4531647897,"query_wait_ms":5.40000001e-05,"query_map_ms":0.0042940001,"query_encode_ms":0.082434997,"query_copied_bytes":64}
phase-progress {"kind":"phase","phase":"commit","frame":173,"submitted":173,"completed":173,"bodies":2620,"joints":2520,"physics_ns":4534116775,"draw_ns":494323,"render_ns":256814767,"ui_ns":88145,"commit_ns":0,"profile_ns":8516,"health_ns":4531647897,"query_wait_ms":5.40000001e-05,"query_map_ms":0.0042940001,"query_encode_ms":0.082434997,"query_copied_bytes":64}
phase-progress {"kind":"phase","phase":"limiter","frame":173,"submitted":173,"completed":173,"bodies":2620,"joints":2520,"physics_ns":4534116775,"draw_ns":494323,"render_ns":256814767,"ui_ns":88145,"commit_ns":15503,"profile_ns":8516,"health_ns":4531647897,"query_wait_ms":5.40000001e-05,"query_map_ms":0.0042940001,"query_encode_ms":0.082434997,"query_copied_bytes":64}
phase-progress {"kind":"phase","phase":"end","frame":173,"submitted":173,"completed":173,"bodies":2620,"joints":2520,"physics_ns":4534116775,"draw_ns":494323,"render_ns":256814767,"ui_ns":88145,"commit_ns":15503,"profile_ns":8516,"health_ns":4531647897,"query_wait_ms":5.40000001e-05,"query_map_ms":0.0042940001,"query_encode_ms":0.082434997,"query_copied_bytes":64}
phase-progress {"kind":"frame","phase":"end","frame":173,"submitted":173,"completed":173,"bodies":2620,"joints":2520,"physics_ns":4534116775,"draw_ns":494323,"render_ns":256814767,"ui_ns":88145,"commit_ns":15503,"profile_ns":8516,"health_ns":4531647897,"query_wait_ms":5.40000001e-05,"query_map_ms":0.0042940001,"query_encode_ms":0.082434997,"query_copied_bytes":64}
phase-progress {"kind":"phase","phase":"setters","frame":174,"submitted":173,"completed":173,"bodies":0,"joints":0,"physics_ns":0,"draw_ns":0,"render_ns":0,"ui_ns":0,"commit_ns":0,"profile_ns":0,"health_ns":0,"query_wait_ms":0,"query_map_ms":0,"query_encode_ms":0,"query_copied_bytes":0}
phase-progress {"kind":"phase","phase":"physics","frame":174,"submitted":173,"completed":173,"bodies":0,"joints":0,"physics_ns":0,"draw_ns":0,"render_ns":0,"ui_ns":0,"commit_ns":0,"profile_ns":0,"health_ns":0,"query_wait_ms":0,"query_map_ms":0,"query_encode_ms":0,"query_copied_bytes":0}
phase-progress {"kind":"health_begin","phase":"health","frame":174,"submitted":173,"completed":173,"bodies":2620,"joints":2520,"physics_ns":0,"draw_ns":0,"render_ns":0,"ui_ns":0,"commit_ns":0,"profile_ns":0,"health_ns":0,"query_wait_ms":0,"query_map_ms":0,"query_encode_ms":0,"query_copied_bytes":0}
phase-progress {"kind":"health_end","phase":"health","frame":174,"submitted":173,"completed":173,"bodies":2620,"joints":2520,"physics_ns":0,"draw_ns":0,"render_ns":0,"ui_ns":0,"commit_ns":0,"profile_ns":0,"health_ns":5381496022,"query_wait_ms":0,"query_map_ms":0,"query_encode_ms":0,"query_copied_bytes":0}
phase-progress {"kind":"phase","phase":"profile","frame":174,"submitted":173,"completed":173,"bodies":2620,"joints":2520,"physics_ns":5383931559,"draw_ns":0,"render_ns":0,"ui_ns":0,"commit_ns":0,"profile_ns":0,"health_ns":5381496022,"query_wait_ms":0,"query_map_ms":0,"query_encode_ms":0,"query_copied_bytes":0}
phase-progress {"kind":"phase","phase":"pick","frame":174,"submitted":173,"completed":173,"bodies":2620,"joints":2520,"physics_ns":5383931559,"draw_ns":0,"render_ns":0,"ui_ns":0,"commit_ns":0,"profile_ns":8550,"health_ns":5381496022,"query_wait_ms":0,"query_map_ms":0,"query_encode_ms":0,"query_copied_bytes":0}
phase-progress {"kind":"phase","phase":"draw","frame":174,"submitted":173,"completed":173,"bodies":2620,"joints":2520,"physics_ns":5383931559,"draw_ns":0,"render_ns":0,"ui_ns":0,"commit_ns":0,"profile_ns":8550,"health_ns":5381496022,"query_wait_ms":7.39999959e-05,"query_map_ms":0.00312000001,"query_encode_ms":0.0844590068,"query_copied_bytes":64}
phase-progress {"kind":"phase","phase":"render","frame":174,"submitted":174,"completed":174,"bodies":2620,"joints":2520,"physics_ns":5383931559,"draw_ns":401260,"render_ns":0,"ui_ns":0,"commit_ns":0,"profile_ns":8550,"health_ns":5381496022,"query_wait_ms":7.39999959e-05,"query_map_ms":0.00312000001,"query_encode_ms":0.0844590068,"query_copied_bytes":64}
phase-progress {"kind":"phase","phase":"ui","frame":174,"submitted":174,"completed":174,"bodies":2620,"joints":2520,"physics_ns":5383931559,"draw_ns":401260,"render_ns":255755101,"ui_ns":0,"commit_ns":0,"profile_ns":8550,"health_ns":5381496022,"query_wait_ms":7.39999959e-05,"query_map_ms":0.00312000001,"query_encode_ms":0.0844590068,"query_copied_bytes":64}
phase-progress {"kind":"phase","phase":"commit","frame":174,"submitted":174,"completed":174,"bodies":2620,"joints":2520,"physics_ns":5383931559,"draw_ns":401260,"render_ns":255755101,"ui_ns":84964,"commit_ns":0,"profile_ns":8550,"health_ns":5381496022,"query_wait_ms":7.39999959e-05,"query_map_ms":0.00312000001,"query_encode_ms":0.0844590068,"query_copied_bytes":64}
phase-progress {"kind":"phase","phase":"limiter","frame":174,"submitted":174,"completed":174,"bodies":2620,"joints":2520,"physics_ns":5383931559,"draw_ns":401260,"render_ns":255755101,"ui_ns":84964,"commit_ns":15559,"profile_ns":8550,"health_ns":5381496022,"query_wait_ms":7.39999959e-05,"query_map_ms":0.00312000001,"query_encode_ms":0.0844590068,"query_copied_bytes":64}
phase-progress {"kind":"phase","phase":"end","frame":174,"submitted":174,"completed":174,"bodies":2620,"joints":2520,"physics_ns":5383931559,"draw_ns":401260,"render_ns":255755101,"ui_ns":84964,"commit_ns":15559,"profile_ns":8550,"health_ns":5381496022,"query_wait_ms":7.39999959e-05,"query_map_ms":0.00312000001,"query_encode_ms":0.0844590068,"query_copied_bytes":64}
phase-progress {"kind":"frame","phase":"end","frame":174,"submitted":174,"completed":174,"bodies":2620,"joints":2520,"physics_ns":5383931559,"draw_ns":401260,"render_ns":255755101,"ui_ns":84964,"commit_ns":15559,"profile_ns":8550,"health_ns":5381496022,"query_wait_ms":7.39999959e-05,"query_map_ms":0.00312000001,"query_encode_ms":0.0844590068,"query_copied_bytes":64}
phase-progress {"kind":"phase","phase":"setters","frame":175,"submitted":174,"completed":174,"bodies":0,"joints":0,"physics_ns":0,"draw_ns":0,"render_ns":0,"ui_ns":0,"commit_ns":0,"profile_ns":0,"health_ns":0,"query_wait_ms":0,"query_map_ms":0,"query_encode_ms":0,"query_copied_bytes":0}
phase-progress {"kind":"phase","phase":"physics","frame":175,"submitted":174,"completed":174,"bodies":0,"joints":0,"physics_ns":0,"draw_ns":0,"render_ns":0,"ui_ns":0,"commit_ns":0,"profile_ns":0,"health_ns":0,"query_wait_ms":0,"query_map_ms":0,"query_encode_ms":0,"query_copied_bytes":0}
phase-progress {"kind":"health_begin","phase":"health","frame":175,"submitted":174,"completed":174,"bodies":2620,"joints":2520,"physics_ns":0,"draw_ns":0,"render_ns":0,"ui_ns":0,"commit_ns":0,"profile_ns":0,"health_ns":0,"query_wait_ms":0,"query_map_ms":0,"query_encode_ms":0,"query_copied_bytes":0}
phase-progress {"kind":"health_end","phase":"health","frame":175,"submitted":174,"completed":174,"bodies":2620,"joints":2520,"physics_ns":0,"draw_ns":0,"render_ns":0,"ui_ns":0,"commit_ns":0,"profile_ns":0,"health_ns":4821518428,"query_wait_ms":0,"query_map_ms":0,"query_encode_ms":0,"query_copied_bytes":0}
phase-progress {"kind":"phase","phase":"profile","frame":175,"submitted":174,"completed":174,"bodies":2620,"joints":2520,"physics_ns":4824023922,"draw_ns":0,"render_ns":0,"ui_ns":0,"commit_ns":0,"profile_ns":0,"health_ns":4821518428,"query_wait_ms":0,"query_map_ms":0,"query_encode_ms":0,"query_copied_bytes":0}
phase-progress {"kind":"phase","phase":"pick","frame":175,"submitted":174,"completed":174,"bodies":2620,"joints":2520,"physics_ns":4824023922,"draw_ns":0,"render_ns":0,"ui_ns":0,"commit_ns":0,"profile_ns":8286,"health_ns":4821518428,"query_wait_ms":0,"query_map_ms":0,"query_encode_ms":0,"query_copied_bytes":0}
phase-progress {"kind":"phase","phase":"draw","frame":175,"submitted":174,"completed":174,"bodies":2620,"joints":2520,"physics_ns":4824023922,"draw_ns":0,"render_ns":0,"ui_ns":0,"commit_ns":0,"profile_ns":8286,"health_ns":4821518428,"query_wait_ms":5.99999985e-05,"query_map_ms":0.00354199996,"query_encode_ms":0.0824529976,"query_copied_bytes":64}
phase-progress {"kind":"phase","phase":"render","frame":175,"submitted":175,"completed":175,"bodies":2620,"joints":2520,"physics_ns":4824023922,"draw_ns":415835,"render_ns":0,"ui_ns":0,"commit_ns":0,"profile_ns":8286,"health_ns":4821518428,"query_wait_ms":5.99999985e-05,"query_map_ms":0.00354199996,"query_encode_ms":0.0824529976,"query_copied_bytes":64}
phase-progress {"kind":"phase","phase":"ui","frame":175,"submitted":175,"completed":175,"bodies":2620,"joints":2520,"physics_ns":4824023922,"draw_ns":415835,"render_ns":257505764,"ui_ns":0,"commit_ns":0,"profile_ns":8286,"health_ns":4821518428,"query_wait_ms":5.99999985e-05,"query_map_ms":0.00354199996,"query_encode_ms":0.0824529976,"query_copied_bytes":64}
phase-progress {"kind":"phase","phase":"commit","frame":175,"submitted":175,"completed":175,"bodies":2620,"joints":2520,"physics_ns":4824023922,"draw_ns":415835,"render_ns":257505764,"ui_ns":87755,"commit_ns":0,"profile_ns":8286,"health_ns":4821518428,"query_wait_ms":5.99999985e-05,"query_map_ms":0.00354199996,"query_encode_ms":0.0824529976,"query_copied_bytes":64}
phase-progress {"kind":"phase","phase":"limiter","frame":175,"submitted":175,"completed":175,"bodies":2620,"joints":2520,"physics_ns":4824023922,"draw_ns":415835,"render_ns":257505764,"ui_ns":87755,"commit_ns":15228,"profile_ns":8286,"health_ns":4821518428,"query_wait_ms":5.99999985e-05,"query_map_ms":0.00354199996,"query_encode_ms":0.0824529976,"query_copied_bytes":64}
phase-progress {"kind":"phase","phase":"end","frame":175,"submitted":175,"completed":175,"bodies":2620,"joints":2520,"physics_ns":4824023922,"draw_ns":415835,"render_ns":257505764,"ui_ns":87755,"commit_ns":15228,"profile_ns":8286,"health_ns":4821518428,"query_wait_ms":5.99999985e-05,"query_map_ms":0.00354199996,"query_encode_ms":0.0824529976,"query_copied_bytes":64}
phase-progress {"kind":"frame","phase":"end","frame":175,"submitted":175,"completed":175,"bodies":2620,"joints":2520,"physics_ns":4824023922,"draw_ns":415835,"render_ns":257505764,"ui_ns":87755,"commit_ns":15228,"profile_ns":8286,"health_ns":4821518428,"query_wait_ms":5.99999985e-05,"query_map_ms":0.00354199996,"query_encode_ms":0.0824529976,"query_copied_bytes":64}
phase-progress {"kind":"phase","phase":"setters","frame":176,"submitted":175,"completed":175,"bodies":0,"joints":0,"physics_ns":0,"draw_ns":0,"render_ns":0,"ui_ns":0,"commit_ns":0,"profile_ns":0,"health_ns":0,"query_wait_ms":0,"query_map_ms":0,"query_encode_ms":0,"query_copied_bytes":0}
phase-progress {"kind":"phase","phase":"physics","frame":176,"submitted":175,"completed":175,"bodies":0,"joints":0,"physics_ns":0,"draw_ns":0,"render_ns":0,"ui_ns":0,"commit_ns":0,"profile_ns":0,"health_ns":0,"query_wait_ms":0,"query_map_ms":0,"query_encode_ms":0,"query_copied_bytes":0}
phase-progress {"kind":"health_begin","phase":"health","frame":176,"submitted":175,"completed":175,"bodies":2620,"joints":2520,"physics_ns":0,"draw_ns":0,"render_ns":0,"ui_ns":0,"commit_ns":0,"profile_ns":0,"health_ns":0,"query_wait_ms":0,"query_map_ms":0,"query_encode_ms":0,"query_copied_bytes":0}
phase-progress {"kind":"health_end","phase":"health","frame":176,"submitted":175,"completed":175,"bodies":2620,"joints":2520,"physics_ns":0,"draw_ns":0,"render_ns":0,"ui_ns":0,"commit_ns":0,"profile_ns":0,"health_ns":4494155359,"query_wait_ms":0,"query_map_ms":0,"query_encode_ms":0,"query_copied_bytes":0}
phase-progress {"kind":"phase","phase":"profile","frame":176,"submitted":175,"completed":175,"bodies":2620,"joints":2520,"physics_ns":4496604733,"draw_ns":0,"render_ns":0,"ui_ns":0,"commit_ns":0,"profile_ns":0,"health_ns":4494155359,"query_wait_ms":0,"query_map_ms":0,"query_encode_ms":0,"query_copied_bytes":0}
phase-progress {"kind":"phase","phase":"pick","frame":176,"submitted":175,"completed":175,"bodies":2620,"joints":2520,"physics_ns":4496604733,"draw_ns":0,"render_ns":0,"ui_ns":0,"commit_ns":0,"profile_ns":8885,"health_ns":4494155359,"query_wait_ms":0,"query_map_ms":0,"query_encode_ms":0,"query_copied_bytes":0}
phase-progress {"kind":"phase","phase":"draw","frame":176,"submitted":175,"completed":175,"bodies":2620,"joints":2520,"physics_ns":4496604733,"draw_ns":0,"render_ns":0,"ui_ns":0,"commit_ns":0,"profile_ns":8885,"health_ns":4494155359,"query_wait_ms":6.50000002e-05,"query_map_ms":0.00328100007,"query_encode_ms":0.0867410004,"query_copied_bytes":64}
phase-progress {"kind":"phase","phase":"render","frame":176,"submitted":176,"completed":176,"bodies":2620,"joints":2520,"physics_ns":4496604733,"draw_ns":421770,"render_ns":0,"ui_ns":0,"commit_ns":0,"profile_ns":8885,"health_ns":4494155359,"query_wait_ms":6.50000002e-05,"query_map_ms":0.00328100007,"query_encode_ms":0.0867410004,"query_copied_bytes":64}
phase-progress {"kind":"phase","phase":"ui","frame":176,"submitted":176,"completed":176,"bodies":2620,"joints":2520,"physics_ns":4496604733,"draw_ns":421770,"render_ns":259236390,"ui_ns":0,"commit_ns":0,"profile_ns":8885,"health_ns":4494155359,"query_wait_ms":6.50000002e-05,"query_map_ms":0.00328100007,"query_encode_ms":0.0867410004,"query_copied_bytes":64}
phase-progress {"kind":"phase","phase":"commit","frame":176,"submitted":176,"completed":176,"bodies":2620,"joints":2520,"physics_ns":4496604733,"draw_ns":421770,"render_ns":259236390,"ui_ns":88061,"commit_ns":0,"profile_ns":8885,"health_ns":4494155359,"query_wait_ms":6.50000002e-05,"query_map_ms":0.00328100007,"query_encode_ms":0.0867410004,"query_copied_bytes":64}
phase-progress {"kind":"phase","phase":"limiter","frame":176,"submitted":176,"completed":176,"bodies":2620,"joints":2520,"physics_ns":4496604733,"draw_ns":421770,"render_ns":259236390,"ui_ns":88061,"commit_ns":22623,"profile_ns":8885,"health_ns":4494155359,"query_wait_ms":6.50000002e-05,"query_map_ms":0.00328100007,"query_encode_ms":0.0867410004,"query_copied_bytes":64}
phase-progress {"kind":"phase","phase":"end","frame":176,"submitted":176,"completed":176,"bodies":2620,"joints":2520,"physics_ns":4496604733,"draw_ns":421770,"render_ns":259236390,"ui_ns":88061,"commit_ns":22623,"profile_ns":8885,"health_ns":4494155359,"query_wait_ms":6.50000002e-05,"query_map_ms":0.00328100007,"query_encode_ms":0.0867410004,"query_copied_bytes":64}
phase-progress {"kind":"frame","phase":"end","frame":176,"submitted":176,"completed":176,"bodies":2620,"joints":2520,"physics_ns":4496604733,"draw_ns":421770,"render_ns":259236390,"ui_ns":88061,"commit_ns":22623,"profile_ns":8885,"health_ns":4494155359,"query_wait_ms":6.50000002e-05,"query_map_ms":0.00328100007,"query_encode_ms":0.0867410004,"query_copied_bytes":64}
phase-progress {"kind":"phase","phase":"setters","frame":177,"submitted":176,"completed":176,"bodies":0,"joints":0,"physics_ns":0,"draw_ns":0,"render_ns":0,"ui_ns":0,"commit_ns":0,"profile_ns":0,"health_ns":0,"query_wait_ms":0,"query_map_ms":0,"query_encode_ms":0,"query_copied_bytes":0}
phase-progress {"kind":"phase","phase":"physics","frame":177,"submitted":176,"completed":176,"bodies":0,"joints":0,"physics_ns":0,"draw_ns":0,"render_ns":0,"ui_ns":0,"commit_ns":0,"profile_ns":0,"health_ns":0,"query_wait_ms":0,"query_map_ms":0,"query_encode_ms":0,"query_copied_bytes":0}
phase-progress {"kind":"health_begin","phase":"health","frame":177,"submitted":176,"completed":176,"bodies":2620,"joints":2520,"physics_ns":0,"draw_ns":0,"render_ns":0,"ui_ns":0,"commit_ns":0,"profile_ns":0,"health_ns":0,"query_wait_ms":0,"query_map_ms":0,"query_encode_ms":0,"query_copied_bytes":0}
phase-progress {"kind":"health_end","phase":"health","frame":177,"submitted":176,"completed":176,"bodies":2620,"joints":2520,"physics_ns":0,"draw_ns":0,"render_ns":0,"ui_ns":0,"commit_ns":0,"profile_ns":0,"health_ns":4546919448,"query_wait_ms":0,"query_map_ms":0,"query_encode_ms":0,"query_copied_bytes":0}
phase-progress {"kind":"phase","phase":"profile","frame":177,"submitted":176,"completed":176,"bodies":2620,"joints":2520,"physics_ns":4549925798,"draw_ns":0,"render_ns":0,"ui_ns":0,"commit_ns":0,"profile_ns":0,"health_ns":4546919448,"query_wait_ms":0,"query_map_ms":0,"query_encode_ms":0,"query_copied_bytes":0}
phase-progress {"kind":"phase","phase":"pick","frame":177,"submitted":176,"completed":176,"bodies":2620,"joints":2520,"physics_ns":4549925798,"draw_ns":0,"render_ns":0,"ui_ns":0,"commit_ns":0,"profile_ns":8049,"health_ns":4546919448,"query_wait_ms":0,"query_map_ms":0,"query_encode_ms":0,"query_copied_bytes":0}
phase-progress {"kind":"phase","phase":"draw","frame":177,"submitted":176,"completed":176,"bodies":2620,"joints":2520,"physics_ns":4549925798,"draw_ns":0,"render_ns":0,"ui_ns":0,"commit_ns":0,"profile_ns":8049,"health_ns":4546919448,"query_wait_ms":6.70000009e-05,"query_map_ms":0.003241,"query_encode_ms":0.0797649994,"query_copied_bytes":64}
phase-progress {"kind":"phase","phase":"render","frame":177,"submitted":177,"completed":177,"bodies":2620,"joints":2520,"physics_ns":4549925798,"draw_ns":411269,"render_ns":0,"ui_ns":0,"commit_ns":0,"profile_ns":8049,"health_ns":4546919448,"query_wait_ms":6.70000009e-05,"query_map_ms":0.003241,"query_encode_ms":0.0797649994,"query_copied_bytes":64}
phase-progress {"kind":"phase","phase":"ui","frame":177,"submitted":177,"completed":177,"bodies":2620,"joints":2520,"physics_ns":4549925798,"draw_ns":411269,"render_ns":266903480,"ui_ns":0,"commit_ns":0,"profile_ns":8049,"health_ns":4546919448,"query_wait_ms":6.70000009e-05,"query_map_ms":0.003241,"query_encode_ms":0.0797649994,"query_copied_bytes":64}
phase-progress {"kind":"phase","phase":"commit","frame":177,"submitted":177,"completed":177,"bodies":2620,"joints":2520,"physics_ns":4549925798,"draw_ns":411269,"render_ns":266903480,"ui_ns":96200,"commit_ns":0,"profile_ns":8049,"health_ns":4546919448,"query_wait_ms":6.70000009e-05,"query_map_ms":0.003241,"query_encode_ms":0.0797649994,"query_copied_bytes":64}
phase-progress {"kind":"phase","phase":"limiter","frame":177,"submitted":177,"completed":177,"bodies":2620,"joints":2520,"physics_ns":4549925798,"draw_ns":411269,"render_ns":266903480,"ui_ns":96200,"commit_ns":33990,"profile_ns":8049,"health_ns":4546919448,"query_wait_ms":6.70000009e-05,"query_map_ms":0.003241,"query_encode_ms":0.0797649994,"query_copied_bytes":64}
phase-progress {"kind":"phase","phase":"end","frame":177,"submitted":177,"completed":177,"bodies":2620,"joints":2520,"physics_ns":4549925798,"draw_ns":411269,"render_ns":266903480,"ui_ns":96200,"commit_ns":33990,"profile_ns":8049,"health_ns":4546919448,"query_wait_ms":6.70000009e-05,"query_map_ms":0.003241,"query_encode_ms":0.0797649994,"query_copied_bytes":64}
phase-progress {"kind":"frame","phase":"end","frame":177,"submitted":177,"completed":177,"bodies":2620,"joints":2520,"physics_ns":4549925798,"draw_ns":411269,"render_ns":266903480,"ui_ns":96200,"commit_ns":33990,"profile_ns":8049,"health_ns":4546919448,"query_wait_ms":6.70000009e-05,"query_map_ms":0.003241,"query_encode_ms":0.0797649994,"query_copied_bytes":64}
phase-progress {"kind":"phase","phase":"setters","frame":178,"submitted":177,"completed":177,"bodies":0,"joints":0,"physics_ns":0,"draw_ns":0,"render_ns":0,"ui_ns":0,"commit_ns":0,"profile_ns":0,"health_ns":0,"query_wait_ms":0,"query_map_ms":0,"query_encode_ms":0,"query_copied_bytes":0}
phase-progress {"kind":"phase","phase":"physics","frame":178,"submitted":177,"completed":177,"bodies":0,"joints":0,"physics_ns":0,"draw_ns":0,"render_ns":0,"ui_ns":0,"commit_ns":0,"profile_ns":0,"health_ns":0,"query_wait_ms":0,"query_map_ms":0,"query_encode_ms":0,"query_copied_bytes":0}
phase-progress {"kind":"health_begin","phase":"health","frame":178,"submitted":177,"completed":177,"bodies":2620,"joints":2520,"physics_ns":0,"draw_ns":0,"render_ns":0,"ui_ns":0,"commit_ns":0,"profile_ns":0,"health_ns":0,"query_wait_ms":0,"query_map_ms":0,"query_encode_ms":0,"query_copied_bytes":0}
phase-progress {"kind":"health_end","phase":"health","frame":178,"submitted":177,"completed":177,"bodies":2620,"joints":2520,"physics_ns":0,"draw_ns":0,"render_ns":0,"ui_ns":0,"commit_ns":0,"profile_ns":0,"health_ns":4908916175,"query_wait_ms":0,"query_map_ms":0,"query_encode_ms":0,"query_copied_bytes":0}
phase-progress {"kind":"phase","phase":"profile","frame":178,"submitted":177,"completed":177,"bodies":2620,"joints":2520,"physics_ns":4911388859,"draw_ns":0,"render_ns":0,"ui_ns":0,"commit_ns":0,"profile_ns":0,"health_ns":4908916175,"query_wait_ms":0,"query_map_ms":0,"query_encode_ms":0,"query_copied_bytes":0}
phase-progress {"kind":"phase","phase":"pick","frame":178,"submitted":177,"completed":177,"bodies":2620,"joints":2520,"physics_ns":4911388859,"draw_ns":0,"render_ns":0,"ui_ns":0,"commit_ns":0,"profile_ns":8275,"health_ns":4908916175,"query_wait_ms":0,"query_map_ms":0,"query_encode_ms":0,"query_copied_bytes":0}
phase-progress {"kind":"phase","phase":"draw","frame":178,"submitted":177,"completed":177,"bodies":2620,"joints":2520,"physics_ns":4911388859,"draw_ns":0,"render_ns":0,"ui_ns":0,"commit_ns":0,"profile_ns":8275,"health_ns":4908916175,"query_wait_ms":5.50000004e-05,"query_map_ms":0.00312900008,"query_encode_ms":0.0724030063,"query_copied_bytes":64}
phase-progress {"kind":"phase","phase":"render","frame":178,"submitted":178,"completed":178,"bodies":2620,"joints":2520,"physics_ns":4911388859,"draw_ns":414563,"render_ns":0,"ui_ns":0,"commit_ns":0,"profile_ns":8275,"health_ns":4908916175,"query_wait_ms":5.50000004e-05,"query_map_ms":0.00312900008,"query_encode_ms":0.0724030063,"query_copied_bytes":64}
phase-progress {"kind":"phase","phase":"ui","frame":178,"submitted":178,"completed":178,"bodies":2620,"joints":2520,"physics_ns":4911388859,"draw_ns":414563,"render_ns":270088070,"ui_ns":0,"commit_ns":0,"profile_ns":8275,"health_ns":4908916175,"query_wait_ms":5.50000004e-05,"query_map_ms":0.00312900008,"query_encode_ms":0.0724030063,"query_copied_bytes":64}
phase-progress {"kind":"phase","phase":"commit","frame":178,"submitted":178,"completed":178,"bodies":2620,"joints":2520,"physics_ns":4911388859,"draw_ns":414563,"render_ns":270088070,"ui_ns":105438,"commit_ns":0,"profile_ns":8275,"health_ns":4908916175,"query_wait_ms":5.50000004e-05,"query_map_ms":0.00312900008,"query_encode_ms":0.0724030063,"query_copied_bytes":64}
phase-progress {"kind":"phase","phase":"limiter","frame":178,"submitted":178,"completed":178,"bodies":2620,"joints":2520,"physics_ns":4911388859,"draw_ns":414563,"render_ns":270088070,"ui_ns":105438,"commit_ns":15822,"profile_ns":8275,"health_ns":4908916175,"query_wait_ms":5.50000004e-05,"query_map_ms":0.00312900008,"query_encode_ms":0.0724030063,"query_copied_bytes":64}
phase-progress {"kind":"phase","phase":"end","frame":178,"submitted":178,"completed":178,"bodies":2620,"joints":2520,"physics_ns":4911388859,"draw_ns":414563,"render_ns":270088070,"ui_ns":105438,"commit_ns":15822,"profile_ns":8275,"health_ns":4908916175,"query_wait_ms":5.50000004e-05,"query_map_ms":0.00312900008,"query_encode_ms":0.0724030063,"query_copied_bytes":64}
phase-progress {"kind":"frame","phase":"end","frame":178,"submitted":178,"completed":178,"bodies":2620,"joints":2520,"physics_ns":4911388859,"draw_ns":414563,"render_ns":270088070,"ui_ns":105438,"commit_ns":15822,"profile_ns":8275,"health_ns":4908916175,"query_wait_ms":5.50000004e-05,"query_map_ms":0.00312900008,"query_encode_ms":0.0724030063,"query_copied_bytes":64}
phase-progress {"kind":"phase","phase":"setters","frame":179,"submitted":178,"completed":178,"bodies":0,"joints":0,"physics_ns":0,"draw_ns":0,"render_ns":0,"ui_ns":0,"commit_ns":0,"profile_ns":0,"health_ns":0,"query_wait_ms":0,"query_map_ms":0,"query_encode_ms":0,"query_copied_bytes":0}
phase-progress {"kind":"phase","phase":"physics","frame":179,"submitted":178,"completed":178,"bodies":0,"joints":0,"physics_ns":0,"draw_ns":0,"render_ns":0,"ui_ns":0,"commit_ns":0,"profile_ns":0,"health_ns":0,"query_wait_ms":0,"query_map_ms":0,"query_encode_ms":0,"query_copied_bytes":0}
phase-progress {"kind":"health_begin","phase":"health","frame":179,"submitted":178,"completed":178,"bodies":2620,"joints":2520,"physics_ns":0,"draw_ns":0,"render_ns":0,"ui_ns":0,"commit_ns":0,"profile_ns":0,"health_ns":0,"query_wait_ms":0,"query_map_ms":0,"query_encode_ms":0,"query_copied_bytes":0}
phase-progress {"kind":"health_end","phase":"health","frame":179,"submitted":178,"completed":178,"bodies":2620,"joints":2520,"physics_ns":0,"draw_ns":0,"render_ns":0,"ui_ns":0,"commit_ns":0,"profile_ns":0,"health_ns":4884885238,"query_wait_ms":0,"query_map_ms":0,"query_encode_ms":0,"query_copied_bytes":0}
phase-progress {"kind":"phase","phase":"profile","frame":179,"submitted":178,"completed":178,"bodies":2620,"joints":2520,"physics_ns":4888387142,"draw_ns":0,"render_ns":0,"ui_ns":0,"commit_ns":0,"profile_ns":0,"health_ns":4884885238,"query_wait_ms":0,"query_map_ms":0,"query_encode_ms":0,"query_copied_bytes":0}
phase-progress {"kind":"phase","phase":"pick","frame":179,"submitted":178,"completed":178,"bodies":2620,"joints":2520,"physics_ns":4888387142,"draw_ns":0,"render_ns":0,"ui_ns":0,"commit_ns":0,"profile_ns":8550,"health_ns":4884885238,"query_wait_ms":0,"query_map_ms":0,"query_encode_ms":0,"query_copied_bytes":0}
phase-progress {"kind":"phase","phase":"draw","frame":179,"submitted":178,"completed":178,"bodies":2620,"joints":2520,"physics_ns":4888387142,"draw_ns":0,"render_ns":0,"ui_ns":0,"commit_ns":0,"profile_ns":8550,"health_ns":4884885238,"query_wait_ms":6.60000005e-05,"query_map_ms":0.00311399996,"query_encode_ms":0.0650710016,"query_copied_bytes":64}
phase-progress {"kind":"phase","phase":"render","frame":179,"submitted":179,"completed":179,"bodies":2620,"joints":2520,"physics_ns":4888387142,"draw_ns":413972,"render_ns":0,"ui_ns":0,"commit_ns":0,"profile_ns":8550,"health_ns":4884885238,"query_wait_ms":6.60000005e-05,"query_map_ms":0.00311399996,"query_encode_ms":0.0650710016,"query_copied_bytes":64}
phase-progress {"kind":"phase","phase":"ui","frame":179,"submitted":179,"completed":179,"bodies":2620,"joints":2520,"physics_ns":4888387142,"draw_ns":413972,"render_ns":264404820,"ui_ns":0,"commit_ns":0,"profile_ns":8550,"health_ns":4884885238,"query_wait_ms":6.60000005e-05,"query_map_ms":0.00311399996,"query_encode_ms":0.0650710016,"query_copied_bytes":64}
phase-progress {"kind":"phase","phase":"commit","frame":179,"submitted":179,"completed":179,"bodies":2620,"joints":2520,"physics_ns":4888387142,"draw_ns":413972,"render_ns":264404820,"ui_ns":96721,"commit_ns":0,"profile_ns":8550,"health_ns":4884885238,"query_wait_ms":6.60000005e-05,"query_map_ms":0.00311399996,"query_encode_ms":0.0650710016,"query_copied_bytes":64}
phase-progress {"kind":"phase","phase":"limiter","frame":179,"submitted":179,"completed":179,"bodies":2620,"joints":2520,"physics_ns":4888387142,"draw_ns":413972,"render_ns":264404820,"ui_ns":96721,"commit_ns":15556,"profile_ns":8550,"health_ns":4884885238,"query_wait_ms":6.60000005e-05,"query_map_ms":0.00311399996,"query_encode_ms":0.0650710016,"query_copied_bytes":64}
phase-progress {"kind":"phase","phase":"end","frame":179,"submitted":179,"completed":179,"bodies":2620,"joints":2520,"physics_ns":4888387142,"draw_ns":413972,"render_ns":264404820,"ui_ns":96721,"commit_ns":15556,"profile_ns":8550,"health_ns":4884885238,"query_wait_ms":6.60000005e-05,"query_map_ms":0.00311399996,"query_encode_ms":0.0650710016,"query_copied_bytes":64}
phase-progress {"kind":"frame","phase":"end","frame":179,"submitted":179,"completed":179,"bodies":2620,"joints":2520,"physics_ns":4888387142,"draw_ns":413972,"render_ns":264404820,"ui_ns":96721,"commit_ns":15556,"profile_ns":8550,"health_ns":4884885238,"query_wait_ms":6.60000005e-05,"query_map_ms":0.00311399996,"query_encode_ms":0.0650710016,"query_copied_bytes":64}
phase-progress {"kind":"phase","phase":"setters","frame":180,"submitted":179,"completed":179,"bodies":0,"joints":0,"physics_ns":0,"draw_ns":0,"render_ns":0,"ui_ns":0,"commit_ns":0,"profile_ns":0,"health_ns":0,"query_wait_ms":0,"query_map_ms":0,"query_encode_ms":0,"query_copied_bytes":0}
phase-progress {"kind":"phase","phase":"physics","frame":180,"submitted":179,"completed":179,"bodies":0,"joints":0,"physics_ns":0,"draw_ns":0,"render_ns":0,"ui_ns":0,"commit_ns":0,"profile_ns":0,"health_ns":0,"query_wait_ms":0,"query_map_ms":0,"query_encode_ms":0,"query_copied_bytes":0}
phase-progress {"kind":"health_begin","phase":"health","frame":180,"submitted":179,"completed":179,"bodies":2620,"joints":2520,"physics_ns":0,"draw_ns":0,"render_ns":0,"ui_ns":0,"commit_ns":0,"profile_ns":0,"health_ns":0,"query_wait_ms":0,"query_map_ms":0,"query_encode_ms":0,"query_copied_bytes":0}
phase-progress {"kind":"health_end","phase":"health","frame":180,"submitted":179,"completed":179,"bodies":2620,"joints":2520,"physics_ns":0,"draw_ns":0,"render_ns":0,"ui_ns":0,"commit_ns":0,"profile_ns":0,"health_ns":4452793399,"query_wait_ms":0,"query_map_ms":0,"query_encode_ms":0,"query_copied_bytes":0}
phase-progress {"kind":"phase","phase":"profile","frame":180,"submitted":179,"completed":179,"bodies":2620,"joints":2520,"physics_ns":4455233741,"draw_ns":0,"render_ns":0,"ui_ns":0,"commit_ns":0,"profile_ns":0,"health_ns":4452793399,"query_wait_ms":0,"query_map_ms":0,"query_encode_ms":0,"query_copied_bytes":0}
phase-progress {"kind":"phase","phase":"pick","frame":180,"submitted":179,"completed":179,"bodies":2620,"joints":2520,"physics_ns":4455233741,"draw_ns":0,"render_ns":0,"ui_ns":0,"commit_ns":0,"profile_ns":8535,"health_ns":4452793399,"query_wait_ms":0,"query_map_ms":0,"query_encode_ms":0,"query_copied_bytes":0}
phase-progress {"kind":"phase","phase":"draw","frame":180,"submitted":179,"completed":179,"bodies":2620,"joints":2520,"physics_ns":4455233741,"draw_ns":0,"render_ns":0,"ui_ns":0,"commit_ns":0,"profile_ns":8535,"health_ns":4452793399,"query_wait_ms":5.99999985e-05,"query_map_ms":0.00310499989,"query_encode_ms":0.0687879995,"query_copied_bytes":64}
phase-progress {"kind":"phase","phase":"render","frame":180,"submitted":180,"completed":180,"bodies":2620,"joints":2520,"physics_ns":4455233741,"draw_ns":406407,"render_ns":0,"ui_ns":0,"commit_ns":0,"profile_ns":8535,"health_ns":4452793399,"query_wait_ms":5.99999985e-05,"query_map_ms":0.00310499989,"query_encode_ms":0.0687879995,"query_copied_bytes":64}
phase-progress {"kind":"phase","phase":"ui","frame":180,"submitted":180,"completed":180,"bodies":2620,"joints":2520,"physics_ns":4455233741,"draw_ns":406407,"render_ns":238526818,"ui_ns":0,"commit_ns":0,"profile_ns":8535,"health_ns":4452793399,"query_wait_ms":5.99999985e-05,"query_map_ms":0.00310499989,"query_encode_ms":0.0687879995,"query_copied_bytes":64}
phase-progress {"kind":"phase","phase":"commit","frame":180,"submitted":180,"completed":180,"bodies":2620,"joints":2520,"physics_ns":4455233741,"draw_ns":406407,"render_ns":238526818,"ui_ns":104882,"commit_ns":0,"profile_ns":8535,"health_ns":4452793399,"query_wait_ms":5.99999985e-05,"query_map_ms":0.00310499989,"query_encode_ms":0.0687879995,"query_copied_bytes":64}
phase-progress {"kind":"phase","phase":"limiter","frame":180,"submitted":180,"completed":180,"bodies":2620,"joints":2520,"physics_ns":4455233741,"draw_ns":406407,"render_ns":238526818,"ui_ns":104882,"commit_ns":16215,"profile_ns":8535,"health_ns":4452793399,"query_wait_ms":5.99999985e-05,"query_map_ms":0.00310499989,"query_encode_ms":0.0687879995,"query_copied_bytes":64}
phase-progress {"kind":"phase","phase":"end","frame":180,"submitted":180,"completed":180,"bodies":2620,"joints":2520,"physics_ns":4455233741,"draw_ns":406407,"render_ns":238526818,"ui_ns":104882,"commit_ns":16215,"profile_ns":8535,"health_ns":4452793399,"query_wait_ms":5.99999985e-05,"query_map_ms":0.00310499989,"query_encode_ms":0.0687879995,"query_copied_bytes":64}
phase-progress {"kind":"frame","phase":"end","frame":180,"submitted":180,"completed":180,"bodies":2620,"joints":2520,"physics_ns":4455233741,"draw_ns":406407,"render_ns":238526818,"ui_ns":104882,"commit_ns":16215,"profile_ns":8535,"health_ns":4452793399,"query_wait_ms":5.99999985e-05,"query_map_ms":0.00310499989,"query_encode_ms":0.0687879995,"query_copied_bytes":64}
physics-pipeline-cache: save 6461406 bytes, success=true
samples: 180 frames, 0 sokol errors
