sokol(level warn) (no message)
[gfx/info] GPU: llvmpipe (LLVM 22.1.8, 256 bits) (Mesa)
sokol-capacity: 65536 debug shapes and opaque instances per stream
GPU adapter: NVIDIA GeForce RTX 4070 SUPER | backend=Vulkan driver=NVIDIA
GPU features: subgroups
GPU limits: storage bind 2048.0 MiB, buffer 17592186044416.0 MiB
gpu-alloc scene generation=1 bodies=256 shapes=264 hull_points=64 hull_planes=64 hull_edges=64 hull_topology=64 mesh_vertices=33700 mesh_triangles=64000 mesh_nodes=15800 materials=264 joints=16 scene_heap_bytes=2304192 max=536870912
physics-pipeline-cache: loaded 0 bytes
gpu-alloc scene generation=0 bodies=256 shapes=264 hull_points=64 hull_planes=64 hull_edges=64 hull_topology=64 mesh_vertices=33700 mesh_triangles=64000 mesh_nodes=15800 materials=264 joints=16 scene_heap_bytes=2304192 max=536870912
gpu-scene-input shapes=200 mesh_vertices=33700 mesh_triangles=64000 scene_heap_bytes=2304192
GPU pose export: Vulkan opaque FD 37 (28672 bytes)
physics-pipeline-cache: save 6383773 bytes, success=true
gpu-loading: ready after 2.605 s, 77 loading frames, world 1:2 (no physics steps)
sokol-renderer: Mesa / llvmpipe (LLVM 22.1.8, 256 bits); framebuffer=640x360
phase-progress {"kind":"phase","phase":"setters","frame":1,"submitted":0,"completed":0,"bodies":0,"joints":0,"physics_ns":0,"draw_ns":0,"render_ns":0,"ui_ns":0,"commit_ns":0,"profile_ns":0,"health_ns":0,"query_wait_ms":0,"query_map_ms":0,"query_encode_ms":0,"query_copied_bytes":0}
phase-progress {"kind":"phase","phase":"physics","frame":1,"submitted":0,"completed":0,"bodies":0,"joints":0,"physics_ns":0,"draw_ns":0,"render_ns":0,"ui_ns":0,"commit_ns":0,"profile_ns":0,"health_ns":0,"query_wait_ms":0,"query_map_ms":0,"query_encode_ms":0,"query_copied_bytes":0}
gpu-alloc scene generation=1 bodies=520 shapes=620 hull_points=840 hull_planes=64 hull_edges=64 hull_topology=64 mesh_vertices=33700 mesh_triangles=64000 mesh_nodes=15800 materials=620 joints=420 scene_heap_bytes=2440064 max=536870912
gpu-alloc scene generation=0 bodies=520 shapes=620 hull_points=840 hull_planes=64 hull_edges=64 hull_topology=64 mesh_vertices=33700 mesh_triangles=64000 mesh_nodes=15800 materials=620 joints=420 scene_heap_bytes=2440064 max=536870912
gpu-scene-input shapes=620 mesh_vertices=33700 mesh_triangles=64000 scene_heap_bytes=2440064
GPU pose export: Vulkan opaque FD 38 (58368 bytes)
phase-progress {"kind":"health_begin","phase":"health","frame":1,"submitted":0,"completed":0,"bodies":520,"joints":420,"physics_ns":0,"draw_ns":0,"render_ns":0,"ui_ns":0,"commit_ns":0,"profile_ns":0,"health_ns":0,"query_wait_ms":0,"query_map_ms":0,"query_encode_ms":0,"query_copied_bytes":0}
phase-progress {"kind":"health_end","phase":"health","frame":1,"submitted":0,"completed":0,"bodies":520,"joints":420,"physics_ns":0,"draw_ns":0,"render_ns":0,"ui_ns":0,"commit_ns":0,"profile_ns":0,"health_ns":36910196,"query_wait_ms":0,"query_map_ms":0,"query_encode_ms":0,"query_copied_bytes":0}
phase-progress {"kind":"phase","phase":"profile","frame":1,"submitted":0,"completed":0,"bodies":520,"joints":420,"physics_ns":72779052,"draw_ns":0,"render_ns":0,"ui_ns":0,"commit_ns":0,"profile_ns":0,"health_ns":36910196,"query_wait_ms":0,"query_map_ms":0,"query_encode_ms":0,"query_copied_bytes":0}
phase-progress {"kind":"phase","phase":"pick","frame":1,"submitted":0,"completed":0,"bodies":520,"joints":420,"physics_ns":72779052,"draw_ns":0,"render_ns":0,"ui_ns":0,"commit_ns":0,"profile_ns":8345,"health_ns":36910196,"query_wait_ms":0,"query_map_ms":0,"query_encode_ms":0,"query_copied_bytes":0}
phase-progress {"kind":"phase","phase":"draw","frame":1,"submitted":0,"completed":0,"bodies":520,"joints":420,"physics_ns":72779052,"draw_ns":0,"render_ns":0,"ui_ns":0,"commit_ns":0,"profile_ns":8345,"health_ns":36910196,"query_wait_ms":6.70000009e-05,"query_map_ms":0.002936,"query_encode_ms":0.124035999,"query_copied_bytes":64}
GPU pose import skipped: different or unknown GPU UUID; using current CPU pose mirrors
phase-progress {"kind":"phase","phase":"render","frame":1,"submitted":1,"completed":1,"bodies":520,"joints":420,"physics_ns":72779052,"draw_ns":438701,"render_ns":0,"ui_ns":0,"commit_ns":0,"profile_ns":8345,"health_ns":36910196,"query_wait_ms":6.70000009e-05,"query_map_ms":0.002936,"query_encode_ms":0.124035999,"query_copied_bytes":64}
phase-progress {"kind":"phase","phase":"ui","frame":1,"submitted":1,"completed":1,"bodies":520,"joints":420,"physics_ns":72779052,"draw_ns":438701,"render_ns":309895115,"ui_ns":0,"commit_ns":0,"profile_ns":8345,"health_ns":36910196,"query_wait_ms":6.70000009e-05,"query_map_ms":0.002936,"query_encode_ms":0.124035999,"query_copied_bytes":64}
phase-progress {"kind":"phase","phase":"commit","frame":1,"submitted":1,"completed":1,"bodies":520,"joints":420,"physics_ns":72779052,"draw_ns":438701,"render_ns":309895115,"ui_ns":140229,"commit_ns":0,"profile_ns":8345,"health_ns":36910196,"query_wait_ms":6.70000009e-05,"query_map_ms":0.002936,"query_encode_ms":0.124035999,"query_copied_bytes":64}
startup: scene=28.958 ms gpu=1078.136 ms first-scene-frame=2989.092 ms loading-frames=77
phase-progress {"kind":"phase","phase":"limiter","frame":1,"submitted":1,"completed":1,"bodies":520,"joints":420,"physics_ns":72779052,"draw_ns":438701,"render_ns":309895115,"ui_ns":140229,"commit_ns":21077,"profile_ns":8345,"health_ns":36910196,"query_wait_ms":6.70000009e-05,"query_map_ms":0.002936,"query_encode_ms":0.124035999,"query_copied_bytes":64}
phase-progress {"kind":"phase","phase":"end","frame":1,"submitted":1,"completed":1,"bodies":520,"joints":420,"physics_ns":72779052,"draw_ns":438701,"render_ns":309895115,"ui_ns":140229,"commit_ns":21077,"profile_ns":8345,"health_ns":36910196,"query_wait_ms":6.70000009e-05,"query_map_ms":0.002936,"query_encode_ms":0.124035999,"query_copied_bytes":64}
phase-progress {"kind":"frame","phase":"end","frame":1,"submitted":1,"completed":1,"bodies":520,"joints":420,"physics_ns":72779052,"draw_ns":438701,"render_ns":309895115,"ui_ns":140229,"commit_ns":21077,"profile_ns":8345,"health_ns":36910196,"query_wait_ms":6.70000009e-05,"query_map_ms":0.002936,"query_encode_ms":0.124035999,"query_copied_bytes":64}
phase-progress {"kind":"phase","phase":"setters","frame":2,"submitted":1,"completed":1,"bodies":0,"joints":0,"physics_ns":0,"draw_ns":0,"render_ns":0,"ui_ns":0,"commit_ns":0,"profile_ns":0,"health_ns":0,"query_wait_ms":0,"query_map_ms":0,"query_encode_ms":0,"query_copied_bytes":0}
phase-progress {"kind":"phase","phase":"physics","frame":2,"submitted":1,"completed":1,"bodies":0,"joints":0,"physics_ns":0,"draw_ns":0,"render_ns":0,"ui_ns":0,"commit_ns":0,"profile_ns":0,"health_ns":0,"query_wait_ms":0,"query_map_ms":0,"query_encode_ms":0,"query_copied_bytes":0}
phase-progress {"kind":"health_begin","phase":"health","frame":2,"submitted":1,"completed":1,"bodies":520,"joints":420,"physics_ns":0,"draw_ns":0,"render_ns":0,"ui_ns":0,"commit_ns":0,"profile_ns":0,"health_ns":0,"query_wait_ms":0,"query_map_ms":0,"query_encode_ms":0,"query_copied_bytes":0}
phase-progress {"kind":"health_end","phase":"health","frame":2,"submitted":1,"completed":1,"bodies":520,"joints":420,"physics_ns":0,"draw_ns":0,"render_ns":0,"ui_ns":0,"commit_ns":0,"profile_ns":0,"health_ns":24714515,"query_wait_ms":0,"query_map_ms":0,"query_encode_ms":0,"query_copied_bytes":0}
phase-progress {"kind":"phase","phase":"profile","frame":2,"submitted":1,"completed":1,"bodies":520,"joints":420,"physics_ns":27065342,"draw_ns":0,"render_ns":0,"ui_ns":0,"commit_ns":0,"profile_ns":0,"health_ns":24714515,"query_wait_ms":0,"query_map_ms":0,"query_encode_ms":0,"query_copied_bytes":0}
phase-progress {"kind":"phase","phase":"pick","frame":2,"submitted":1,"completed":1,"bodies":520,"joints":420,"physics_ns":27065342,"draw_ns":0,"render_ns":0,"ui_ns":0,"commit_ns":0,"profile_ns":8022,"health_ns":24714515,"query_wait_ms":0,"query_map_ms":0,"query_encode_ms":0,"query_copied_bytes":0}
phase-progress {"kind":"phase","phase":"draw","frame":2,"submitted":1,"completed":1,"bodies":520,"joints":420,"physics_ns":27065342,"draw_ns":0,"render_ns":0,"ui_ns":0,"commit_ns":0,"profile_ns":8022,"health_ns":24714515,"query_wait_ms":6.50000002e-05,"query_map_ms":0.0023370001,"query_encode_ms":0.0590589978,"query_copied_bytes":64}
phase-progress {"kind":"phase","phase":"render","frame":2,"submitted":2,"completed":2,"bodies":520,"joints":420,"physics_ns":27065342,"draw_ns":112404,"render_ns":0,"ui_ns":0,"commit_ns":0,"profile_ns":8022,"health_ns":24714515,"query_wait_ms":6.50000002e-05,"query_map_ms":0.0023370001,"query_encode_ms":0.0590589978,"query_copied_bytes":64}
phase-progress {"kind":"phase","phase":"ui","frame":2,"submitted":2,"completed":2,"bodies":520,"joints":420,"physics_ns":27065342,"draw_ns":112404,"render_ns":243614993,"ui_ns":0,"commit_ns":0,"profile_ns":8022,"health_ns":24714515,"query_wait_ms":6.50000002e-05,"query_map_ms":0.0023370001,"query_encode_ms":0.0590589978,"query_copied_bytes":64}
phase-progress {"kind":"phase","phase":"commit","frame":2,"submitted":2,"completed":2,"bodies":520,"joints":420,"physics_ns":27065342,"draw_ns":112404,"render_ns":243614993,"ui_ns":102969,"commit_ns":0,"profile_ns":8022,"health_ns":24714515,"query_wait_ms":6.50000002e-05,"query_map_ms":0.0023370001,"query_encode_ms":0.0590589978,"query_copied_bytes":64}
phase-progress {"kind":"phase","phase":"limiter","frame":2,"submitted":2,"completed":2,"bodies":520,"joints":420,"physics_ns":27065342,"draw_ns":112404,"render_ns":243614993,"ui_ns":102969,"commit_ns":20752,"profile_ns":8022,"health_ns":24714515,"query_wait_ms":6.50000002e-05,"query_map_ms":0.0023370001,"query_encode_ms":0.0590589978,"query_copied_bytes":64}
phase-progress {"kind":"phase","phase":"end","frame":2,"submitted":2,"completed":2,"bodies":520,"joints":420,"physics_ns":27065342,"draw_ns":112404,"render_ns":243614993,"ui_ns":102969,"commit_ns":20752,"profile_ns":8022,"health_ns":24714515,"query_wait_ms":6.50000002e-05,"query_map_ms":0.0023370001,"query_encode_ms":0.0590589978,"query_copied_bytes":64}
phase-progress {"kind":"frame","phase":"end","frame":2,"submitted":2,"completed":2,"bodies":520,"joints":420,"physics_ns":27065342,"draw_ns":112404,"render_ns":243614993,"ui_ns":102969,"commit_ns":20752,"profile_ns":8022,"health_ns":24714515,"query_wait_ms":6.50000002e-05,"query_map_ms":0.0023370001,"query_encode_ms":0.0590589978,"query_copied_bytes":64}
phase-progress {"kind":"phase","phase":"setters","frame":3,"submitted":2,"completed":2,"bodies":0,"joints":0,"physics_ns":0,"draw_ns":0,"render_ns":0,"ui_ns":0,"commit_ns":0,"profile_ns":0,"health_ns":0,"query_wait_ms":0,"query_map_ms":0,"query_encode_ms":0,"query_copied_bytes":0}
phase-progress {"kind":"phase","phase":"physics","frame":3,"submitted":2,"completed":2,"bodies":0,"joints":0,"physics_ns":0,"draw_ns":0,"render_ns":0,"ui_ns":0,"commit_ns":0,"profile_ns":0,"health_ns":0,"query_wait_ms":0,"query_map_ms":0,"query_encode_ms":0,"query_copied_bytes":0}
phase-progress {"kind":"health_begin","phase":"health","frame":3,"submitted":2,"completed":2,"bodies":520,"joints":420,"physics_ns":0,"draw_ns":0,"render_ns":0,"ui_ns":0,"commit_ns":0,"profile_ns":0,"health_ns":0,"query_wait_ms":0,"query_map_ms":0,"query_encode_ms":0,"query_copied_bytes":0}
phase-progress {"kind":"health_end","phase":"health","frame":3,"submitted":2,"completed":2,"bodies":520,"joints":420,"physics_ns":0,"draw_ns":0,"render_ns":0,"ui_ns":0,"commit_ns":0,"profile_ns":0,"health_ns":24853552,"query_wait_ms":0,"query_map_ms":0,"query_encode_ms":0,"query_copied_bytes":0}
phase-progress {"kind":"phase","phase":"profile","frame":3,"submitted":2,"completed":2,"bodies":520,"joints":420,"physics_ns":27636151,"draw_ns":0,"render_ns":0,"ui_ns":0,"commit_ns":0,"profile_ns":0,"health_ns":24853552,"query_wait_ms":0,"query_map_ms":0,"query_encode_ms":0,"query_copied_bytes":0}
phase-progress {"kind":"phase","phase":"pick","frame":3,"submitted":2,"completed":2,"bodies":520,"joints":420,"physics_ns":27636151,"draw_ns":0,"render_ns":0,"ui_ns":0,"commit_ns":0,"profile_ns":8110,"health_ns":24853552,"query_wait_ms":0,"query_map_ms":0,"query_encode_ms":0,"query_copied_bytes":0}
phase-progress {"kind":"phase","phase":"draw","frame":3,"submitted":2,"completed":2,"bodies":520,"joints":420,"physics_ns":27636151,"draw_ns":0,"render_ns":0,"ui_ns":0,"commit_ns":0,"profile_ns":8110,"health_ns":24853552,"query_wait_ms":6.90000015e-05,"query_map_ms":0.00244499999,"query_encode_ms":0.068595998,"query_copied_bytes":64}
phase-progress {"kind":"phase","phase":"render","frame":3,"submitted":3,"completed":3,"bodies":520,"joints":420,"physics_ns":27636151,"draw_ns":132497,"render_ns":0,"ui_ns":0,"commit_ns":0,"profile_ns":8110,"health_ns":24853552,"query_wait_ms":6.90000015e-05,"query_map_ms":0.00244499999,"query_encode_ms":0.068595998,"query_copied_bytes":64}
phase-progress {"kind":"phase","phase":"ui","frame":3,"submitted":3,"completed":3,"bodies":520,"joints":420,"physics_ns":27636151,"draw_ns":132497,"render_ns":258531159,"ui_ns":0,"commit_ns":0,"profile_ns":8110,"health_ns":24853552,"query_wait_ms":6.90000015e-05,"query_map_ms":0.00244499999,"query_encode_ms":0.068595998,"query_copied_bytes":64}
phase-progress {"kind":"phase","phase":"commit","frame":3,"submitted":3,"completed":3,"bodies":520,"joints":420,"physics_ns":27636151,"draw_ns":132497,"render_ns":258531159,"ui_ns":92245,"commit_ns":0,"profile_ns":8110,"health_ns":24853552,"query_wait_ms":6.90000015e-05,"query_map_ms":0.00244499999,"query_encode_ms":0.068595998,"query_copied_bytes":64}
phase-progress {"kind":"phase","phase":"limiter","frame":3,"submitted":3,"completed":3,"bodies":520,"joints":420,"physics_ns":27636151,"draw_ns":132497,"render_ns":258531159,"ui_ns":92245,"commit_ns":16296,"profile_ns":8110,"health_ns":24853552,"query_wait_ms":6.90000015e-05,"query_map_ms":0.00244499999,"query_encode_ms":0.068595998,"query_copied_bytes":64}
phase-progress {"kind":"phase","phase":"end","frame":3,"submitted":3,"completed":3,"bodies":520,"joints":420,"physics_ns":27636151,"draw_ns":132497,"render_ns":258531159,"ui_ns":92245,"commit_ns":16296,"profile_ns":8110,"health_ns":24853552,"query_wait_ms":6.90000015e-05,"query_map_ms":0.00244499999,"query_encode_ms":0.068595998,"query_copied_bytes":64}
phase-progress {"kind":"frame","phase":"end","frame":3,"submitted":3,"completed":3,"bodies":520,"joints":420,"physics_ns":27636151,"draw_ns":132497,"render_ns":258531159,"ui_ns":92245,"commit_ns":16296,"profile_ns":8110,"health_ns":24853552,"query_wait_ms":6.90000015e-05,"query_map_ms":0.00244499999,"query_encode_ms":0.068595998,"query_copied_bytes":64}
phase-progress {"kind":"phase","phase":"setters","frame":4,"submitted":3,"completed":3,"bodies":0,"joints":0,"physics_ns":0,"draw_ns":0,"render_ns":0,"ui_ns":0,"commit_ns":0,"profile_ns":0,"health_ns":0,"query_wait_ms":0,"query_map_ms":0,"query_encode_ms":0,"query_copied_bytes":0}
phase-progress {"kind":"phase","phase":"physics","frame":4,"submitted":3,"completed":3,"bodies":0,"joints":0,"physics_ns":0,"draw_ns":0,"render_ns":0,"ui_ns":0,"commit_ns":0,"profile_ns":0,"health_ns":0,"query_wait_ms":0,"query_map_ms":0,"query_encode_ms":0,"query_copied_bytes":0}
phase-progress {"kind":"health_begin","phase":"health","frame":4,"submitted":3,"completed":3,"bodies":520,"joints":420,"physics_ns":0,"draw_ns":0,"render_ns":0,"ui_ns":0,"commit_ns":0,"profile_ns":0,"health_ns":0,"query_wait_ms":0,"query_map_ms":0,"query_encode_ms":0,"query_copied_bytes":0}
phase-progress {"kind":"health_end","phase":"health","frame":4,"submitted":3,"completed":3,"bodies":520,"joints":420,"physics_ns":0,"draw_ns":0,"render_ns":0,"ui_ns":0,"commit_ns":0,"profile_ns":0,"health_ns":24893319,"query_wait_ms":0,"query_map_ms":0,"query_encode_ms":0,"query_copied_bytes":0}
phase-progress {"kind":"phase","phase":"profile","frame":4,"submitted":3,"completed":3,"bodies":520,"joints":420,"physics_ns":27123265,"draw_ns":0,"render_ns":0,"ui_ns":0,"commit_ns":0,"profile_ns":0,"health_ns":24893319,"query_wait_ms":0,"query_map_ms":0,"query_encode_ms":0,"query_copied_bytes":0}
phase-progress {"kind":"phase","phase":"pick","frame":4,"submitted":3,"completed":3,"bodies":520,"joints":420,"physics_ns":27123265,"draw_ns":0,"render_ns":0,"ui_ns":0,"commit_ns":0,"profile_ns":8308,"health_ns":24893319,"query_wait_ms":0,"query_map_ms":0,"query_encode_ms":0,"query_copied_bytes":0}
phase-progress {"kind":"phase","phase":"draw","frame":4,"submitted":3,"completed":3,"bodies":520,"joints":420,"physics_ns":27123265,"draw_ns":0,"render_ns":0,"ui_ns":0,"commit_ns":0,"profile_ns":8308,"health_ns":24893319,"query_wait_ms":6.90000015e-05,"query_map_ms":0.00240899995,"query_encode_ms":0.0587479994,"query_copied_bytes":64}
phase-progress {"kind":"phase","phase":"render","frame":4,"submitted":4,"completed":4,"bodies":520,"joints":420,"physics_ns":27123265,"draw_ns":120216,"render_ns":0,"ui_ns":0,"commit_ns":0,"profile_ns":8308,"health_ns":24893319,"query_wait_ms":6.90000015e-05,"query_map_ms":0.00240899995,"query_encode_ms":0.0587479994,"query_copied_bytes":64}
phase-progress {"kind":"phase","phase":"ui","frame":4,"submitted":4,"completed":4,"bodies":520,"joints":420,"physics_ns":27123265,"draw_ns":120216,"render_ns":242932141,"ui_ns":0,"commit_ns":0,"profile_ns":8308,"health_ns":24893319,"query_wait_ms":6.90000015e-05,"query_map_ms":0.00240899995,"query_encode_ms":0.0587479994,"query_copied_bytes":64}
phase-progress {"kind":"phase","phase":"commit","frame":4,"submitted":4,"completed":4,"bodies":520,"joints":420,"physics_ns":27123265,"draw_ns":120216,"render_ns":242932141,"ui_ns":91819,"commit_ns":0,"profile_ns":8308,"health_ns":24893319,"query_wait_ms":6.90000015e-05,"query_map_ms":0.00240899995,"query_encode_ms":0.0587479994,"query_copied_bytes":64}
phase-progress {"kind":"phase","phase":"limiter","frame":4,"submitted":4,"completed":4,"bodies":520,"joints":420,"physics_ns":27123265,"draw_ns":120216,"render_ns":242932141,"ui_ns":91819,"commit_ns":15892,"profile_ns":8308,"health_ns":24893319,"query_wait_ms":6.90000015e-05,"query_map_ms":0.00240899995,"query_encode_ms":0.0587479994,"query_copied_bytes":64}
phase-progress {"kind":"phase","phase":"end","frame":4,"submitted":4,"completed":4,"bodies":520,"joints":420,"physics_ns":27123265,"draw_ns":120216,"render_ns":242932141,"ui_ns":91819,"commit_ns":15892,"profile_ns":8308,"health_ns":24893319,"query_wait_ms":6.90000015e-05,"query_map_ms":0.00240899995,"query_encode_ms":0.0587479994,"query_copied_bytes":64}
phase-progress {"kind":"frame","phase":"end","frame":4,"submitted":4,"completed":4,"bodies":520,"joints":420,"physics_ns":27123265,"draw_ns":120216,"render_ns":242932141,"ui_ns":91819,"commit_ns":15892,"profile_ns":8308,"health_ns":24893319,"query_wait_ms":6.90000015e-05,"query_map_ms":0.00240899995,"query_encode_ms":0.0587479994,"query_copied_bytes":64}
phase-progress {"kind":"phase","phase":"setters","frame":5,"submitted":4,"completed":4,"bodies":0,"joints":0,"physics_ns":0,"draw_ns":0,"render_ns":0,"ui_ns":0,"commit_ns":0,"profile_ns":0,"health_ns":0,"query_wait_ms":0,"query_map_ms":0,"query_encode_ms":0,"query_copied_bytes":0}
phase-progress {"kind":"phase","phase":"physics","frame":5,"submitted":4,"completed":4,"bodies":0,"joints":0,"physics_ns":0,"draw_ns":0,"render_ns":0,"ui_ns":0,"commit_ns":0,"profile_ns":0,"health_ns":0,"query_wait_ms":0,"query_map_ms":0,"query_encode_ms":0,"query_copied_bytes":0}
phase-progress {"kind":"health_begin","phase":"health","frame":5,"submitted":4,"completed":4,"bodies":520,"joints":420,"physics_ns":0,"draw_ns":0,"render_ns":0,"ui_ns":0,"commit_ns":0,"profile_ns":0,"health_ns":0,"query_wait_ms":0,"query_map_ms":0,"query_encode_ms":0,"query_copied_bytes":0}
phase-progress {"kind":"health_end","phase":"health","frame":5,"submitted":4,"completed":4,"bodies":520,"joints":420,"physics_ns":0,"draw_ns":0,"render_ns":0,"ui_ns":0,"commit_ns":0,"profile_ns":0,"health_ns":26254733,"query_wait_ms":0,"query_map_ms":0,"query_encode_ms":0,"query_copied_bytes":0}
phase-progress {"kind":"phase","phase":"profile","frame":5,"submitted":4,"completed":4,"bodies":520,"joints":420,"physics_ns":28434193,"draw_ns":0,"render_ns":0,"ui_ns":0,"commit_ns":0,"profile_ns":0,"health_ns":26254733,"query_wait_ms":0,"query_map_ms":0,"query_encode_ms":0,"query_copied_bytes":0}
phase-progress {"kind":"phase","phase":"pick","frame":5,"submitted":4,"completed":4,"bodies":520,"joints":420,"physics_ns":28434193,"draw_ns":0,"render_ns":0,"ui_ns":0,"commit_ns":0,"profile_ns":8041,"health_ns":26254733,"query_wait_ms":0,"query_map_ms":0,"query_encode_ms":0,"query_copied_bytes":0}
phase-progress {"kind":"phase","phase":"draw","frame":5,"submitted":4,"completed":4,"bodies":520,"joints":420,"physics_ns":28434193,"draw_ns":0,"render_ns":0,"ui_ns":0,"commit_ns":0,"profile_ns":8041,"health_ns":26254733,"query_wait_ms":7.10000022e-05,"query_map_ms":0.00227200007,"query_encode_ms":0.0611779988,"query_copied_bytes":64}
phase-progress {"kind":"phase","phase":"render","frame":5,"submitted":5,"completed":5,"bodies":520,"joints":420,"physics_ns":28434193,"draw_ns":109084,"render_ns":0,"ui_ns":0,"commit_ns":0,"profile_ns":8041,"health_ns":26254733,"query_wait_ms":7.10000022e-05,"query_map_ms":0.00227200007,"query_encode_ms":0.0611779988,"query_copied_bytes":64}
phase-progress {"kind":"phase","phase":"ui","frame":5,"submitted":5,"completed":5,"bodies":520,"joints":420,"physics_ns":28434193,"draw_ns":109084,"render_ns":250049809,"ui_ns":0,"commit_ns":0,"profile_ns":8041,"health_ns":26254733,"query_wait_ms":7.10000022e-05,"query_map_ms":0.00227200007,"query_encode_ms":0.0611779988,"query_copied_bytes":64}
phase-progress {"kind":"phase","phase":"commit","frame":5,"submitted":5,"completed":5,"bodies":520,"joints":420,"physics_ns":28434193,"draw_ns":109084,"render_ns":250049809,"ui_ns":93624,"commit_ns":0,"profile_ns":8041,"health_ns":26254733,"query_wait_ms":7.10000022e-05,"query_map_ms":0.00227200007,"query_encode_ms":0.0611779988,"query_copied_bytes":64}
phase-progress {"kind":"phase","phase":"limiter","frame":5,"submitted":5,"completed":5,"bodies":520,"joints":420,"physics_ns":28434193,"draw_ns":109084,"render_ns":250049809,"ui_ns":93624,"commit_ns":16107,"profile_ns":8041,"health_ns":26254733,"query_wait_ms":7.10000022e-05,"query_map_ms":0.00227200007,"query_encode_ms":0.0611779988,"query_copied_bytes":64}
phase-progress {"kind":"phase","phase":"end","frame":5,"submitted":5,"completed":5,"bodies":520,"joints":420,"physics_ns":28434193,"draw_ns":109084,"render_ns":250049809,"ui_ns":93624,"commit_ns":16107,"profile_ns":8041,"health_ns":26254733,"query_wait_ms":7.10000022e-05,"query_map_ms":0.00227200007,"query_encode_ms":0.0611779988,"query_copied_bytes":64}
phase-progress {"kind":"frame","phase":"end","frame":5,"submitted":5,"completed":5,"bodies":520,"joints":420,"physics_ns":28434193,"draw_ns":109084,"render_ns":250049809,"ui_ns":93624,"commit_ns":16107,"profile_ns":8041,"health_ns":26254733,"query_wait_ms":7.10000022e-05,"query_map_ms":0.00227200007,"query_encode_ms":0.0611779988,"query_copied_bytes":64}
phase-progress {"kind":"phase","phase":"setters","frame":6,"submitted":5,"completed":5,"bodies":0,"joints":0,"physics_ns":0,"draw_ns":0,"render_ns":0,"ui_ns":0,"commit_ns":0,"profile_ns":0,"health_ns":0,"query_wait_ms":0,"query_map_ms":0,"query_encode_ms":0,"query_copied_bytes":0}
phase-progress {"kind":"phase","phase":"physics","frame":6,"submitted":5,"completed":5,"bodies":0,"joints":0,"physics_ns":0,"draw_ns":0,"render_ns":0,"ui_ns":0,"commit_ns":0,"profile_ns":0,"health_ns":0,"query_wait_ms":0,"query_map_ms":0,"query_encode_ms":0,"query_copied_bytes":0}
phase-progress {"kind":"health_begin","phase":"health","frame":6,"submitted":5,"completed":5,"bodies":520,"joints":420,"physics_ns":0,"draw_ns":0,"render_ns":0,"ui_ns":0,"commit_ns":0,"profile_ns":0,"health_ns":0,"query_wait_ms":0,"query_map_ms":0,"query_encode_ms":0,"query_copied_bytes":0}
phase-progress {"kind":"health_end","phase":"health","frame":6,"submitted":5,"completed":5,"bodies":520,"joints":420,"physics_ns":0,"draw_ns":0,"render_ns":0,"ui_ns":0,"commit_ns":0,"profile_ns":0,"health_ns":24851475,"query_wait_ms":0,"query_map_ms":0,"query_encode_ms":0,"query_copied_bytes":0}
phase-progress {"kind":"phase","phase":"profile","frame":6,"submitted":5,"completed":5,"bodies":520,"joints":420,"physics_ns":27081640,"draw_ns":0,"render_ns":0,"ui_ns":0,"commit_ns":0,"profile_ns":0,"health_ns":24851475,"query_wait_ms":0,"query_map_ms":0,"query_encode_ms":0,"query_copied_bytes":0}
phase-progress {"kind":"phase","phase":"pick","frame":6,"submitted":5,"completed":5,"bodies":520,"joints":420,"physics_ns":27081640,"draw_ns":0,"render_ns":0,"ui_ns":0,"commit_ns":0,"profile_ns":8203,"health_ns":24851475,"query_wait_ms":0,"query_map_ms":0,"query_encode_ms":0,"query_copied_bytes":0}
phase-progress {"kind":"phase","phase":"draw","frame":6,"submitted":5,"completed":5,"bodies":520,"joints":420,"physics_ns":27081640,"draw_ns":0,"render_ns":0,"ui_ns":0,"commit_ns":0,"profile_ns":8203,"health_ns":24851475,"query_wait_ms":7.00000019e-05,"query_map_ms":0.00230799988,"query_encode_ms":0.0569720007,"query_copied_bytes":64}
phase-progress {"kind":"phase","phase":"render","frame":6,"submitted":6,"completed":6,"bodies":520,"joints":420,"physics_ns":27081640,"draw_ns":109787,"render_ns":0,"ui_ns":0,"commit_ns":0,"profile_ns":8203,"health_ns":24851475,"query_wait_ms":7.00000019e-05,"query_map_ms":0.00230799988,"query_encode_ms":0.0569720007,"query_copied_bytes":64}
phase-progress {"kind":"phase","phase":"ui","frame":6,"submitted":6,"completed":6,"bodies":520,"joints":420,"physics_ns":27081640,"draw_ns":109787,"render_ns":253917965,"ui_ns":0,"commit_ns":0,"profile_ns":8203,"health_ns":24851475,"query_wait_ms":7.00000019e-05,"query_map_ms":0.00230799988,"query_encode_ms":0.0569720007,"query_copied_bytes":64}
phase-progress {"kind":"phase","phase":"commit","frame":6,"submitted":6,"completed":6,"bodies":520,"joints":420,"physics_ns":27081640,"draw_ns":109787,"render_ns":253917965,"ui_ns":98817,"commit_ns":0,"profile_ns":8203,"health_ns":24851475,"query_wait_ms":7.00000019e-05,"query_map_ms":0.00230799988,"query_encode_ms":0.0569720007,"query_copied_bytes":64}
phase-progress {"kind":"phase","phase":"limiter","frame":6,"submitted":6,"completed":6,"bodies":520,"joints":420,"physics_ns":27081640,"draw_ns":109787,"render_ns":253917965,"ui_ns":98817,"commit_ns":21419,"profile_ns":8203,"health_ns":24851475,"query_wait_ms":7.00000019e-05,"query_map_ms":0.00230799988,"query_encode_ms":0.0569720007,"query_copied_bytes":64}
phase-progress {"kind":"phase","phase":"end","frame":6,"submitted":6,"completed":6,"bodies":520,"joints":420,"physics_ns":27081640,"draw_ns":109787,"render_ns":253917965,"ui_ns":98817,"commit_ns":21419,"profile_ns":8203,"health_ns":24851475,"query_wait_ms":7.00000019e-05,"query_map_ms":0.00230799988,"query_encode_ms":0.0569720007,"query_copied_bytes":64}
phase-progress {"kind":"frame","phase":"end","frame":6,"submitted":6,"completed":6,"bodies":520,"joints":420,"physics_ns":27081640,"draw_ns":109787,"render_ns":253917965,"ui_ns":98817,"commit_ns":21419,"profile_ns":8203,"health_ns":24851475,"query_wait_ms":7.00000019e-05,"query_map_ms":0.00230799988,"query_encode_ms":0.0569720007,"query_copied_bytes":64}
phase-progress {"kind":"phase","phase":"setters","frame":7,"submitted":6,"completed":6,"bodies":0,"joints":0,"physics_ns":0,"draw_ns":0,"render_ns":0,"ui_ns":0,"commit_ns":0,"profile_ns":0,"health_ns":0,"query_wait_ms":0,"query_map_ms":0,"query_encode_ms":0,"query_copied_bytes":0}
phase-progress {"kind":"phase","phase":"physics","frame":7,"submitted":6,"completed":6,"bodies":0,"joints":0,"physics_ns":0,"draw_ns":0,"render_ns":0,"ui_ns":0,"commit_ns":0,"profile_ns":0,"health_ns":0,"query_wait_ms":0,"query_map_ms":0,"query_encode_ms":0,"query_copied_bytes":0}
phase-progress {"kind":"health_begin","phase":"health","frame":7,"submitted":6,"completed":6,"bodies":520,"joints":420,"physics_ns":0,"draw_ns":0,"render_ns":0,"ui_ns":0,"commit_ns":0,"profile_ns":0,"health_ns":0,"query_wait_ms":0,"query_map_ms":0,"query_encode_ms":0,"query_copied_bytes":0}
phase-progress {"kind":"health_end","phase":"health","frame":7,"submitted":6,"completed":6,"bodies":520,"joints":420,"physics_ns":0,"draw_ns":0,"render_ns":0,"ui_ns":0,"commit_ns":0,"profile_ns":0,"health_ns":30071916,"query_wait_ms":0,"query_map_ms":0,"query_encode_ms":0,"query_copied_bytes":0}
phase-progress {"kind":"phase","phase":"profile","frame":7,"submitted":6,"completed":6,"bodies":520,"joints":420,"physics_ns":32279233,"draw_ns":0,"render_ns":0,"ui_ns":0,"commit_ns":0,"profile_ns":0,"health_ns":30071916,"query_wait_ms":0,"query_map_ms":0,"query_encode_ms":0,"query_copied_bytes":0}
phase-progress {"kind":"phase","phase":"pick","frame":7,"submitted":6,"completed":6,"bodies":520,"joints":420,"physics_ns":32279233,"draw_ns":0,"render_ns":0,"ui_ns":0,"commit_ns":0,"profile_ns":11537,"health_ns":30071916,"query_wait_ms":0,"query_map_ms":0,"query_encode_ms":0,"query_copied_bytes":0}
phase-progress {"kind":"phase","phase":"draw","frame":7,"submitted":6,"completed":6,"bodies":520,"joints":420,"physics_ns":32279233,"draw_ns":0,"render_ns":0,"ui_ns":0,"commit_ns":0,"profile_ns":11537,"health_ns":30071916,"query_wait_ms":7.50000036e-05,"query_map_ms":0.00184099993,"query_encode_ms":0.0631720051,"query_copied_bytes":64}
phase-progress {"kind":"phase","phase":"render","frame":7,"submitted":7,"completed":7,"bodies":520,"joints":420,"physics_ns":32279233,"draw_ns":121584,"render_ns":0,"ui_ns":0,"commit_ns":0,"profile_ns":11537,"health_ns":30071916,"query_wait_ms":7.50000036e-05,"query_map_ms":0.00184099993,"query_encode_ms":0.0631720051,"query_copied_bytes":64}
phase-progress {"kind":"phase","phase":"ui","frame":7,"submitted":7,"completed":7,"bodies":520,"joints":420,"physics_ns":32279233,"draw_ns":121584,"render_ns":233837008,"ui_ns":0,"commit_ns":0,"profile_ns":11537,"health_ns":30071916,"query_wait_ms":7.50000036e-05,"query_map_ms":0.00184099993,"query_encode_ms":0.0631720051,"query_copied_bytes":64}
phase-progress {"kind":"phase","phase":"commit","frame":7,"submitted":7,"completed":7,"bodies":520,"joints":420,"physics_ns":32279233,"draw_ns":121584,"render_ns":233837008,"ui_ns":98076,"commit_ns":0,"profile_ns":11537,"health_ns":30071916,"query_wait_ms":7.50000036e-05,"query_map_ms":0.00184099993,"query_encode_ms":0.0631720051,"query_copied_bytes":64}
phase-progress {"kind":"phase","phase":"limiter","frame":7,"submitted":7,"completed":7,"bodies":520,"joints":420,"physics_ns":32279233,"draw_ns":121584,"render_ns":233837008,"ui_ns":98076,"commit_ns":15890,"profile_ns":11537,"health_ns":30071916,"query_wait_ms":7.50000036e-05,"query_map_ms":0.00184099993,"query_encode_ms":0.0631720051,"query_copied_bytes":64}
phase-progress {"kind":"phase","phase":"end","frame":7,"submitted":7,"completed":7,"bodies":520,"joints":420,"physics_ns":32279233,"draw_ns":121584,"render_ns":233837008,"ui_ns":98076,"commit_ns":15890,"profile_ns":11537,"health_ns":30071916,"query_wait_ms":7.50000036e-05,"query_map_ms":0.00184099993,"query_encode_ms":0.0631720051,"query_copied_bytes":64}
phase-progress {"kind":"frame","phase":"end","frame":7,"submitted":7,"completed":7,"bodies":520,"joints":420,"physics_ns":32279233,"draw_ns":121584,"render_ns":233837008,"ui_ns":98076,"commit_ns":15890,"profile_ns":11537,"health_ns":30071916,"query_wait_ms":7.50000036e-05,"query_map_ms":0.00184099993,"query_encode_ms":0.0631720051,"query_copied_bytes":64}
phase-progress {"kind":"phase","phase":"setters","frame":8,"submitted":7,"completed":7,"bodies":0,"joints":0,"physics_ns":0,"draw_ns":0,"render_ns":0,"ui_ns":0,"commit_ns":0,"profile_ns":0,"health_ns":0,"query_wait_ms":0,"query_map_ms":0,"query_encode_ms":0,"query_copied_bytes":0}
phase-progress {"kind":"phase","phase":"physics","frame":8,"submitted":7,"completed":7,"bodies":0,"joints":0,"physics_ns":0,"draw_ns":0,"render_ns":0,"ui_ns":0,"commit_ns":0,"profile_ns":0,"health_ns":0,"query_wait_ms":0,"query_map_ms":0,"query_encode_ms":0,"query_copied_bytes":0}
phase-progress {"kind":"health_begin","phase":"health","frame":8,"submitted":7,"completed":7,"bodies":520,"joints":420,"physics_ns":0,"draw_ns":0,"render_ns":0,"ui_ns":0,"commit_ns":0,"profile_ns":0,"health_ns":0,"query_wait_ms":0,"query_map_ms":0,"query_encode_ms":0,"query_copied_bytes":0}
phase-progress {"kind":"health_end","phase":"health","frame":8,"submitted":7,"completed":7,"bodies":520,"joints":420,"physics_ns":0,"draw_ns":0,"render_ns":0,"ui_ns":0,"commit_ns":0,"profile_ns":0,"health_ns":105548477,"query_wait_ms":0,"query_map_ms":0,"query_encode_ms":0,"query_copied_bytes":0}
phase-progress {"kind":"phase","phase":"profile","frame":8,"submitted":7,"completed":7,"bodies":520,"joints":420,"physics_ns":107755879,"draw_ns":0,"render_ns":0,"ui_ns":0,"commit_ns":0,"profile_ns":0,"health_ns":105548477,"query_wait_ms":0,"query_map_ms":0,"query_encode_ms":0,"query_copied_bytes":0}
phase-progress {"kind":"phase","phase":"pick","frame":8,"submitted":7,"completed":7,"bodies":520,"joints":420,"physics_ns":107755879,"draw_ns":0,"render_ns":0,"ui_ns":0,"commit_ns":0,"profile_ns":20244,"health_ns":105548477,"query_wait_ms":0,"query_map_ms":0,"query_encode_ms":0,"query_copied_bytes":0}
phase-progress {"kind":"phase","phase":"draw","frame":8,"submitted":7,"completed":7,"bodies":520,"joints":420,"physics_ns":107755879,"draw_ns":0,"render_ns":0,"ui_ns":0,"commit_ns":0,"profile_ns":20244,"health_ns":105548477,"query_wait_ms":6.60000005e-05,"query_map_ms":0.00306400005,"query_encode_ms":0.0783529952,"query_copied_bytes":64}
phase-progress {"kind":"phase","phase":"render","frame":8,"submitted":8,"completed":8,"bodies":520,"joints":420,"physics_ns":107755879,"draw_ns":109297,"render_ns":0,"ui_ns":0,"commit_ns":0,"profile_ns":20244,"health_ns":105548477,"query_wait_ms":6.60000005e-05,"query_map_ms":0.00306400005,"query_encode_ms":0.0783529952,"query_copied_bytes":64}
phase-progress {"kind":"phase","phase":"ui","frame":8,"submitted":8,"completed":8,"bodies":520,"joints":420,"physics_ns":107755879,"draw_ns":109297,"render_ns":237033409,"ui_ns":0,"commit_ns":0,"profile_ns":20244,"health_ns":105548477,"query_wait_ms":6.60000005e-05,"query_map_ms":0.00306400005,"query_encode_ms":0.0783529952,"query_copied_bytes":64}
phase-progress {"kind":"phase","phase":"commit","frame":8,"submitted":8,"completed":8,"bodies":520,"joints":420,"physics_ns":107755879,"draw_ns":109297,"render_ns":237033409,"ui_ns":90495,"commit_ns":0,"profile_ns":20244,"health_ns":105548477,"query_wait_ms":6.60000005e-05,"query_map_ms":0.00306400005,"query_encode_ms":0.0783529952,"query_copied_bytes":64}
phase-progress {"kind":"phase","phase":"limiter","frame":8,"submitted":8,"completed":8,"bodies":520,"joints":420,"physics_ns":107755879,"draw_ns":109297,"render_ns":237033409,"ui_ns":90495,"commit_ns":15705,"profile_ns":20244,"health_ns":105548477,"query_wait_ms":6.60000005e-05,"query_map_ms":0.00306400005,"query_encode_ms":0.0783529952,"query_copied_bytes":64}
phase-progress {"kind":"phase","phase":"end","frame":8,"submitted":8,"completed":8,"bodies":520,"joints":420,"physics_ns":107755879,"draw_ns":109297,"render_ns":237033409,"ui_ns":90495,"commit_ns":15705,"profile_ns":20244,"health_ns":105548477,"query_wait_ms":6.60000005e-05,"query_map_ms":0.00306400005,"query_encode_ms":0.0783529952,"query_copied_bytes":64}
phase-progress {"kind":"frame","phase":"end","frame":8,"submitted":8,"completed":8,"bodies":520,"joints":420,"physics_ns":107755879,"draw_ns":109297,"render_ns":237033409,"ui_ns":90495,"commit_ns":15705,"profile_ns":20244,"health_ns":105548477,"query_wait_ms":6.60000005e-05,"query_map_ms":0.00306400005,"query_encode_ms":0.0783529952,"query_copied_bytes":64}
phase-progress {"kind":"phase","phase":"setters","frame":9,"submitted":8,"completed":8,"bodies":0,"joints":0,"physics_ns":0,"draw_ns":0,"render_ns":0,"ui_ns":0,"commit_ns":0,"profile_ns":0,"health_ns":0,"query_wait_ms":0,"query_map_ms":0,"query_encode_ms":0,"query_copied_bytes":0}
phase-progress {"kind":"phase","phase":"physics","frame":9,"submitted":8,"completed":8,"bodies":0,"joints":0,"physics_ns":0,"draw_ns":0,"render_ns":0,"ui_ns":0,"commit_ns":0,"profile_ns":0,"health_ns":0,"query_wait_ms":0,"query_map_ms":0,"query_encode_ms":0,"query_copied_bytes":0}
phase-progress {"kind":"health_begin","phase":"health","frame":9,"submitted":8,"completed":8,"bodies":520,"joints":420,"physics_ns":0,"draw_ns":0,"render_ns":0,"ui_ns":0,"commit_ns":0,"profile_ns":0,"health_ns":0,"query_wait_ms":0,"query_map_ms":0,"query_encode_ms":0,"query_copied_bytes":0}
phase-progress {"kind":"health_end","phase":"health","frame":9,"submitted":8,"completed":8,"bodies":520,"joints":420,"physics_ns":0,"draw_ns":0,"render_ns":0,"ui_ns":0,"commit_ns":0,"profile_ns":0,"health_ns":105245148,"query_wait_ms":0,"query_map_ms":0,"query_encode_ms":0,"query_copied_bytes":0}
phase-progress {"kind":"phase","phase":"profile","frame":9,"submitted":8,"completed":8,"bodies":520,"joints":420,"physics_ns":107586272,"draw_ns":0,"render_ns":0,"ui_ns":0,"commit_ns":0,"profile_ns":0,"health_ns":105245148,"query_wait_ms":0,"query_map_ms":0,"query_encode_ms":0,"query_copied_bytes":0}
phase-progress {"kind":"phase","phase":"pick","frame":9,"submitted":8,"completed":8,"bodies":520,"joints":420,"physics_ns":107586272,"draw_ns":0,"render_ns":0,"ui_ns":0,"commit_ns":0,"profile_ns":20572,"health_ns":105245148,"query_wait_ms":0,"query_map_ms":0,"query_encode_ms":0,"query_copied_bytes":0}
phase-progress {"kind":"phase","phase":"draw","frame":9,"submitted":8,"completed":8,"bodies":520,"joints":420,"physics_ns":107586272,"draw_ns":0,"render_ns":0,"ui_ns":0,"commit_ns":0,"profile_ns":20572,"health_ns":105245148,"query_wait_ms":7.39999959e-05,"query_map_ms":0.00327699981,"query_encode_ms":0.0779550001,"query_copied_bytes":64}
phase-progress {"kind":"phase","phase":"render","frame":9,"submitted":9,"completed":9,"bodies":520,"joints":420,"physics_ns":107586272,"draw_ns":105946,"render_ns":0,"ui_ns":0,"commit_ns":0,"profile_ns":20572,"health_ns":105245148,"query_wait_ms":7.39999959e-05,"query_map_ms":0.00327699981,"query_encode_ms":0.0779550001,"query_copied_bytes":64}
phase-progress {"kind":"phase","phase":"ui","frame":9,"submitted":9,"completed":9,"bodies":520,"joints":420,"physics_ns":107586272,"draw_ns":105946,"render_ns":245840386,"ui_ns":0,"commit_ns":0,"profile_ns":20572,"health_ns":105245148,"query_wait_ms":7.39999959e-05,"query_map_ms":0.00327699981,"query_encode_ms":0.0779550001,"query_copied_bytes":64}
phase-progress {"kind":"phase","phase":"commit","frame":9,"submitted":9,"completed":9,"bodies":520,"joints":420,"physics_ns":107586272,"draw_ns":105946,"render_ns":245840386,"ui_ns":86919,"commit_ns":0,"profile_ns":20572,"health_ns":105245148,"query_wait_ms":7.39999959e-05,"query_map_ms":0.00327699981,"query_encode_ms":0.0779550001,"query_copied_bytes":64}
phase-progress {"kind":"phase","phase":"limiter","frame":9,"submitted":9,"completed":9,"bodies":520,"joints":420,"physics_ns":107586272,"draw_ns":105946,"render_ns":245840386,"ui_ns":86919,"commit_ns":15331,"profile_ns":20572,"health_ns":105245148,"query_wait_ms":7.39999959e-05,"query_map_ms":0.00327699981,"query_encode_ms":0.0779550001,"query_copied_bytes":64}
phase-progress {"kind":"phase","phase":"end","frame":9,"submitted":9,"completed":9,"bodies":520,"joints":420,"physics_ns":107586272,"draw_ns":105946,"render_ns":245840386,"ui_ns":86919,"commit_ns":15331,"profile_ns":20572,"health_ns":105245148,"query_wait_ms":7.39999959e-05,"query_map_ms":0.00327699981,"query_encode_ms":0.0779550001,"query_copied_bytes":64}
phase-progress {"kind":"frame","phase":"end","frame":9,"submitted":9,"completed":9,"bodies":520,"joints":420,"physics_ns":107586272,"draw_ns":105946,"render_ns":245840386,"ui_ns":86919,"commit_ns":15331,"profile_ns":20572,"health_ns":105245148,"query_wait_ms":7.39999959e-05,"query_map_ms":0.00327699981,"query_encode_ms":0.0779550001,"query_copied_bytes":64}
phase-progress {"kind":"phase","phase":"setters","frame":10,"submitted":9,"completed":9,"bodies":0,"joints":0,"physics_ns":0,"draw_ns":0,"render_ns":0,"ui_ns":0,"commit_ns":0,"profile_ns":0,"health_ns":0,"query_wait_ms":0,"query_map_ms":0,"query_encode_ms":0,"query_copied_bytes":0}
phase-progress {"kind":"phase","phase":"physics","frame":10,"submitted":9,"completed":9,"bodies":0,"joints":0,"physics_ns":0,"draw_ns":0,"render_ns":0,"ui_ns":0,"commit_ns":0,"profile_ns":0,"health_ns":0,"query_wait_ms":0,"query_map_ms":0,"query_encode_ms":0,"query_copied_bytes":0}
phase-progress {"kind":"health_begin","phase":"health","frame":10,"submitted":9,"completed":9,"bodies":520,"joints":420,"physics_ns":0,"draw_ns":0,"render_ns":0,"ui_ns":0,"commit_ns":0,"profile_ns":0,"health_ns":0,"query_wait_ms":0,"query_map_ms":0,"query_encode_ms":0,"query_copied_bytes":0}
phase-progress {"kind":"health_end","phase":"health","frame":10,"submitted":9,"completed":9,"bodies":520,"joints":420,"physics_ns":0,"draw_ns":0,"render_ns":0,"ui_ns":0,"commit_ns":0,"profile_ns":0,"health_ns":130089404,"query_wait_ms":0,"query_map_ms":0,"query_encode_ms":0,"query_copied_bytes":0}
phase-progress {"kind":"phase","phase":"profile","frame":10,"submitted":9,"completed":9,"bodies":520,"joints":420,"physics_ns":132292898,"draw_ns":0,"render_ns":0,"ui_ns":0,"commit_ns":0,"profile_ns":0,"health_ns":130089404,"query_wait_ms":0,"query_map_ms":0,"query_encode_ms":0,"query_copied_bytes":0}
phase-progress {"kind":"phase","phase":"pick","frame":10,"submitted":9,"completed":9,"bodies":520,"joints":420,"physics_ns":132292898,"draw_ns":0,"render_ns":0,"ui_ns":0,"commit_ns":0,"profile_ns":8458,"health_ns":130089404,"query_wait_ms":0,"query_map_ms":0,"query_encode_ms":0,"query_copied_bytes":0}
phase-progress {"kind":"phase","phase":"draw","frame":10,"submitted":9,"completed":9,"bodies":520,"joints":420,"physics_ns":132292898,"draw_ns":0,"render_ns":0,"ui_ns":0,"commit_ns":0,"profile_ns":8458,"health_ns":130089404,"query_wait_ms":7.19999953e-05,"query_map_ms":0.00315800007,"query_encode_ms":0.0764999986,"query_copied_bytes":64}
phase-progress {"kind":"phase","phase":"render","frame":10,"submitted":10,"completed":10,"bodies":520,"joints":420,"physics_ns":132292898,"draw_ns":110364,"render_ns":0,"ui_ns":0,"commit_ns":0,"profile_ns":8458,"health_ns":130089404,"query_wait_ms":7.19999953e-05,"query_map_ms":0.00315800007,"query_encode_ms":0.0764999986,"query_copied_bytes":64}
phase-progress {"kind":"phase","phase":"ui","frame":10,"submitted":10,"completed":10,"bodies":520,"joints":420,"physics_ns":132292898,"draw_ns":110364,"render_ns":255583955,"ui_ns":0,"commit_ns":0,"profile_ns":8458,"health_ns":130089404,"query_wait_ms":7.19999953e-05,"query_map_ms":0.00315800007,"query_encode_ms":0.0764999986,"query_copied_bytes":64}
phase-progress {"kind":"phase","phase":"commit","frame":10,"submitted":10,"completed":10,"bodies":520,"joints":420,"physics_ns":132292898,"draw_ns":110364,"render_ns":255583955,"ui_ns":87235,"commit_ns":0,"profile_ns":8458,"health_ns":130089404,"query_wait_ms":7.19999953e-05,"query_map_ms":0.00315800007,"query_encode_ms":0.0764999986,"query_copied_bytes":64}
phase-progress {"kind":"phase","phase":"limiter","frame":10,"submitted":10,"completed":10,"bodies":520,"joints":420,"physics_ns":132292898,"draw_ns":110364,"render_ns":255583955,"ui_ns":87235,"commit_ns":15740,"profile_ns":8458,"health_ns":130089404,"query_wait_ms":7.19999953e-05,"query_map_ms":0.00315800007,"query_encode_ms":0.0764999986,"query_copied_bytes":64}
phase-progress {"kind":"phase","phase":"end","frame":10,"submitted":10,"completed":10,"bodies":520,"joints":420,"physics_ns":132292898,"draw_ns":110364,"render_ns":255583955,"ui_ns":87235,"commit_ns":15740,"profile_ns":8458,"health_ns":130089404,"query_wait_ms":7.19999953e-05,"query_map_ms":0.00315800007,"query_encode_ms":0.0764999986,"query_copied_bytes":64}
phase-progress {"kind":"frame","phase":"end","frame":10,"submitted":10,"completed":10,"bodies":520,"joints":420,"physics_ns":132292898,"draw_ns":110364,"render_ns":255583955,"ui_ns":87235,"commit_ns":15740,"profile_ns":8458,"health_ns":130089404,"query_wait_ms":7.19999953e-05,"query_map_ms":0.00315800007,"query_encode_ms":0.0764999986,"query_copied_bytes":64}
phase-progress {"kind":"phase","phase":"setters","frame":11,"submitted":10,"completed":10,"bodies":0,"joints":0,"physics_ns":0,"draw_ns":0,"render_ns":0,"ui_ns":0,"commit_ns":0,"profile_ns":0,"health_ns":0,"query_wait_ms":0,"query_map_ms":0,"query_encode_ms":0,"query_copied_bytes":0}
phase-progress {"kind":"phase","phase":"physics","frame":11,"submitted":10,"completed":10,"bodies":0,"joints":0,"physics_ns":0,"draw_ns":0,"render_ns":0,"ui_ns":0,"commit_ns":0,"profile_ns":0,"health_ns":0,"query_wait_ms":0,"query_map_ms":0,"query_encode_ms":0,"query_copied_bytes":0}
phase-progress {"kind":"health_begin","phase":"health","frame":11,"submitted":10,"completed":10,"bodies":520,"joints":420,"physics_ns":0,"draw_ns":0,"render_ns":0,"ui_ns":0,"commit_ns":0,"profile_ns":0,"health_ns":0,"query_wait_ms":0,"query_map_ms":0,"query_encode_ms":0,"query_copied_bytes":0}
phase-progress {"kind":"health_end","phase":"health","frame":11,"submitted":10,"completed":10,"bodies":520,"joints":420,"physics_ns":0,"draw_ns":0,"render_ns":0,"ui_ns":0,"commit_ns":0,"profile_ns":0,"health_ns":145545462,"query_wait_ms":0,"query_map_ms":0,"query_encode_ms":0,"query_copied_bytes":0}
phase-progress {"kind":"phase","phase":"profile","frame":11,"submitted":10,"completed":10,"bodies":520,"joints":420,"physics_ns":147758546,"draw_ns":0,"render_ns":0,"ui_ns":0,"commit_ns":0,"profile_ns":0,"health_ns":145545462,"query_wait_ms":0,"query_map_ms":0,"query_encode_ms":0,"query_copied_bytes":0}
phase-progress {"kind":"phase","phase":"pick","frame":11,"submitted":10,"completed":10,"bodies":520,"joints":420,"physics_ns":147758546,"draw_ns":0,"render_ns":0,"ui_ns":0,"commit_ns":0,"profile_ns":8215,"health_ns":145545462,"query_wait_ms":0,"query_map_ms":0,"query_encode_ms":0,"query_copied_bytes":0}
phase-progress {"kind":"phase","phase":"draw","frame":11,"submitted":10,"completed":10,"bodies":520,"joints":420,"physics_ns":147758546,"draw_ns":0,"render_ns":0,"ui_ns":0,"commit_ns":0,"profile_ns":8215,"health_ns":145545462,"query_wait_ms":7.50000036e-05,"query_map_ms":0.00316799991,"query_encode_ms":0.0749230012,"query_copied_bytes":64}
phase-progress {"kind":"phase","phase":"render","frame":11,"submitted":11,"completed":11,"bodies":520,"joints":420,"physics_ns":147758546,"draw_ns":109289,"render_ns":0,"ui_ns":0,"commit_ns":0,"profile_ns":8215,"health_ns":145545462,"query_wait_ms":7.50000036e-05,"query_map_ms":0.00316799991,"query_encode_ms":0.0749230012,"query_copied_bytes":64}
phase-progress {"kind":"phase","phase":"ui","frame":11,"submitted":11,"completed":11,"bodies":520,"joints":420,"physics_ns":147758546,"draw_ns":109289,"render_ns":248091521,"ui_ns":0,"commit_ns":0,"profile_ns":8215,"health_ns":145545462,"query_wait_ms":7.50000036e-05,"query_map_ms":0.00316799991,"query_encode_ms":0.0749230012,"query_copied_bytes":64}
phase-progress {"kind":"phase","phase":"commit","frame":11,"submitted":11,"completed":11,"bodies":520,"joints":420,"physics_ns":147758546,"draw_ns":109289,"render_ns":248091521,"ui_ns":106064,"commit_ns":0,"profile_ns":8215,"health_ns":145545462,"query_wait_ms":7.50000036e-05,"query_map_ms":0.00316799991,"query_encode_ms":0.0749230012,"query_copied_bytes":64}
phase-progress {"kind":"phase","phase":"limiter","frame":11,"submitted":11,"completed":11,"bodies":520,"joints":420,"physics_ns":147758546,"draw_ns":109289,"render_ns":248091521,"ui_ns":106064,"commit_ns":11316,"profile_ns":8215,"health_ns":145545462,"query_wait_ms":7.50000036e-05,"query_map_ms":0.00316799991,"query_encode_ms":0.0749230012,"query_copied_bytes":64}
phase-progress {"kind":"phase","phase":"end","frame":11,"submitted":11,"completed":11,"bodies":520,"joints":420,"physics_ns":147758546,"draw_ns":109289,"render_ns":248091521,"ui_ns":106064,"commit_ns":11316,"profile_ns":8215,"health_ns":145545462,"query_wait_ms":7.50000036e-05,"query_map_ms":0.00316799991,"query_encode_ms":0.0749230012,"query_copied_bytes":64}
phase-progress {"kind":"frame","phase":"end","frame":11,"submitted":11,"completed":11,"bodies":520,"joints":420,"physics_ns":147758546,"draw_ns":109289,"render_ns":248091521,"ui_ns":106064,"commit_ns":11316,"profile_ns":8215,"health_ns":145545462,"query_wait_ms":7.50000036e-05,"query_map_ms":0.00316799991,"query_encode_ms":0.0749230012,"query_copied_bytes":64}
phase-progress {"kind":"phase","phase":"setters","frame":12,"submitted":11,"completed":11,"bodies":0,"joints":0,"physics_ns":0,"draw_ns":0,"render_ns":0,"ui_ns":0,"commit_ns":0,"profile_ns":0,"health_ns":0,"query_wait_ms":0,"query_map_ms":0,"query_encode_ms":0,"query_copied_bytes":0}
phase-progress {"kind":"phase","phase":"physics","frame":12,"submitted":11,"completed":11,"bodies":0,"joints":0,"physics_ns":0,"draw_ns":0,"render_ns":0,"ui_ns":0,"commit_ns":0,"profile_ns":0,"health_ns":0,"query_wait_ms":0,"query_map_ms":0,"query_encode_ms":0,"query_copied_bytes":0}
phase-progress {"kind":"health_begin","phase":"health","frame":12,"submitted":11,"completed":11,"bodies":520,"joints":420,"physics_ns":0,"draw_ns":0,"render_ns":0,"ui_ns":0,"commit_ns":0,"profile_ns":0,"health_ns":0,"query_wait_ms":0,"query_map_ms":0,"query_encode_ms":0,"query_copied_bytes":0}
phase-progress {"kind":"health_end","phase":"health","frame":12,"submitted":11,"completed":11,"bodies":520,"joints":420,"physics_ns":0,"draw_ns":0,"render_ns":0,"ui_ns":0,"commit_ns":0,"profile_ns":0,"health_ns":140419529,"query_wait_ms":0,"query_map_ms":0,"query_encode_ms":0,"query_copied_bytes":0}
phase-progress {"kind":"phase","phase":"profile","frame":12,"submitted":11,"completed":11,"bodies":520,"joints":420,"physics_ns":142177105,"draw_ns":0,"render_ns":0,"ui_ns":0,"commit_ns":0,"profile_ns":0,"health_ns":140419529,"query_wait_ms":0,"query_map_ms":0,"query_encode_ms":0,"query_copied_bytes":0}
phase-progress {"kind":"phase","phase":"pick","frame":12,"submitted":11,"completed":11,"bodies":520,"joints":420,"physics_ns":142177105,"draw_ns":0,"render_ns":0,"ui_ns":0,"commit_ns":0,"profile_ns":8448,"health_ns":140419529,"query_wait_ms":0,"query_map_ms":0,"query_encode_ms":0,"query_copied_bytes":0}
phase-progress {"kind":"phase","phase":"draw","frame":12,"submitted":11,"completed":11,"bodies":520,"joints":420,"physics_ns":142177105,"draw_ns":0,"render_ns":0,"ui_ns":0,"commit_ns":0,"profile_ns":8448,"health_ns":140419529,"query_wait_ms":6.50000002e-05,"query_map_ms":0.00304700015,"query_encode_ms":0.0828370005,"query_copied_bytes":64}
phase-progress {"kind":"phase","phase":"render","frame":12,"submitted":12,"completed":12,"bodies":520,"joints":420,"physics_ns":142177105,"draw_ns":109448,"render_ns":0,"ui_ns":0,"commit_ns":0,"profile_ns":8448,"health_ns":140419529,"query_wait_ms":6.50000002e-05,"query_map_ms":0.00304700015,"query_encode_ms":0.0828370005,"query_copied_bytes":64}
phase-progress {"kind":"phase","phase":"ui","frame":12,"submitted":12,"completed":12,"bodies":520,"joints":420,"physics_ns":142177105,"draw_ns":109448,"render_ns":237834626,"ui_ns":0,"commit_ns":0,"profile_ns":8448,"health_ns":140419529,"query_wait_ms":6.50000002e-05,"query_map_ms":0.00304700015,"query_encode_ms":0.0828370005,"query_copied_bytes":64}
phase-progress {"kind":"phase","phase":"commit","frame":12,"submitted":12,"completed":12,"bodies":520,"joints":420,"physics_ns":142177105,"draw_ns":109448,"render_ns":237834626,"ui_ns":89027,"commit_ns":0,"profile_ns":8448,"health_ns":140419529,"query_wait_ms":6.50000002e-05,"query_map_ms":0.00304700015,"query_encode_ms":0.0828370005,"query_copied_bytes":64}
phase-progress {"kind":"phase","phase":"limiter","frame":12,"submitted":12,"completed":12,"bodies":520,"joints":420,"physics_ns":142177105,"draw_ns":109448,"render_ns":237834626,"ui_ns":89027,"commit_ns":15671,"profile_ns":8448,"health_ns":140419529,"query_wait_ms":6.50000002e-05,"query_map_ms":0.00304700015,"query_encode_ms":0.0828370005,"query_copied_bytes":64}
phase-progress {"kind":"phase","phase":"end","frame":12,"submitted":12,"completed":12,"bodies":520,"joints":420,"physics_ns":142177105,"draw_ns":109448,"render_ns":237834626,"ui_ns":89027,"commit_ns":15671,"profile_ns":8448,"health_ns":140419529,"query_wait_ms":6.50000002e-05,"query_map_ms":0.00304700015,"query_encode_ms":0.0828370005,"query_copied_bytes":64}
phase-progress {"kind":"frame","phase":"end","frame":12,"submitted":12,"completed":12,"bodies":520,"joints":420,"physics_ns":142177105,"draw_ns":109448,"render_ns":237834626,"ui_ns":89027,"commit_ns":15671,"profile_ns":8448,"health_ns":140419529,"query_wait_ms":6.50000002e-05,"query_map_ms":0.00304700015,"query_encode_ms":0.0828370005,"query_copied_bytes":64}
phase-progress {"kind":"phase","phase":"setters","frame":13,"submitted":12,"completed":12,"bodies":0,"joints":0,"physics_ns":0,"draw_ns":0,"render_ns":0,"ui_ns":0,"commit_ns":0,"profile_ns":0,"health_ns":0,"query_wait_ms":0,"query_map_ms":0,"query_encode_ms":0,"query_copied_bytes":0}
phase-progress {"kind":"phase","phase":"physics","frame":13,"submitted":12,"completed":12,"bodies":0,"joints":0,"physics_ns":0,"draw_ns":0,"render_ns":0,"ui_ns":0,"commit_ns":0,"profile_ns":0,"health_ns":0,"query_wait_ms":0,"query_map_ms":0,"query_encode_ms":0,"query_copied_bytes":0}
phase-progress {"kind":"health_begin","phase":"health","frame":13,"submitted":12,"completed":12,"bodies":520,"joints":420,"physics_ns":0,"draw_ns":0,"render_ns":0,"ui_ns":0,"commit_ns":0,"profile_ns":0,"health_ns":0,"query_wait_ms":0,"query_map_ms":0,"query_encode_ms":0,"query_copied_bytes":0}
phase-progress {"kind":"health_end","phase":"health","frame":13,"submitted":12,"completed":12,"bodies":520,"joints":420,"physics_ns":0,"draw_ns":0,"render_ns":0,"ui_ns":0,"commit_ns":0,"profile_ns":0,"health_ns":144319410,"query_wait_ms":0,"query_map_ms":0,"query_encode_ms":0,"query_copied_bytes":0}
phase-progress {"kind":"phase","phase":"profile","frame":13,"submitted":12,"completed":12,"bodies":520,"joints":420,"physics_ns":146493994,"draw_ns":0,"render_ns":0,"ui_ns":0,"commit_ns":0,"profile_ns":0,"health_ns":144319410,"query_wait_ms":0,"query_map_ms":0,"query_encode_ms":0,"query_copied_bytes":0}
phase-progress {"kind":"phase","phase":"pick","frame":13,"submitted":12,"completed":12,"bodies":520,"joints":420,"physics_ns":146493994,"draw_ns":0,"render_ns":0,"ui_ns":0,"commit_ns":0,"profile_ns":8396,"health_ns":144319410,"query_wait_ms":0,"query_map_ms":0,"query_encode_ms":0,"query_copied_bytes":0}
phase-progress {"kind":"phase","phase":"draw","frame":13,"submitted":12,"completed":12,"bodies":520,"joints":420,"physics_ns":146493994,"draw_ns":0,"render_ns":0,"ui_ns":0,"commit_ns":0,"profile_ns":8396,"health_ns":144319410,"query_wait_ms":7.59999966e-05,"query_map_ms":0.003119,"query_encode_ms":0.0757279992,"query_copied_bytes":64}
phase-progress {"kind":"phase","phase":"render","frame":13,"submitted":13,"completed":13,"bodies":520,"joints":420,"physics_ns":146493994,"draw_ns":111145,"render_ns":0,"ui_ns":0,"commit_ns":0,"profile_ns":8396,"health_ns":144319410,"query_wait_ms":7.59999966e-05,"query_map_ms":0.003119,"query_encode_ms":0.0757279992,"query_copied_bytes":64}
phase-progress {"kind":"phase","phase":"ui","frame":13,"submitted":13,"completed":13,"bodies":520,"joints":420,"physics_ns":146493994,"draw_ns":111145,"render_ns":251910122,"ui_ns":0,"commit_ns":0,"profile_ns":8396,"health_ns":144319410,"query_wait_ms":7.59999966e-05,"query_map_ms":0.003119,"query_encode_ms":0.0757279992,"query_copied_bytes":64}
phase-progress {"kind":"phase","phase":"commit","frame":13,"submitted":13,"completed":13,"bodies":520,"joints":420,"physics_ns":146493994,"draw_ns":111145,"render_ns":251910122,"ui_ns":85556,"commit_ns":0,"profile_ns":8396,"health_ns":144319410,"query_wait_ms":7.59999966e-05,"query_map_ms":0.003119,"query_encode_ms":0.0757279992,"query_copied_bytes":64}
phase-progress {"kind":"phase","phase":"limiter","frame":13,"submitted":13,"completed":13,"bodies":520,"joints":420,"physics_ns":146493994,"draw_ns":111145,"render_ns":251910122,"ui_ns":85556,"commit_ns":15277,"profile_ns":8396,"health_ns":144319410,"query_wait_ms":7.59999966e-05,"query_map_ms":0.003119,"query_encode_ms":0.0757279992,"query_copied_bytes":64}
phase-progress {"kind":"phase","phase":"end","frame":13,"submitted":13,"completed":13,"bodies":520,"joints":420,"physics_ns":146493994,"draw_ns":111145,"render_ns":251910122,"ui_ns":85556,"commit_ns":15277,"profile_ns":8396,"health_ns":144319410,"query_wait_ms":7.59999966e-05,"query_map_ms":0.003119,"query_encode_ms":0.0757279992,"query_copied_bytes":64}
phase-progress {"kind":"frame","phase":"end","frame":13,"submitted":13,"completed":13,"bodies":520,"joints":420,"physics_ns":146493994,"draw_ns":111145,"render_ns":251910122,"ui_ns":85556,"commit_ns":15277,"profile_ns":8396,"health_ns":144319410,"query_wait_ms":7.59999966e-05,"query_map_ms":0.003119,"query_encode_ms":0.0757279992,"query_copied_bytes":64}
phase-progress {"kind":"phase","phase":"setters","frame":14,"submitted":13,"completed":13,"bodies":0,"joints":0,"physics_ns":0,"draw_ns":0,"render_ns":0,"ui_ns":0,"commit_ns":0,"profile_ns":0,"health_ns":0,"query_wait_ms":0,"query_map_ms":0,"query_encode_ms":0,"query_copied_bytes":0}
phase-progress {"kind":"phase","phase":"physics","frame":14,"submitted":13,"completed":13,"bodies":0,"joints":0,"physics_ns":0,"draw_ns":0,"render_ns":0,"ui_ns":0,"commit_ns":0,"profile_ns":0,"health_ns":0,"query_wait_ms":0,"query_map_ms":0,"query_encode_ms":0,"query_copied_bytes":0}
phase-progress {"kind":"health_begin","phase":"health","frame":14,"submitted":13,"completed":13,"bodies":520,"joints":420,"physics_ns":0,"draw_ns":0,"render_ns":0,"ui_ns":0,"commit_ns":0,"profile_ns":0,"health_ns":0,"query_wait_ms":0,"query_map_ms":0,"query_encode_ms":0,"query_copied_bytes":0}
phase-progress {"kind":"health_end","phase":"health","frame":14,"submitted":13,"completed":13,"bodies":520,"joints":420,"physics_ns":0,"draw_ns":0,"render_ns":0,"ui_ns":0,"commit_ns":0,"profile_ns":0,"health_ns":154162482,"query_wait_ms":0,"query_map_ms":0,"query_encode_ms":0,"query_copied_bytes":0}
phase-progress {"kind":"phase","phase":"profile","frame":14,"submitted":13,"completed":13,"bodies":520,"joints":420,"physics_ns":156360453,"draw_ns":0,"render_ns":0,"ui_ns":0,"commit_ns":0,"profile_ns":0,"health_ns":154162482,"query_wait_ms":0,"query_map_ms":0,"query_encode_ms":0,"query_copied_bytes":0}
phase-progress {"kind":"phase","phase":"pick","frame":14,"submitted":13,"completed":13,"bodies":520,"joints":420,"physics_ns":156360453,"draw_ns":0,"render_ns":0,"ui_ns":0,"commit_ns":0,"profile_ns":8137,"health_ns":154162482,"query_wait_ms":0,"query_map_ms":0,"query_encode_ms":0,"query_copied_bytes":0}
phase-progress {"kind":"phase","phase":"draw","frame":14,"submitted":13,"completed":13,"bodies":520,"joints":420,"physics_ns":156360453,"draw_ns":0,"render_ns":0,"ui_ns":0,"commit_ns":0,"profile_ns":8137,"health_ns":154162482,"query_wait_ms":7.10000022e-05,"query_map_ms":0.00312499981,"query_encode_ms":0.0757430047,"query_copied_bytes":64}
phase-progress {"kind":"phase","phase":"render","frame":14,"submitted":14,"completed":14,"bodies":520,"joints":420,"physics_ns":156360453,"draw_ns":106407,"render_ns":0,"ui_ns":0,"commit_ns":0,"profile_ns":8137,"health_ns":154162482,"query_wait_ms":7.10000022e-05,"query_map_ms":0.00312499981,"query_encode_ms":0.0757430047,"query_copied_bytes":64}
phase-progress {"kind":"phase","phase":"ui","frame":14,"submitted":14,"completed":14,"bodies":520,"joints":420,"physics_ns":156360453,"draw_ns":106407,"render_ns":256893493,"ui_ns":0,"commit_ns":0,"profile_ns":8137,"health_ns":154162482,"query_wait_ms":7.10000022e-05,"query_map_ms":0.00312499981,"query_encode_ms":0.0757430047,"query_copied_bytes":64}
phase-progress {"kind":"phase","phase":"commit","frame":14,"submitted":14,"completed":14,"bodies":520,"joints":420,"physics_ns":156360453,"draw_ns":106407,"render_ns":256893493,"ui_ns":93001,"commit_ns":0,"profile_ns":8137,"health_ns":154162482,"query_wait_ms":7.10000022e-05,"query_map_ms":0.00312499981,"query_encode_ms":0.0757430047,"query_copied_bytes":64}
phase-progress {"kind":"phase","phase":"limiter","frame":14,"submitted":14,"completed":14,"bodies":520,"joints":420,"physics_ns":156360453,"draw_ns":106407,"render_ns":256893493,"ui_ns":93001,"commit_ns":16114,"profile_ns":8137,"health_ns":154162482,"query_wait_ms":7.10000022e-05,"query_map_ms":0.00312499981,"query_encode_ms":0.0757430047,"query_copied_bytes":64}
phase-progress {"kind":"phase","phase":"end","frame":14,"submitted":14,"completed":14,"bodies":520,"joints":420,"physics_ns":156360453,"draw_ns":106407,"render_ns":256893493,"ui_ns":93001,"commit_ns":16114,"profile_ns":8137,"health_ns":154162482,"query_wait_ms":7.10000022e-05,"query_map_ms":0.00312499981,"query_encode_ms":0.0757430047,"query_copied_bytes":64}
phase-progress {"kind":"frame","phase":"end","frame":14,"submitted":14,"completed":14,"bodies":520,"joints":420,"physics_ns":156360453,"draw_ns":106407,"render_ns":256893493,"ui_ns":93001,"commit_ns":16114,"profile_ns":8137,"health_ns":154162482,"query_wait_ms":7.10000022e-05,"query_map_ms":0.00312499981,"query_encode_ms":0.0757430047,"query_copied_bytes":64}
phase-progress {"kind":"phase","phase":"setters","frame":15,"submitted":14,"completed":14,"bodies":0,"joints":0,"physics_ns":0,"draw_ns":0,"render_ns":0,"ui_ns":0,"commit_ns":0,"profile_ns":0,"health_ns":0,"query_wait_ms":0,"query_map_ms":0,"query_encode_ms":0,"query_copied_bytes":0}
phase-progress {"kind":"phase","phase":"physics","frame":15,"submitted":14,"completed":14,"bodies":0,"joints":0,"physics_ns":0,"draw_ns":0,"render_ns":0,"ui_ns":0,"commit_ns":0,"profile_ns":0,"health_ns":0,"query_wait_ms":0,"query_map_ms":0,"query_encode_ms":0,"query_copied_bytes":0}
phase-progress {"kind":"health_begin","phase":"health","frame":15,"submitted":14,"completed":14,"bodies":520,"joints":420,"physics_ns":0,"draw_ns":0,"render_ns":0,"ui_ns":0,"commit_ns":0,"profile_ns":0,"health_ns":0,"query_wait_ms":0,"query_map_ms":0,"query_encode_ms":0,"query_copied_bytes":0}
phase-progress {"kind":"health_end","phase":"health","frame":15,"submitted":14,"completed":14,"bodies":520,"joints":420,"physics_ns":0,"draw_ns":0,"render_ns":0,"ui_ns":0,"commit_ns":0,"profile_ns":0,"health_ns":161666949,"query_wait_ms":0,"query_map_ms":0,"query_encode_ms":0,"query_copied_bytes":0}
phase-progress {"kind":"phase","phase":"profile","frame":15,"submitted":14,"completed":14,"bodies":520,"joints":420,"physics_ns":163859662,"draw_ns":0,"render_ns":0,"ui_ns":0,"commit_ns":0,"profile_ns":0,"health_ns":161666949,"query_wait_ms":0,"query_map_ms":0,"query_encode_ms":0,"query_copied_bytes":0}
phase-progress {"kind":"phase","phase":"pick","frame":15,"submitted":14,"completed":14,"bodies":520,"joints":420,"physics_ns":163859662,"draw_ns":0,"render_ns":0,"ui_ns":0,"commit_ns":0,"profile_ns":8187,"health_ns":161666949,"query_wait_ms":0,"query_map_ms":0,"query_encode_ms":0,"query_copied_bytes":0}
phase-progress {"kind":"phase","phase":"draw","frame":15,"submitted":14,"completed":14,"bodies":520,"joints":420,"physics_ns":163859662,"draw_ns":0,"render_ns":0,"ui_ns":0,"commit_ns":0,"profile_ns":8187,"health_ns":161666949,"query_wait_ms":6.70000009e-05,"query_map_ms":0.00332500017,"query_encode_ms":0.0788839981,"query_copied_bytes":64}
phase-progress {"kind":"phase","phase":"render","frame":15,"submitted":15,"completed":15,"bodies":520,"joints":420,"physics_ns":163859662,"draw_ns":108737,"render_ns":0,"ui_ns":0,"commit_ns":0,"profile_ns":8187,"health_ns":161666949,"query_wait_ms":6.70000009e-05,"query_map_ms":0.00332500017,"query_encode_ms":0.0788839981,"query_copied_bytes":64}
phase-progress {"kind":"phase","phase":"ui","frame":15,"submitted":15,"completed":15,"bodies":520,"joints":420,"physics_ns":163859662,"draw_ns":108737,"render_ns":245436231,"ui_ns":0,"commit_ns":0,"profile_ns":8187,"health_ns":161666949,"query_wait_ms":6.70000009e-05,"query_map_ms":0.00332500017,"query_encode_ms":0.0788839981,"query_copied_bytes":64}
phase-progress {"kind":"phase","phase":"commit","frame":15,"submitted":15,"completed":15,"bodies":520,"joints":420,"physics_ns":163859662,"draw_ns":108737,"render_ns":245436231,"ui_ns":89008,"commit_ns":0,"profile_ns":8187,"health_ns":161666949,"query_wait_ms":6.70000009e-05,"query_map_ms":0.00332500017,"query_encode_ms":0.0788839981,"query_copied_bytes":64}
phase-progress {"kind":"phase","phase":"limiter","frame":15,"submitted":15,"completed":15,"bodies":520,"joints":420,"physics_ns":163859662,"draw_ns":108737,"render_ns":245436231,"ui_ns":89008,"commit_ns":15482,"profile_ns":8187,"health_ns":161666949,"query_wait_ms":6.70000009e-05,"query_map_ms":0.00332500017,"query_encode_ms":0.0788839981,"query_copied_bytes":64}
phase-progress {"kind":"phase","phase":"end","frame":15,"submitted":15,"completed":15,"bodies":520,"joints":420,"physics_ns":163859662,"draw_ns":108737,"render_ns":245436231,"ui_ns":89008,"commit_ns":15482,"profile_ns":8187,"health_ns":161666949,"query_wait_ms":6.70000009e-05,"query_map_ms":0.00332500017,"query_encode_ms":0.0788839981,"query_copied_bytes":64}
phase-progress {"kind":"frame","phase":"end","frame":15,"submitted":15,"completed":15,"bodies":520,"joints":420,"physics_ns":163859662,"draw_ns":108737,"render_ns":245436231,"ui_ns":89008,"commit_ns":15482,"profile_ns":8187,"health_ns":161666949,"query_wait_ms":6.70000009e-05,"query_map_ms":0.00332500017,"query_encode_ms":0.0788839981,"query_copied_bytes":64}
phase-progress {"kind":"phase","phase":"setters","frame":16,"submitted":15,"completed":15,"bodies":0,"joints":0,"physics_ns":0,"draw_ns":0,"render_ns":0,"ui_ns":0,"commit_ns":0,"profile_ns":0,"health_ns":0,"query_wait_ms":0,"query_map_ms":0,"query_encode_ms":0,"query_copied_bytes":0}
phase-progress {"kind":"phase","phase":"physics","frame":16,"submitted":15,"completed":15,"bodies":0,"joints":0,"physics_ns":0,"draw_ns":0,"render_ns":0,"ui_ns":0,"commit_ns":0,"profile_ns":0,"health_ns":0,"query_wait_ms":0,"query_map_ms":0,"query_encode_ms":0,"query_copied_bytes":0}
phase-progress {"kind":"health_begin","phase":"health","frame":16,"submitted":15,"completed":15,"bodies":520,"joints":420,"physics_ns":0,"draw_ns":0,"render_ns":0,"ui_ns":0,"commit_ns":0,"profile_ns":0,"health_ns":0,"query_wait_ms":0,"query_map_ms":0,"query_encode_ms":0,"query_copied_bytes":0}
phase-progress {"kind":"health_end","phase":"health","frame":16,"submitted":15,"completed":15,"bodies":520,"joints":420,"physics_ns":0,"draw_ns":0,"render_ns":0,"ui_ns":0,"commit_ns":0,"profile_ns":0,"health_ns":133068469,"query_wait_ms":0,"query_map_ms":0,"query_encode_ms":0,"query_copied_bytes":0}
phase-progress {"kind":"phase","phase":"profile","frame":16,"submitted":15,"completed":15,"bodies":520,"joints":420,"physics_ns":135264609,"draw_ns":0,"render_ns":0,"ui_ns":0,"commit_ns":0,"profile_ns":0,"health_ns":133068469,"query_wait_ms":0,"query_map_ms":0,"query_encode_ms":0,"query_copied_bytes":0}
phase-progress {"kind":"phase","phase":"pick","frame":16,"submitted":15,"completed":15,"bodies":520,"joints":420,"physics_ns":135264609,"draw_ns":0,"render_ns":0,"ui_ns":0,"commit_ns":0,"profile_ns":8245,"health_ns":133068469,"query_wait_ms":0,"query_map_ms":0,"query_encode_ms":0,"query_copied_bytes":0}
phase-progress {"kind":"phase","phase":"draw","frame":16,"submitted":15,"completed":15,"bodies":520,"joints":420,"physics_ns":135264609,"draw_ns":0,"render_ns":0,"ui_ns":0,"commit_ns":0,"profile_ns":8245,"health_ns":133068469,"query_wait_ms":6.90000015e-05,"query_map_ms":0.00339099998,"query_encode_ms":0.0781709999,"query_copied_bytes":64}
phase-progress {"kind":"phase","phase":"render","frame":16,"submitted":16,"completed":16,"bodies":520,"joints":420,"physics_ns":135264609,"draw_ns":112496,"render_ns":0,"ui_ns":0,"commit_ns":0,"profile_ns":8245,"health_ns":133068469,"query_wait_ms":6.90000015e-05,"query_map_ms":0.00339099998,"query_encode_ms":0.0781709999,"query_copied_bytes":64}
phase-progress {"kind":"phase","phase":"ui","frame":16,"submitted":16,"completed":16,"bodies":520,"joints":420,"physics_ns":135264609,"draw_ns":112496,"render_ns":247841450,"ui_ns":0,"commit_ns":0,"profile_ns":8245,"health_ns":133068469,"query_wait_ms":6.90000015e-05,"query_map_ms":0.00339099998,"query_encode_ms":0.0781709999,"query_copied_bytes":64}
phase-progress {"kind":"phase","phase":"commit","frame":16,"submitted":16,"completed":16,"bodies":520,"joints":420,"physics_ns":135264609,"draw_ns":112496,"render_ns":247841450,"ui_ns":93020,"commit_ns":0,"profile_ns":8245,"health_ns":133068469,"query_wait_ms":6.90000015e-05,"query_map_ms":0.00339099998,"query_encode_ms":0.0781709999,"query_copied_bytes":64}
phase-progress {"kind":"phase","phase":"limiter","frame":16,"submitted":16,"completed":16,"bodies":520,"joints":420,"physics_ns":135264609,"draw_ns":112496,"render_ns":247841450,"ui_ns":93020,"commit_ns":16001,"profile_ns":8245,"health_ns":133068469,"query_wait_ms":6.90000015e-05,"query_map_ms":0.00339099998,"query_encode_ms":0.0781709999,"query_copied_bytes":64}
phase-progress {"kind":"phase","phase":"end","frame":16,"submitted":16,"completed":16,"bodies":520,"joints":420,"physics_ns":135264609,"draw_ns":112496,"render_ns":247841450,"ui_ns":93020,"commit_ns":16001,"profile_ns":8245,"health_ns":133068469,"query_wait_ms":6.90000015e-05,"query_map_ms":0.00339099998,"query_encode_ms":0.0781709999,"query_copied_bytes":64}
phase-progress {"kind":"frame","phase":"end","frame":16,"submitted":16,"completed":16,"bodies":520,"joints":420,"physics_ns":135264609,"draw_ns":112496,"render_ns":247841450,"ui_ns":93020,"commit_ns":16001,"profile_ns":8245,"health_ns":133068469,"query_wait_ms":6.90000015e-05,"query_map_ms":0.00339099998,"query_encode_ms":0.0781709999,"query_copied_bytes":64}
phase-progress {"kind":"phase","phase":"setters","frame":17,"submitted":16,"completed":16,"bodies":0,"joints":0,"physics_ns":0,"draw_ns":0,"render_ns":0,"ui_ns":0,"commit_ns":0,"profile_ns":0,"health_ns":0,"query_wait_ms":0,"query_map_ms":0,"query_encode_ms":0,"query_copied_bytes":0}
phase-progress {"kind":"phase","phase":"physics","frame":17,"submitted":16,"completed":16,"bodies":0,"joints":0,"physics_ns":0,"draw_ns":0,"render_ns":0,"ui_ns":0,"commit_ns":0,"profile_ns":0,"health_ns":0,"query_wait_ms":0,"query_map_ms":0,"query_encode_ms":0,"query_copied_bytes":0}
gpu-alloc scene generation=17 bodies=1040 shapes=1240 hull_points=1680 hull_planes=64 hull_edges=64 hull_topology=64 mesh_vertices=33700 mesh_triangles=64000 mesh_nodes=15800 materials=1240 joints=840 scene_heap_bytes=2677184 max=536870912
gpu-alloc scene generation=0 bodies=1040 shapes=1240 hull_points=1680 hull_planes=64 hull_edges=64 hull_topology=64 mesh_vertices=33700 mesh_triangles=64000 mesh_nodes=15800 materials=1240 joints=840 scene_heap_bytes=2677184 max=536870912
gpu-scene-input shapes=1040 mesh_vertices=33700 mesh_triangles=64000 scene_heap_bytes=2677184
GPU pose export: Vulkan opaque FD 37 (116480 bytes)
phase-progress {"kind":"health_begin","phase":"health","frame":17,"submitted":16,"completed":16,"bodies":940,"joints":840,"physics_ns":0,"draw_ns":0,"render_ns":0,"ui_ns":0,"commit_ns":0,"profile_ns":0,"health_ns":0,"query_wait_ms":0,"query_map_ms":0,"query_encode_ms":0,"query_copied_bytes":0}
phase-progress {"kind":"health_end","phase":"health","frame":17,"submitted":16,"completed":16,"bodies":940,"joints":840,"physics_ns":0,"draw_ns":0,"render_ns":0,"ui_ns":0,"commit_ns":0,"profile_ns":0,"health_ns":230243486,"query_wait_ms":0,"query_map_ms":0,"query_encode_ms":0,"query_copied_bytes":0}
phase-progress {"kind":"phase","phase":"profile","frame":17,"submitted":16,"completed":16,"bodies":940,"joints":840,"physics_ns":255639809,"draw_ns":0,"render_ns":0,"ui_ns":0,"commit_ns":0,"profile_ns":0,"health_ns":230243486,"query_wait_ms":0,"query_map_ms":0,"query_encode_ms":0,"query_copied_bytes":0}
phase-progress {"kind":"phase","phase":"pick","frame":17,"submitted":16,"completed":16,"bodies":940,"joints":840,"physics_ns":255639809,"draw_ns":0,"render_ns":0,"ui_ns":0,"commit_ns":0,"profile_ns":8174,"health_ns":230243486,"query_wait_ms":0,"query_map_ms":0,"query_encode_ms":0,"query_copied_bytes":0}
phase-progress {"kind":"phase","phase":"draw","frame":17,"submitted":16,"completed":16,"bodies":940,"joints":840,"physics_ns":255639809,"draw_ns":0,"render_ns":0,"ui_ns":0,"commit_ns":0,"profile_ns":8174,"health_ns":230243486,"query_wait_ms":6.80000012e-05,"query_map_ms":0.00315,"query_encode_ms":0.0795169994,"query_copied_bytes":64}
phase-progress {"kind":"phase","phase":"render","frame":17,"submitted":17,"completed":17,"bodies":940,"joints":840,"physics_ns":255639809,"draw_ns":236458,"render_ns":0,"ui_ns":0,"commit_ns":0,"profile_ns":8174,"health_ns":230243486,"query_wait_ms":6.80000012e-05,"query_map_ms":0.00315,"query_encode_ms":0.0795169994,"query_copied_bytes":64}
phase-progress {"kind":"phase","phase":"ui","frame":17,"submitted":17,"completed":17,"bodies":940,"joints":840,"physics_ns":255639809,"draw_ns":236458,"render_ns":250657022,"ui_ns":0,"commit_ns":0,"profile_ns":8174,"health_ns":230243486,"query_wait_ms":6.80000012e-05,"query_map_ms":0.00315,"query_encode_ms":0.0795169994,"query_copied_bytes":64}
phase-progress {"kind":"phase","phase":"commit","frame":17,"submitted":17,"completed":17,"bodies":940,"joints":840,"physics_ns":255639809,"draw_ns":236458,"render_ns":250657022,"ui_ns":88372,"commit_ns":0,"profile_ns":8174,"health_ns":230243486,"query_wait_ms":6.80000012e-05,"query_map_ms":0.00315,"query_encode_ms":0.0795169994,"query_copied_bytes":64}
phase-progress {"kind":"phase","phase":"limiter","frame":17,"submitted":17,"completed":17,"bodies":940,"joints":840,"physics_ns":255639809,"draw_ns":236458,"render_ns":250657022,"ui_ns":88372,"commit_ns":15900,"profile_ns":8174,"health_ns":230243486,"query_wait_ms":6.80000012e-05,"query_map_ms":0.00315,"query_encode_ms":0.0795169994,"query_copied_bytes":64}
phase-progress {"kind":"phase","phase":"end","frame":17,"submitted":17,"completed":17,"bodies":940,"joints":840,"physics_ns":255639809,"draw_ns":236458,"render_ns":250657022,"ui_ns":88372,"commit_ns":15900,"profile_ns":8174,"health_ns":230243486,"query_wait_ms":6.80000012e-05,"query_map_ms":0.00315,"query_encode_ms":0.0795169994,"query_copied_bytes":64}
phase-progress {"kind":"frame","phase":"end","frame":17,"submitted":17,"completed":17,"bodies":940,"joints":840,"physics_ns":255639809,"draw_ns":236458,"render_ns":250657022,"ui_ns":88372,"commit_ns":15900,"profile_ns":8174,"health_ns":230243486,"query_wait_ms":6.80000012e-05,"query_map_ms":0.00315,"query_encode_ms":0.0795169994,"query_copied_bytes":64}
phase-progress {"kind":"phase","phase":"setters","frame":18,"submitted":17,"completed":17,"bodies":0,"joints":0,"physics_ns":0,"draw_ns":0,"render_ns":0,"ui_ns":0,"commit_ns":0,"profile_ns":0,"health_ns":0,"query_wait_ms":0,"query_map_ms":0,"query_encode_ms":0,"query_copied_bytes":0}
phase-progress {"kind":"phase","phase":"physics","frame":18,"submitted":17,"completed":17,"bodies":0,"joints":0,"physics_ns":0,"draw_ns":0,"render_ns":0,"ui_ns":0,"commit_ns":0,"profile_ns":0,"health_ns":0,"query_wait_ms":0,"query_map_ms":0,"query_encode_ms":0,"query_copied_bytes":0}
phase-progress {"kind":"health_begin","phase":"health","frame":18,"submitted":17,"completed":17,"bodies":940,"joints":840,"physics_ns":0,"draw_ns":0,"render_ns":0,"ui_ns":0,"commit_ns":0,"profile_ns":0,"health_ns":0,"query_wait_ms":0,"query_map_ms":0,"query_encode_ms":0,"query_copied_bytes":0}
phase-progress {"kind":"health_end","phase":"health","frame":18,"submitted":17,"completed":17,"bodies":940,"joints":840,"physics_ns":0,"draw_ns":0,"render_ns":0,"ui_ns":0,"commit_ns":0,"profile_ns":0,"health_ns":187058156,"query_wait_ms":0,"query_map_ms":0,"query_encode_ms":0,"query_copied_bytes":0}
phase-progress {"kind":"phase","phase":"profile","frame":18,"submitted":17,"completed":17,"bodies":940,"joints":840,"physics_ns":189315724,"draw_ns":0,"render_ns":0,"ui_ns":0,"commit_ns":0,"profile_ns":0,"health_ns":187058156,"query_wait_ms":0,"query_map_ms":0,"query_encode_ms":0,"query_copied_bytes":0}
phase-progress {"kind":"phase","phase":"pick","frame":18,"submitted":17,"completed":17,"bodies":940,"joints":840,"physics_ns":189315724,"draw_ns":0,"render_ns":0,"ui_ns":0,"commit_ns":0,"profile_ns":8336,"health_ns":187058156,"query_wait_ms":0,"query_map_ms":0,"query_encode_ms":0,"query_copied_bytes":0}
phase-progress {"kind":"phase","phase":"draw","frame":18,"submitted":17,"completed":17,"bodies":940,"joints":840,"physics_ns":189315724,"draw_ns":0,"render_ns":0,"ui_ns":0,"commit_ns":0,"profile_ns":8336,"health_ns":187058156,"query_wait_ms":6.80000012e-05,"query_map_ms":0.00316599989,"query_encode_ms":0.0789859965,"query_copied_bytes":64}
phase-progress {"kind":"phase","phase":"render","frame":18,"submitted":18,"completed":18,"bodies":940,"joints":840,"physics_ns":189315724,"draw_ns":167759,"render_ns":0,"ui_ns":0,"commit_ns":0,"profile_ns":8336,"health_ns":187058156,"query_wait_ms":6.80000012e-05,"query_map_ms":0.00316599989,"query_encode_ms":0.0789859965,"query_copied_bytes":64}
phase-progress {"kind":"phase","phase":"ui","frame":18,"submitted":18,"completed":18,"bodies":940,"joints":840,"physics_ns":189315724,"draw_ns":167759,"render_ns":242846866,"ui_ns":0,"commit_ns":0,"profile_ns":8336,"health_ns":187058156,"query_wait_ms":6.80000012e-05,"query_map_ms":0.00316599989,"query_encode_ms":0.0789859965,"query_copied_bytes":64}
phase-progress {"kind":"phase","phase":"commit","frame":18,"submitted":18,"completed":18,"bodies":940,"joints":840,"physics_ns":189315724,"draw_ns":167759,"render_ns":242846866,"ui_ns":87342,"commit_ns":0,"profile_ns":8336,"health_ns":187058156,"query_wait_ms":6.80000012e-05,"query_map_ms":0.00316599989,"query_encode_ms":0.0789859965,"query_copied_bytes":64}
phase-progress {"kind":"phase","phase":"limiter","frame":18,"submitted":18,"completed":18,"bodies":940,"joints":840,"physics_ns":189315724,"draw_ns":167759,"render_ns":242846866,"ui_ns":87342,"commit_ns":15974,"profile_ns":8336,"health_ns":187058156,"query_wait_ms":6.80000012e-05,"query_map_ms":0.00316599989,"query_encode_ms":0.0789859965,"query_copied_bytes":64}
phase-progress {"kind":"phase","phase":"end","frame":18,"submitted":18,"completed":18,"bodies":940,"joints":840,"physics_ns":189315724,"draw_ns":167759,"render_ns":242846866,"ui_ns":87342,"commit_ns":15974,"profile_ns":8336,"health_ns":187058156,"query_wait_ms":6.80000012e-05,"query_map_ms":0.00316599989,"query_encode_ms":0.0789859965,"query_copied_bytes":64}
phase-progress {"kind":"frame","phase":"end","frame":18,"submitted":18,"completed":18,"bodies":940,"joints":840,"physics_ns":189315724,"draw_ns":167759,"render_ns":242846866,"ui_ns":87342,"commit_ns":15974,"profile_ns":8336,"health_ns":187058156,"query_wait_ms":6.80000012e-05,"query_map_ms":0.00316599989,"query_encode_ms":0.0789859965,"query_copied_bytes":64}
phase-progress {"kind":"phase","phase":"setters","frame":19,"submitted":18,"completed":18,"bodies":0,"joints":0,"physics_ns":0,"draw_ns":0,"render_ns":0,"ui_ns":0,"commit_ns":0,"profile_ns":0,"health_ns":0,"query_wait_ms":0,"query_map_ms":0,"query_encode_ms":0,"query_copied_bytes":0}
phase-progress {"kind":"phase","phase":"physics","frame":19,"submitted":18,"completed":18,"bodies":0,"joints":0,"physics_ns":0,"draw_ns":0,"render_ns":0,"ui_ns":0,"commit_ns":0,"profile_ns":0,"health_ns":0,"query_wait_ms":0,"query_map_ms":0,"query_encode_ms":0,"query_copied_bytes":0}
phase-progress {"kind":"health_begin","phase":"health","frame":19,"submitted":18,"completed":18,"bodies":940,"joints":840,"physics_ns":0,"draw_ns":0,"render_ns":0,"ui_ns":0,"commit_ns":0,"profile_ns":0,"health_ns":0,"query_wait_ms":0,"query_map_ms":0,"query_encode_ms":0,"query_copied_bytes":0}
phase-progress {"kind":"health_end","phase":"health","frame":19,"submitted":18,"completed":18,"bodies":940,"joints":840,"physics_ns":0,"draw_ns":0,"render_ns":0,"ui_ns":0,"commit_ns":0,"profile_ns":0,"health_ns":204371211,"query_wait_ms":0,"query_map_ms":0,"query_encode_ms":0,"query_copied_bytes":0}
phase-progress {"kind":"phase","phase":"profile","frame":19,"submitted":18,"completed":18,"bodies":940,"joints":840,"physics_ns":206821778,"draw_ns":0,"render_ns":0,"ui_ns":0,"commit_ns":0,"profile_ns":0,"health_ns":204371211,"query_wait_ms":0,"query_map_ms":0,"query_encode_ms":0,"query_copied_bytes":0}
phase-progress {"kind":"phase","phase":"pick","frame":19,"submitted":18,"completed":18,"bodies":940,"joints":840,"physics_ns":206821778,"draw_ns":0,"render_ns":0,"ui_ns":0,"commit_ns":0,"profile_ns":8155,"health_ns":204371211,"query_wait_ms":0,"query_map_ms":0,"query_encode_ms":0,"query_copied_bytes":0}
phase-progress {"kind":"phase","phase":"draw","frame":19,"submitted":18,"completed":18,"bodies":940,"joints":840,"physics_ns":206821778,"draw_ns":0,"render_ns":0,"ui_ns":0,"commit_ns":0,"profile_ns":8155,"health_ns":204371211,"query_wait_ms":8.50000069e-05,"query_map_ms":0.00314499997,"query_encode_ms":0.0786230043,"query_copied_bytes":64}
phase-progress {"kind":"phase","phase":"render","frame":19,"submitted":19,"completed":19,"bodies":940,"joints":840,"physics_ns":206821778,"draw_ns":168272,"render_ns":0,"ui_ns":0,"commit_ns":0,"profile_ns":8155,"health_ns":204371211,"query_wait_ms":8.50000069e-05,"query_map_ms":0.00314499997,"query_encode_ms":0.0786230043,"query_copied_bytes":64}
phase-progress {"kind":"phase","phase":"ui","frame":19,"submitted":19,"completed":19,"bodies":940,"joints":840,"physics_ns":206821778,"draw_ns":168272,"render_ns":250813720,"ui_ns":0,"commit_ns":0,"profile_ns":8155,"health_ns":204371211,"query_wait_ms":8.50000069e-05,"query_map_ms":0.00314499997,"query_encode_ms":0.0786230043,"query_copied_bytes":64}
phase-progress {"kind":"phase","phase":"commit","frame":19,"submitted":19,"completed":19,"bodies":940,"joints":840,"physics_ns":206821778,"draw_ns":168272,"render_ns":250813720,"ui_ns":89577,"commit_ns":0,"profile_ns":8155,"health_ns":204371211,"query_wait_ms":8.50000069e-05,"query_map_ms":0.00314499997,"query_encode_ms":0.0786230043,"query_copied_bytes":64}
phase-progress {"kind":"phase","phase":"limiter","frame":19,"submitted":19,"completed":19,"bodies":940,"joints":840,"physics_ns":206821778,"draw_ns":168272,"render_ns":250813720,"ui_ns":89577,"commit_ns":29046,"profile_ns":8155,"health_ns":204371211,"query_wait_ms":8.50000069e-05,"query_map_ms":0.00314499997,"query_encode_ms":0.0786230043,"query_copied_bytes":64}
phase-progress {"kind":"phase","phase":"end","frame":19,"submitted":19,"completed":19,"bodies":940,"joints":840,"physics_ns":206821778,"draw_ns":168272,"render_ns":250813720,"ui_ns":89577,"commit_ns":29046,"profile_ns":8155,"health_ns":204371211,"query_wait_ms":8.50000069e-05,"query_map_ms":0.00314499997,"query_encode_ms":0.0786230043,"query_copied_bytes":64}
phase-progress {"kind":"frame","phase":"end","frame":19,"submitted":19,"completed":19,"bodies":940,"joints":840,"physics_ns":206821778,"draw_ns":168272,"render_ns":250813720,"ui_ns":89577,"commit_ns":29046,"profile_ns":8155,"health_ns":204371211,"query_wait_ms":8.50000069e-05,"query_map_ms":0.00314499997,"query_encode_ms":0.0786230043,"query_copied_bytes":64}
phase-progress {"kind":"phase","phase":"setters","frame":20,"submitted":19,"completed":19,"bodies":0,"joints":0,"physics_ns":0,"draw_ns":0,"render_ns":0,"ui_ns":0,"commit_ns":0,"profile_ns":0,"health_ns":0,"query_wait_ms":0,"query_map_ms":0,"query_encode_ms":0,"query_copied_bytes":0}
phase-progress {"kind":"phase","phase":"physics","frame":20,"submitted":19,"completed":19,"bodies":0,"joints":0,"physics_ns":0,"draw_ns":0,"render_ns":0,"ui_ns":0,"commit_ns":0,"profile_ns":0,"health_ns":0,"query_wait_ms":0,"query_map_ms":0,"query_encode_ms":0,"query_copied_bytes":0}
phase-progress {"kind":"health_begin","phase":"health","frame":20,"submitted":19,"completed":19,"bodies":940,"joints":840,"physics_ns":0,"draw_ns":0,"render_ns":0,"ui_ns":0,"commit_ns":0,"profile_ns":0,"health_ns":0,"query_wait_ms":0,"query_map_ms":0,"query_encode_ms":0,"query_copied_bytes":0}
phase-progress {"kind":"health_end","phase":"health","frame":20,"submitted":19,"completed":19,"bodies":940,"joints":840,"physics_ns":0,"draw_ns":0,"render_ns":0,"ui_ns":0,"commit_ns":0,"profile_ns":0,"health_ns":250387289,"query_wait_ms":0,"query_map_ms":0,"query_encode_ms":0,"query_copied_bytes":0}
phase-progress {"kind":"phase","phase":"profile","frame":20,"submitted":19,"completed":19,"bodies":940,"joints":840,"physics_ns":252620732,"draw_ns":0,"render_ns":0,"ui_ns":0,"commit_ns":0,"profile_ns":0,"health_ns":250387289,"query_wait_ms":0,"query_map_ms":0,"query_encode_ms":0,"query_copied_bytes":0}
phase-progress {"kind":"phase","phase":"pick","frame":20,"submitted":19,"completed":19,"bodies":940,"joints":840,"physics_ns":252620732,"draw_ns":0,"render_ns":0,"ui_ns":0,"commit_ns":0,"profile_ns":8220,"health_ns":250387289,"query_wait_ms":0,"query_map_ms":0,"query_encode_ms":0,"query_copied_bytes":0}
phase-progress {"kind":"phase","phase":"draw","frame":20,"submitted":19,"completed":19,"bodies":940,"joints":840,"physics_ns":252620732,"draw_ns":0,"render_ns":0,"ui_ns":0,"commit_ns":0,"profile_ns":8220,"health_ns":250387289,"query_wait_ms":6.80000012e-05,"query_map_ms":0.00330500002,"query_encode_ms":0.0837909952,"query_copied_bytes":64}
phase-progress {"kind":"phase","phase":"render","frame":20,"submitted":20,"completed":20,"bodies":940,"joints":840,"physics_ns":252620732,"draw_ns":168111,"render_ns":0,"ui_ns":0,"commit_ns":0,"profile_ns":8220,"health_ns":250387289,"query_wait_ms":6.80000012e-05,"query_map_ms":0.00330500002,"query_encode_ms":0.0837909952,"query_copied_bytes":64}
phase-progress {"kind":"phase","phase":"ui","frame":20,"submitted":20,"completed":20,"bodies":940,"joints":840,"physics_ns":252620732,"draw_ns":168111,"render_ns":249820436,"ui_ns":0,"commit_ns":0,"profile_ns":8220,"health_ns":250387289,"query_wait_ms":6.80000012e-05,"query_map_ms":0.00330500002,"query_encode_ms":0.0837909952,"query_copied_bytes":64}
phase-progress {"kind":"phase","phase":"commit","frame":20,"submitted":20,"completed":20,"bodies":940,"joints":840,"physics_ns":252620732,"draw_ns":168111,"render_ns":249820436,"ui_ns":92325,"commit_ns":0,"profile_ns":8220,"health_ns":250387289,"query_wait_ms":6.80000012e-05,"query_map_ms":0.00330500002,"query_encode_ms":0.0837909952,"query_copied_bytes":64}
phase-progress {"kind":"phase","phase":"limiter","frame":20,"submitted":20,"completed":20,"bodies":940,"joints":840,"physics_ns":252620732,"draw_ns":168111,"render_ns":249820436,"ui_ns":92325,"commit_ns":29380,"profile_ns":8220,"health_ns":250387289,"query_wait_ms":6.80000012e-05,"query_map_ms":0.00330500002,"query_encode_ms":0.0837909952,"query_copied_bytes":64}
phase-progress {"kind":"phase","phase":"end","frame":20,"submitted":20,"completed":20,"bodies":940,"joints":840,"physics_ns":252620732,"draw_ns":168111,"render_ns":249820436,"ui_ns":92325,"commit_ns":29380,"profile_ns":8220,"health_ns":250387289,"query_wait_ms":6.80000012e-05,"query_map_ms":0.00330500002,"query_encode_ms":0.0837909952,"query_copied_bytes":64}
phase-progress {"kind":"frame","phase":"end","frame":20,"submitted":20,"completed":20,"bodies":940,"joints":840,"physics_ns":252620732,"draw_ns":168111,"render_ns":249820436,"ui_ns":92325,"commit_ns":29380,"profile_ns":8220,"health_ns":250387289,"query_wait_ms":6.80000012e-05,"query_map_ms":0.00330500002,"query_encode_ms":0.0837909952,"query_copied_bytes":64}
phase-progress {"kind":"phase","phase":"setters","frame":21,"submitted":20,"completed":20,"bodies":0,"joints":0,"physics_ns":0,"draw_ns":0,"render_ns":0,"ui_ns":0,"commit_ns":0,"profile_ns":0,"health_ns":0,"query_wait_ms":0,"query_map_ms":0,"query_encode_ms":0,"query_copied_bytes":0}
phase-progress {"kind":"phase","phase":"physics","frame":21,"submitted":20,"completed":20,"bodies":0,"joints":0,"physics_ns":0,"draw_ns":0,"render_ns":0,"ui_ns":0,"commit_ns":0,"profile_ns":0,"health_ns":0,"query_wait_ms":0,"query_map_ms":0,"query_encode_ms":0,"query_copied_bytes":0}
phase-progress {"kind":"health_begin","phase":"health","frame":21,"submitted":20,"completed":20,"bodies":940,"joints":840,"physics_ns":0,"draw_ns":0,"render_ns":0,"ui_ns":0,"commit_ns":0,"profile_ns":0,"health_ns":0,"query_wait_ms":0,"query_map_ms":0,"query_encode_ms":0,"query_copied_bytes":0}
phase-progress {"kind":"health_end","phase":"health","frame":21,"submitted":20,"completed":20,"bodies":940,"joints":840,"physics_ns":0,"draw_ns":0,"render_ns":0,"ui_ns":0,"commit_ns":0,"profile_ns":0,"health_ns":200973683,"query_wait_ms":0,"query_map_ms":0,"query_encode_ms":0,"query_copied_bytes":0}
phase-progress {"kind":"phase","phase":"profile","frame":21,"submitted":20,"completed":20,"bodies":940,"joints":840,"physics_ns":202988016,"draw_ns":0,"render_ns":0,"ui_ns":0,"commit_ns":0,"profile_ns":0,"health_ns":200973683,"query_wait_ms":0,"query_map_ms":0,"query_encode_ms":0,"query_copied_bytes":0}
phase-progress {"kind":"phase","phase":"pick","frame":21,"submitted":20,"completed":20,"bodies":940,"joints":840,"physics_ns":202988016,"draw_ns":0,"render_ns":0,"ui_ns":0,"commit_ns":0,"profile_ns":8193,"health_ns":200973683,"query_wait_ms":0,"query_map_ms":0,"query_encode_ms":0,"query_copied_bytes":0}
phase-progress {"kind":"phase","phase":"draw","frame":21,"submitted":20,"completed":20,"bodies":940,"joints":840,"physics_ns":202988016,"draw_ns":0,"render_ns":0,"ui_ns":0,"commit_ns":0,"profile_ns":8193,"health_ns":200973683,"query_wait_ms":7.70000042e-05,"query_map_ms":0.00313600013,"query_encode_ms":0.0802190006,"query_copied_bytes":64}
phase-progress {"kind":"phase","phase":"render","frame":21,"submitted":21,"completed":21,"bodies":940,"joints":840,"physics_ns":202988016,"draw_ns":167601,"render_ns":0,"ui_ns":0,"commit_ns":0,"profile_ns":8193,"health_ns":200973683,"query_wait_ms":7.70000042e-05,"query_map_ms":0.00313600013,"query_encode_ms":0.0802190006,"query_copied_bytes":64}
phase-progress {"kind":"phase","phase":"ui","frame":21,"submitted":21,"completed":21,"bodies":940,"joints":840,"physics_ns":202988016,"draw_ns":167601,"render_ns":240698813,"ui_ns":0,"commit_ns":0,"profile_ns":8193,"health_ns":200973683,"query_wait_ms":7.70000042e-05,"query_map_ms":0.00313600013,"query_encode_ms":0.0802190006,"query_copied_bytes":64}
phase-progress {"kind":"phase","phase":"commit","frame":21,"submitted":21,"completed":21,"bodies":940,"joints":840,"physics_ns":202988016,"draw_ns":167601,"render_ns":240698813,"ui_ns":101814,"commit_ns":0,"profile_ns":8193,"health_ns":200973683,"query_wait_ms":7.70000042e-05,"query_map_ms":0.00313600013,"query_encode_ms":0.0802190006,"query_copied_bytes":64}
phase-progress {"kind":"phase","phase":"limiter","frame":21,"submitted":21,"completed":21,"bodies":940,"joints":840,"physics_ns":202988016,"draw_ns":167601,"render_ns":240698813,"ui_ns":101814,"commit_ns":15778,"profile_ns":8193,"health_ns":200973683,"query_wait_ms":7.70000042e-05,"query_map_ms":0.00313600013,"query_encode_ms":0.0802190006,"query_copied_bytes":64}
phase-progress {"kind":"phase","phase":"end","frame":21,"submitted":21,"completed":21,"bodies":940,"joints":840,"physics_ns":202988016,"draw_ns":167601,"render_ns":240698813,"ui_ns":101814,"commit_ns":15778,"profile_ns":8193,"health_ns":200973683,"query_wait_ms":7.70000042e-05,"query_map_ms":0.00313600013,"query_encode_ms":0.0802190006,"query_copied_bytes":64}
phase-progress {"kind":"frame","phase":"end","frame":21,"submitted":21,"completed":21,"bodies":940,"joints":840,"physics_ns":202988016,"draw_ns":167601,"render_ns":240698813,"ui_ns":101814,"commit_ns":15778,"profile_ns":8193,"health_ns":200973683,"query_wait_ms":7.70000042e-05,"query_map_ms":0.00313600013,"query_encode_ms":0.0802190006,"query_copied_bytes":64}
phase-progress {"kind":"phase","phase":"setters","frame":22,"submitted":21,"completed":21,"bodies":0,"joints":0,"physics_ns":0,"draw_ns":0,"render_ns":0,"ui_ns":0,"commit_ns":0,"profile_ns":0,"health_ns":0,"query_wait_ms":0,"query_map_ms":0,"query_encode_ms":0,"query_copied_bytes":0}
phase-progress {"kind":"phase","phase":"physics","frame":22,"submitted":21,"completed":21,"bodies":0,"joints":0,"physics_ns":0,"draw_ns":0,"render_ns":0,"ui_ns":0,"commit_ns":0,"profile_ns":0,"health_ns":0,"query_wait_ms":0,"query_map_ms":0,"query_encode_ms":0,"query_copied_bytes":0}
phase-progress {"kind":"health_begin","phase":"health","frame":22,"submitted":21,"completed":21,"bodies":940,"joints":840,"physics_ns":0,"draw_ns":0,"render_ns":0,"ui_ns":0,"commit_ns":0,"profile_ns":0,"health_ns":0,"query_wait_ms":0,"query_map_ms":0,"query_encode_ms":0,"query_copied_bytes":0}
phase-progress {"kind":"health_end","phase":"health","frame":22,"submitted":21,"completed":21,"bodies":940,"joints":840,"physics_ns":0,"draw_ns":0,"render_ns":0,"ui_ns":0,"commit_ns":0,"profile_ns":0,"health_ns":207438415,"query_wait_ms":0,"query_map_ms":0,"query_encode_ms":0,"query_copied_bytes":0}
phase-progress {"kind":"phase","phase":"profile","frame":22,"submitted":21,"completed":21,"bodies":940,"joints":840,"physics_ns":209715835,"draw_ns":0,"render_ns":0,"ui_ns":0,"commit_ns":0,"profile_ns":0,"health_ns":207438415,"query_wait_ms":0,"query_map_ms":0,"query_encode_ms":0,"query_copied_bytes":0}
phase-progress {"kind":"phase","phase":"pick","frame":22,"submitted":21,"completed":21,"bodies":940,"joints":840,"physics_ns":209715835,"draw_ns":0,"render_ns":0,"ui_ns":0,"commit_ns":0,"profile_ns":8218,"health_ns":207438415,"query_wait_ms":0,"query_map_ms":0,"query_encode_ms":0,"query_copied_bytes":0}
phase-progress {"kind":"phase","phase":"draw","frame":22,"submitted":21,"completed":21,"bodies":940,"joints":840,"physics_ns":209715835,"draw_ns":0,"render_ns":0,"ui_ns":0,"commit_ns":0,"profile_ns":8218,"health_ns":207438415,"query_wait_ms":6.70000009e-05,"query_map_ms":0.0119779995,"query_encode_ms":0.0772650018,"query_copied_bytes":64}
phase-progress {"kind":"phase","phase":"render","frame":22,"submitted":22,"completed":22,"bodies":940,"joints":840,"physics_ns":209715835,"draw_ns":166635,"render_ns":0,"ui_ns":0,"commit_ns":0,"profile_ns":8218,"health_ns":207438415,"query_wait_ms":6.70000009e-05,"query_map_ms":0.0119779995,"query_encode_ms":0.0772650018,"query_copied_bytes":64}
phase-progress {"kind":"phase","phase":"ui","frame":22,"submitted":22,"completed":22,"bodies":940,"joints":840,"physics_ns":209715835,"draw_ns":166635,"render_ns":237442417,"ui_ns":0,"commit_ns":0,"profile_ns":8218,"health_ns":207438415,"query_wait_ms":6.70000009e-05,"query_map_ms":0.0119779995,"query_encode_ms":0.0772650018,"query_copied_bytes":64}
phase-progress {"kind":"phase","phase":"commit","frame":22,"submitted":22,"completed":22,"bodies":940,"joints":840,"physics_ns":209715835,"draw_ns":166635,"render_ns":237442417,"ui_ns":100387,"commit_ns":0,"profile_ns":8218,"health_ns":207438415,"query_wait_ms":6.70000009e-05,"query_map_ms":0.0119779995,"query_encode_ms":0.0772650018,"query_copied_bytes":64}
phase-progress {"kind":"phase","phase":"limiter","frame":22,"submitted":22,"completed":22,"bodies":940,"joints":840,"physics_ns":209715835,"draw_ns":166635,"render_ns":237442417,"ui_ns":100387,"commit_ns":16123,"profile_ns":8218,"health_ns":207438415,"query_wait_ms":6.70000009e-05,"query_map_ms":0.0119779995,"query_encode_ms":0.0772650018,"query_copied_bytes":64}
phase-progress {"kind":"phase","phase":"end","frame":22,"submitted":22,"completed":22,"bodies":940,"joints":840,"physics_ns":209715835,"draw_ns":166635,"render_ns":237442417,"ui_ns":100387,"commit_ns":16123,"profile_ns":8218,"health_ns":207438415,"query_wait_ms":6.70000009e-05,"query_map_ms":0.0119779995,"query_encode_ms":0.0772650018,"query_copied_bytes":64}
phase-progress {"kind":"frame","phase":"end","frame":22,"submitted":22,"completed":22,"bodies":940,"joints":840,"physics_ns":209715835,"draw_ns":166635,"render_ns":237442417,"ui_ns":100387,"commit_ns":16123,"profile_ns":8218,"health_ns":207438415,"query_wait_ms":6.70000009e-05,"query_map_ms":0.0119779995,"query_encode_ms":0.0772650018,"query_copied_bytes":64}
phase-progress {"kind":"phase","phase":"setters","frame":23,"submitted":22,"completed":22,"bodies":0,"joints":0,"physics_ns":0,"draw_ns":0,"render_ns":0,"ui_ns":0,"commit_ns":0,"profile_ns":0,"health_ns":0,"query_wait_ms":0,"query_map_ms":0,"query_encode_ms":0,"query_copied_bytes":0}
phase-progress {"kind":"phase","phase":"physics","frame":23,"submitted":22,"completed":22,"bodies":0,"joints":0,"physics_ns":0,"draw_ns":0,"render_ns":0,"ui_ns":0,"commit_ns":0,"profile_ns":0,"health_ns":0,"query_wait_ms":0,"query_map_ms":0,"query_encode_ms":0,"query_copied_bytes":0}
phase-progress {"kind":"health_begin","phase":"health","frame":23,"submitted":22,"completed":22,"bodies":940,"joints":840,"physics_ns":0,"draw_ns":0,"render_ns":0,"ui_ns":0,"commit_ns":0,"profile_ns":0,"health_ns":0,"query_wait_ms":0,"query_map_ms":0,"query_encode_ms":0,"query_copied_bytes":0}
phase-progress {"kind":"health_end","phase":"health","frame":23,"submitted":22,"completed":22,"bodies":940,"joints":840,"physics_ns":0,"draw_ns":0,"render_ns":0,"ui_ns":0,"commit_ns":0,"profile_ns":0,"health_ns":216541206,"query_wait_ms":0,"query_map_ms":0,"query_encode_ms":0,"query_copied_bytes":0}
phase-progress {"kind":"phase","phase":"profile","frame":23,"submitted":22,"completed":22,"bodies":940,"joints":840,"physics_ns":218753590,"draw_ns":0,"render_ns":0,"ui_ns":0,"commit_ns":0,"profile_ns":0,"health_ns":216541206,"query_wait_ms":0,"query_map_ms":0,"query_encode_ms":0,"query_copied_bytes":0}
phase-progress {"kind":"phase","phase":"pick","frame":23,"submitted":22,"completed":22,"bodies":940,"joints":840,"physics_ns":218753590,"draw_ns":0,"render_ns":0,"ui_ns":0,"commit_ns":0,"profile_ns":8030,"health_ns":216541206,"query_wait_ms":0,"query_map_ms":0,"query_encode_ms":0,"query_copied_bytes":0}
phase-progress {"kind":"phase","phase":"draw","frame":23,"submitted":22,"completed":22,"bodies":940,"joints":840,"physics_ns":218753590,"draw_ns":0,"render_ns":0,"ui_ns":0,"commit_ns":0,"profile_ns":8030,"health_ns":216541206,"query_wait_ms":7.19999953e-05,"query_map_ms":0.00344999996,"query_encode_ms":0.0834770054,"query_copied_bytes":64}
phase-progress {"kind":"phase","phase":"render","frame":23,"submitted":23,"completed":23,"bodies":940,"joints":840,"physics_ns":218753590,"draw_ns":169436,"render_ns":0,"ui_ns":0,"commit_ns":0,"profile_ns":8030,"health_ns":216541206,"query_wait_ms":7.19999953e-05,"query_map_ms":0.00344999996,"query_encode_ms":0.0834770054,"query_copied_bytes":64}
phase-progress {"kind":"phase","phase":"ui","frame":23,"submitted":23,"completed":23,"bodies":940,"joints":840,"physics_ns":218753590,"draw_ns":169436,"render_ns":261172289,"ui_ns":0,"commit_ns":0,"profile_ns":8030,"health_ns":216541206,"query_wait_ms":7.19999953e-05,"query_map_ms":0.00344999996,"query_encode_ms":0.0834770054,"query_copied_bytes":64}
phase-progress {"kind":"phase","phase":"commit","frame":23,"submitted":23,"completed":23,"bodies":940,"joints":840,"physics_ns":218753590,"draw_ns":169436,"render_ns":261172289,"ui_ns":84746,"commit_ns":0,"profile_ns":8030,"health_ns":216541206,"query_wait_ms":7.19999953e-05,"query_map_ms":0.00344999996,"query_encode_ms":0.0834770054,"query_copied_bytes":64}
phase-progress {"kind":"phase","phase":"limiter","frame":23,"submitted":23,"completed":23,"bodies":940,"joints":840,"physics_ns":218753590,"draw_ns":169436,"render_ns":261172289,"ui_ns":84746,"commit_ns":15998,"profile_ns":8030,"health_ns":216541206,"query_wait_ms":7.19999953e-05,"query_map_ms":0.00344999996,"query_encode_ms":0.0834770054,"query_copied_bytes":64}
phase-progress {"kind":"phase","phase":"end","frame":23,"submitted":23,"completed":23,"bodies":940,"joints":840,"physics_ns":218753590,"draw_ns":169436,"render_ns":261172289,"ui_ns":84746,"commit_ns":15998,"profile_ns":8030,"health_ns":216541206,"query_wait_ms":7.19999953e-05,"query_map_ms":0.00344999996,"query_encode_ms":0.0834770054,"query_copied_bytes":64}
phase-progress {"kind":"frame","phase":"end","frame":23,"submitted":23,"completed":23,"bodies":940,"joints":840,"physics_ns":218753590,"draw_ns":169436,"render_ns":261172289,"ui_ns":84746,"commit_ns":15998,"profile_ns":8030,"health_ns":216541206,"query_wait_ms":7.19999953e-05,"query_map_ms":0.00344999996,"query_encode_ms":0.0834770054,"query_copied_bytes":64}
phase-progress {"kind":"phase","phase":"setters","frame":24,"submitted":23,"completed":23,"bodies":0,"joints":0,"physics_ns":0,"draw_ns":0,"render_ns":0,"ui_ns":0,"commit_ns":0,"profile_ns":0,"health_ns":0,"query_wait_ms":0,"query_map_ms":0,"query_encode_ms":0,"query_copied_bytes":0}
phase-progress {"kind":"phase","phase":"physics","frame":24,"submitted":23,"completed":23,"bodies":0,"joints":0,"physics_ns":0,"draw_ns":0,"render_ns":0,"ui_ns":0,"commit_ns":0,"profile_ns":0,"health_ns":0,"query_wait_ms":0,"query_map_ms":0,"query_encode_ms":0,"query_copied_bytes":0}
phase-progress {"kind":"health_begin","phase":"health","frame":24,"submitted":23,"completed":23,"bodies":940,"joints":840,"physics_ns":0,"draw_ns":0,"render_ns":0,"ui_ns":0,"commit_ns":0,"profile_ns":0,"health_ns":0,"query_wait_ms":0,"query_map_ms":0,"query_encode_ms":0,"query_copied_bytes":0}
phase-progress {"kind":"health_end","phase":"health","frame":24,"submitted":23,"completed":23,"bodies":940,"joints":840,"physics_ns":0,"draw_ns":0,"render_ns":0,"ui_ns":0,"commit_ns":0,"profile_ns":0,"health_ns":372542243,"query_wait_ms":0,"query_map_ms":0,"query_encode_ms":0,"query_copied_bytes":0}
phase-progress {"kind":"phase","phase":"profile","frame":24,"submitted":23,"completed":23,"bodies":940,"joints":840,"physics_ns":374763511,"draw_ns":0,"render_ns":0,"ui_ns":0,"commit_ns":0,"profile_ns":0,"health_ns":372542243,"query_wait_ms":0,"query_map_ms":0,"query_encode_ms":0,"query_copied_bytes":0}
phase-progress {"kind":"phase","phase":"pick","frame":24,"submitted":23,"completed":23,"bodies":940,"joints":840,"physics_ns":374763511,"draw_ns":0,"render_ns":0,"ui_ns":0,"commit_ns":0,"profile_ns":8189,"health_ns":372542243,"query_wait_ms":0,"query_map_ms":0,"query_encode_ms":0,"query_copied_bytes":0}
phase-progress {"kind":"phase","phase":"draw","frame":24,"submitted":23,"completed":23,"bodies":940,"joints":840,"physics_ns":374763511,"draw_ns":0,"render_ns":0,"ui_ns":0,"commit_ns":0,"profile_ns":8189,"health_ns":372542243,"query_wait_ms":8.10000056e-05,"query_map_ms":0.00310800015,"query_encode_ms":0.0790589973,"query_copied_bytes":64}
phase-progress {"kind":"phase","phase":"render","frame":24,"submitted":24,"completed":24,"bodies":940,"joints":840,"physics_ns":374763511,"draw_ns":168395,"render_ns":0,"ui_ns":0,"commit_ns":0,"profile_ns":8189,"health_ns":372542243,"query_wait_ms":8.10000056e-05,"query_map_ms":0.00310800015,"query_encode_ms":0.0790589973,"query_copied_bytes":64}
phase-progress {"kind":"phase","phase":"ui","frame":24,"submitted":24,"completed":24,"bodies":940,"joints":840,"physics_ns":374763511,"draw_ns":168395,"render_ns":241317724,"ui_ns":0,"commit_ns":0,"profile_ns":8189,"health_ns":372542243,"query_wait_ms":8.10000056e-05,"query_map_ms":0.00310800015,"query_encode_ms":0.0790589973,"query_copied_bytes":64}
phase-progress {"kind":"phase","phase":"commit","frame":24,"submitted":24,"completed":24,"bodies":940,"joints":840,"physics_ns":374763511,"draw_ns":168395,"render_ns":241317724,"ui_ns":93019,"commit_ns":0,"profile_ns":8189,"health_ns":372542243,"query_wait_ms":8.10000056e-05,"query_map_ms":0.00310800015,"query_encode_ms":0.0790589973,"query_copied_bytes":64}
phase-progress {"kind":"phase","phase":"limiter","frame":24,"submitted":24,"completed":24,"bodies":940,"joints":840,"physics_ns":374763511,"draw_ns":168395,"render_ns":241317724,"ui_ns":93019,"commit_ns":15995,"profile_ns":8189,"health_ns":372542243,"query_wait_ms":8.10000056e-05,"query_map_ms":0.00310800015,"query_encode_ms":0.0790589973,"query_copied_bytes":64}
phase-progress {"kind":"phase","phase":"end","frame":24,"submitted":24,"completed":24,"bodies":940,"joints":840,"physics_ns":374763511,"draw_ns":168395,"render_ns":241317724,"ui_ns":93019,"commit_ns":15995,"profile_ns":8189,"health_ns":372542243,"query_wait_ms":8.10000056e-05,"query_map_ms":0.00310800015,"query_encode_ms":0.0790589973,"query_copied_bytes":64}
phase-progress {"kind":"frame","phase":"end","frame":24,"submitted":24,"completed":24,"bodies":940,"joints":840,"physics_ns":374763511,"draw_ns":168395,"render_ns":241317724,"ui_ns":93019,"commit_ns":15995,"profile_ns":8189,"health_ns":372542243,"query_wait_ms":8.10000056e-05,"query_map_ms":0.00310800015,"query_encode_ms":0.0790589973,"query_copied_bytes":64}
phase-progress {"kind":"phase","phase":"setters","frame":25,"submitted":24,"completed":24,"bodies":0,"joints":0,"physics_ns":0,"draw_ns":0,"render_ns":0,"ui_ns":0,"commit_ns":0,"profile_ns":0,"health_ns":0,"query_wait_ms":0,"query_map_ms":0,"query_encode_ms":0,"query_copied_bytes":0}
phase-progress {"kind":"phase","phase":"physics","frame":25,"submitted":24,"completed":24,"bodies":0,"joints":0,"physics_ns":0,"draw_ns":0,"render_ns":0,"ui_ns":0,"commit_ns":0,"profile_ns":0,"health_ns":0,"query_wait_ms":0,"query_map_ms":0,"query_encode_ms":0,"query_copied_bytes":0}
phase-progress {"kind":"health_begin","phase":"health","frame":25,"submitted":24,"completed":24,"bodies":940,"joints":840,"physics_ns":0,"draw_ns":0,"render_ns":0,"ui_ns":0,"commit_ns":0,"profile_ns":0,"health_ns":0,"query_wait_ms":0,"query_map_ms":0,"query_encode_ms":0,"query_copied_bytes":0}
phase-progress {"kind":"health_end","phase":"health","frame":25,"submitted":24,"completed":24,"bodies":940,"joints":840,"physics_ns":0,"draw_ns":0,"render_ns":0,"ui_ns":0,"commit_ns":0,"profile_ns":0,"health_ns":337260980,"query_wait_ms":0,"query_map_ms":0,"query_encode_ms":0,"query_copied_bytes":0}
phase-progress {"kind":"phase","phase":"profile","frame":25,"submitted":24,"completed":24,"bodies":940,"joints":840,"physics_ns":339480010,"draw_ns":0,"render_ns":0,"ui_ns":0,"commit_ns":0,"profile_ns":0,"health_ns":337260980,"query_wait_ms":0,"query_map_ms":0,"query_encode_ms":0,"query_copied_bytes":0}
phase-progress {"kind":"phase","phase":"pick","frame":25,"submitted":24,"completed":24,"bodies":940,"joints":840,"physics_ns":339480010,"draw_ns":0,"render_ns":0,"ui_ns":0,"commit_ns":0,"profile_ns":8229,"health_ns":337260980,"query_wait_ms":0,"query_map_ms":0,"query_encode_ms":0,"query_copied_bytes":0}
phase-progress {"kind":"phase","phase":"draw","frame":25,"submitted":24,"completed":24,"bodies":940,"joints":840,"physics_ns":339480010,"draw_ns":0,"render_ns":0,"ui_ns":0,"commit_ns":0,"profile_ns":8229,"health_ns":337260980,"query_wait_ms":7.59999966e-05,"query_map_ms":0.00309200003,"query_encode_ms":0.0807790011,"query_copied_bytes":64}
phase-progress {"kind":"phase","phase":"render","frame":25,"submitted":25,"completed":25,"bodies":940,"joints":840,"physics_ns":339480010,"draw_ns":190234,"render_ns":0,"ui_ns":0,"commit_ns":0,"profile_ns":8229,"health_ns":337260980,"query_wait_ms":7.59999966e-05,"query_map_ms":0.00309200003,"query_encode_ms":0.0807790011,"query_copied_bytes":64}
phase-progress {"kind":"phase","phase":"ui","frame":25,"submitted":25,"completed":25,"bodies":940,"joints":840,"physics_ns":339480010,"draw_ns":190234,"render_ns":260904703,"ui_ns":0,"commit_ns":0,"profile_ns":8229,"health_ns":337260980,"query_wait_ms":7.59999966e-05,"query_map_ms":0.00309200003,"query_encode_ms":0.0807790011,"query_copied_bytes":64}
phase-progress {"kind":"phase","phase":"commit","frame":25,"submitted":25,"completed":25,"bodies":940,"joints":840,"physics_ns":339480010,"draw_ns":190234,"render_ns":260904703,"ui_ns":100509,"commit_ns":0,"profile_ns":8229,"health_ns":337260980,"query_wait_ms":7.59999966e-05,"query_map_ms":0.00309200003,"query_encode_ms":0.0807790011,"query_copied_bytes":64}
phase-progress {"kind":"phase","phase":"limiter","frame":25,"submitted":25,"completed":25,"bodies":940,"joints":840,"physics_ns":339480010,"draw_ns":190234,"render_ns":260904703,"ui_ns":100509,"commit_ns":16451,"profile_ns":8229,"health_ns":337260980,"query_wait_ms":7.59999966e-05,"query_map_ms":0.00309200003,"query_encode_ms":0.0807790011,"query_copied_bytes":64}
phase-progress {"kind":"phase","phase":"end","frame":25,"submitted":25,"completed":25,"bodies":940,"joints":840,"physics_ns":339480010,"draw_ns":190234,"render_ns":260904703,"ui_ns":100509,"commit_ns":16451,"profile_ns":8229,"health_ns":337260980,"query_wait_ms":7.59999966e-05,"query_map_ms":0.00309200003,"query_encode_ms":0.0807790011,"query_copied_bytes":64}
phase-progress {"kind":"frame","phase":"end","frame":25,"submitted":25,"completed":25,"bodies":940,"joints":840,"physics_ns":339480010,"draw_ns":190234,"render_ns":260904703,"ui_ns":100509,"commit_ns":16451,"profile_ns":8229,"health_ns":337260980,"query_wait_ms":7.59999966e-05,"query_map_ms":0.00309200003,"query_encode_ms":0.0807790011,"query_copied_bytes":64}
phase-progress {"kind":"phase","phase":"setters","frame":26,"submitted":25,"completed":25,"bodies":0,"joints":0,"physics_ns":0,"draw_ns":0,"render_ns":0,"ui_ns":0,"commit_ns":0,"profile_ns":0,"health_ns":0,"query_wait_ms":0,"query_map_ms":0,"query_encode_ms":0,"query_copied_bytes":0}
phase-progress {"kind":"phase","phase":"physics","frame":26,"submitted":25,"completed":25,"bodies":0,"joints":0,"physics_ns":0,"draw_ns":0,"render_ns":0,"ui_ns":0,"commit_ns":0,"profile_ns":0,"health_ns":0,"query_wait_ms":0,"query_map_ms":0,"query_encode_ms":0,"query_copied_bytes":0}
phase-progress {"kind":"health_begin","phase":"health","frame":26,"submitted":25,"completed":25,"bodies":940,"joints":840,"physics_ns":0,"draw_ns":0,"render_ns":0,"ui_ns":0,"commit_ns":0,"profile_ns":0,"health_ns":0,"query_wait_ms":0,"query_map_ms":0,"query_encode_ms":0,"query_copied_bytes":0}
phase-progress {"kind":"health_end","phase":"health","frame":26,"submitted":25,"completed":25,"bodies":940,"joints":840,"physics_ns":0,"draw_ns":0,"render_ns":0,"ui_ns":0,"commit_ns":0,"profile_ns":0,"health_ns":374013683,"query_wait_ms":0,"query_map_ms":0,"query_encode_ms":0,"query_copied_bytes":0}
phase-progress {"kind":"phase","phase":"profile","frame":26,"submitted":25,"completed":25,"bodies":940,"joints":840,"physics_ns":376242696,"draw_ns":0,"render_ns":0,"ui_ns":0,"commit_ns":0,"profile_ns":0,"health_ns":374013683,"query_wait_ms":0,"query_map_ms":0,"query_encode_ms":0,"query_copied_bytes":0}
phase-progress {"kind":"phase","phase":"pick","frame":26,"submitted":25,"completed":25,"bodies":940,"joints":840,"physics_ns":376242696,"draw_ns":0,"render_ns":0,"ui_ns":0,"commit_ns":0,"profile_ns":8174,"health_ns":374013683,"query_wait_ms":0,"query_map_ms":0,"query_encode_ms":0,"query_copied_bytes":0}
phase-progress {"kind":"phase","phase":"draw","frame":26,"submitted":25,"completed":25,"bodies":940,"joints":840,"physics_ns":376242696,"draw_ns":0,"render_ns":0,"ui_ns":0,"commit_ns":0,"profile_ns":8174,"health_ns":374013683,"query_wait_ms":6.80000012e-05,"query_map_ms":0.0033460001,"query_encode_ms":0.0814360008,"query_copied_bytes":64}
phase-progress {"kind":"phase","phase":"render","frame":26,"submitted":26,"completed":26,"bodies":940,"joints":840,"physics_ns":376242696,"draw_ns":180141,"render_ns":0,"ui_ns":0,"commit_ns":0,"profile_ns":8174,"health_ns":374013683,"query_wait_ms":6.80000012e-05,"query_map_ms":0.0033460001,"query_encode_ms":0.0814360008,"query_copied_bytes":64}
phase-progress {"kind":"phase","phase":"ui","frame":26,"submitted":26,"completed":26,"bodies":940,"joints":840,"physics_ns":376242696,"draw_ns":180141,"render_ns":239138512,"ui_ns":0,"commit_ns":0,"profile_ns":8174,"health_ns":374013683,"query_wait_ms":6.80000012e-05,"query_map_ms":0.0033460001,"query_encode_ms":0.0814360008,"query_copied_bytes":64}
phase-progress {"kind":"phase","phase":"commit","frame":26,"submitted":26,"completed":26,"bodies":940,"joints":840,"physics_ns":376242696,"draw_ns":180141,"render_ns":239138512,"ui_ns":89673,"commit_ns":0,"profile_ns":8174,"health_ns":374013683,"query_wait_ms":6.80000012e-05,"query_map_ms":0.0033460001,"query_encode_ms":0.0814360008,"query_copied_bytes":64}
phase-progress {"kind":"phase","phase":"limiter","frame":26,"submitted":26,"completed":26,"bodies":940,"joints":840,"physics_ns":376242696,"draw_ns":180141,"render_ns":239138512,"ui_ns":89673,"commit_ns":15607,"profile_ns":8174,"health_ns":374013683,"query_wait_ms":6.80000012e-05,"query_map_ms":0.0033460001,"query_encode_ms":0.0814360008,"query_copied_bytes":64}
phase-progress {"kind":"phase","phase":"end","frame":26,"submitted":26,"completed":26,"bodies":940,"joints":840,"physics_ns":376242696,"draw_ns":180141,"render_ns":239138512,"ui_ns":89673,"commit_ns":15607,"profile_ns":8174,"health_ns":374013683,"query_wait_ms":6.80000012e-05,"query_map_ms":0.0033460001,"query_encode_ms":0.0814360008,"query_copied_bytes":64}
phase-progress {"kind":"frame","phase":"end","frame":26,"submitted":26,"completed":26,"bodies":940,"joints":840,"physics_ns":376242696,"draw_ns":180141,"render_ns":239138512,"ui_ns":89673,"commit_ns":15607,"profile_ns":8174,"health_ns":374013683,"query_wait_ms":6.80000012e-05,"query_map_ms":0.0033460001,"query_encode_ms":0.0814360008,"query_copied_bytes":64}
phase-progress {"kind":"phase","phase":"setters","frame":27,"submitted":26,"completed":26,"bodies":0,"joints":0,"physics_ns":0,"draw_ns":0,"render_ns":0,"ui_ns":0,"commit_ns":0,"profile_ns":0,"health_ns":0,"query_wait_ms":0,"query_map_ms":0,"query_encode_ms":0,"query_copied_bytes":0}
phase-progress {"kind":"phase","phase":"physics","frame":27,"submitted":26,"completed":26,"bodies":0,"joints":0,"physics_ns":0,"draw_ns":0,"render_ns":0,"ui_ns":0,"commit_ns":0,"profile_ns":0,"health_ns":0,"query_wait_ms":0,"query_map_ms":0,"query_encode_ms":0,"query_copied_bytes":0}
phase-progress {"kind":"health_begin","phase":"health","frame":27,"submitted":26,"completed":26,"bodies":940,"joints":840,"physics_ns":0,"draw_ns":0,"render_ns":0,"ui_ns":0,"commit_ns":0,"profile_ns":0,"health_ns":0,"query_wait_ms":0,"query_map_ms":0,"query_encode_ms":0,"query_copied_bytes":0}
phase-progress {"kind":"health_end","phase":"health","frame":27,"submitted":26,"completed":26,"bodies":940,"joints":840,"physics_ns":0,"draw_ns":0,"render_ns":0,"ui_ns":0,"commit_ns":0,"profile_ns":0,"health_ns":322023338,"query_wait_ms":0,"query_map_ms":0,"query_encode_ms":0,"query_copied_bytes":0}
phase-progress {"kind":"phase","phase":"profile","frame":27,"submitted":26,"completed":26,"bodies":940,"joints":840,"physics_ns":324247061,"draw_ns":0,"render_ns":0,"ui_ns":0,"commit_ns":0,"profile_ns":0,"health_ns":322023338,"query_wait_ms":0,"query_map_ms":0,"query_encode_ms":0,"query_copied_bytes":0}
phase-progress {"kind":"phase","phase":"pick","frame":27,"submitted":26,"completed":26,"bodies":940,"joints":840,"physics_ns":324247061,"draw_ns":0,"render_ns":0,"ui_ns":0,"commit_ns":0,"profile_ns":8552,"health_ns":322023338,"query_wait_ms":0,"query_map_ms":0,"query_encode_ms":0,"query_copied_bytes":0}
phase-progress {"kind":"phase","phase":"draw","frame":27,"submitted":26,"completed":26,"bodies":940,"joints":840,"physics_ns":324247061,"draw_ns":0,"render_ns":0,"ui_ns":0,"commit_ns":0,"profile_ns":8552,"health_ns":322023338,"query_wait_ms":7.79999973e-05,"query_map_ms":0.00325299986,"query_encode_ms":0.076191999,"query_copied_bytes":64}
phase-progress {"kind":"phase","phase":"render","frame":27,"submitted":27,"completed":27,"bodies":940,"joints":840,"physics_ns":324247061,"draw_ns":176144,"render_ns":0,"ui_ns":0,"commit_ns":0,"profile_ns":8552,"health_ns":322023338,"query_wait_ms":7.79999973e-05,"query_map_ms":0.00325299986,"query_encode_ms":0.076191999,"query_copied_bytes":64}
phase-progress {"kind":"phase","phase":"ui","frame":27,"submitted":27,"completed":27,"bodies":940,"joints":840,"physics_ns":324247061,"draw_ns":176144,"render_ns":249434754,"ui_ns":0,"commit_ns":0,"profile_ns":8552,"health_ns":322023338,"query_wait_ms":7.79999973e-05,"query_map_ms":0.00325299986,"query_encode_ms":0.076191999,"query_copied_bytes":64}
phase-progress {"kind":"phase","phase":"commit","frame":27,"submitted":27,"completed":27,"bodies":940,"joints":840,"physics_ns":324247061,"draw_ns":176144,"render_ns":249434754,"ui_ns":91304,"commit_ns":0,"profile_ns":8552,"health_ns":322023338,"query_wait_ms":7.79999973e-05,"query_map_ms":0.00325299986,"query_encode_ms":0.076191999,"query_copied_bytes":64}
phase-progress {"kind":"phase","phase":"limiter","frame":27,"submitted":27,"completed":27,"bodies":940,"joints":840,"physics_ns":324247061,"draw_ns":176144,"render_ns":249434754,"ui_ns":91304,"commit_ns":16628,"profile_ns":8552,"health_ns":322023338,"query_wait_ms":7.79999973e-05,"query_map_ms":0.00325299986,"query_encode_ms":0.076191999,"query_copied_bytes":64}
phase-progress {"kind":"phase","phase":"end","frame":27,"submitted":27,"completed":27,"bodies":940,"joints":840,"physics_ns":324247061,"draw_ns":176144,"render_ns":249434754,"ui_ns":91304,"commit_ns":16628,"profile_ns":8552,"health_ns":322023338,"query_wait_ms":7.79999973e-05,"query_map_ms":0.00325299986,"query_encode_ms":0.076191999,"query_copied_bytes":64}
phase-progress {"kind":"frame","phase":"end","frame":27,"submitted":27,"completed":27,"bodies":940,"joints":840,"physics_ns":324247061,"draw_ns":176144,"render_ns":249434754,"ui_ns":91304,"commit_ns":16628,"profile_ns":8552,"health_ns":322023338,"query_wait_ms":7.79999973e-05,"query_map_ms":0.00325299986,"query_encode_ms":0.076191999,"query_copied_bytes":64}
phase-progress {"kind":"phase","phase":"setters","frame":28,"submitted":27,"completed":27,"bodies":0,"joints":0,"physics_ns":0,"draw_ns":0,"render_ns":0,"ui_ns":0,"commit_ns":0,"profile_ns":0,"health_ns":0,"query_wait_ms":0,"query_map_ms":0,"query_encode_ms":0,"query_copied_bytes":0}
phase-progress {"kind":"phase","phase":"physics","frame":28,"submitted":27,"completed":27,"bodies":0,"joints":0,"physics_ns":0,"draw_ns":0,"render_ns":0,"ui_ns":0,"commit_ns":0,"profile_ns":0,"health_ns":0,"query_wait_ms":0,"query_map_ms":0,"query_encode_ms":0,"query_copied_bytes":0}
phase-progress {"kind":"health_begin","phase":"health","frame":28,"submitted":27,"completed":27,"bodies":940,"joints":840,"physics_ns":0,"draw_ns":0,"render_ns":0,"ui_ns":0,"commit_ns":0,"profile_ns":0,"health_ns":0,"query_wait_ms":0,"query_map_ms":0,"query_encode_ms":0,"query_copied_bytes":0}
phase-progress {"kind":"health_end","phase":"health","frame":28,"submitted":27,"completed":27,"bodies":940,"joints":840,"physics_ns":0,"draw_ns":0,"render_ns":0,"ui_ns":0,"commit_ns":0,"profile_ns":0,"health_ns":364319272,"query_wait_ms":0,"query_map_ms":0,"query_encode_ms":0,"query_copied_bytes":0}
phase-progress {"kind":"phase","phase":"profile","frame":28,"submitted":27,"completed":27,"bodies":940,"joints":840,"physics_ns":366550793,"draw_ns":0,"render_ns":0,"ui_ns":0,"commit_ns":0,"profile_ns":0,"health_ns":364319272,"query_wait_ms":0,"query_map_ms":0,"query_encode_ms":0,"query_copied_bytes":0}
phase-progress {"kind":"phase","phase":"pick","frame":28,"submitted":27,"completed":27,"bodies":940,"joints":840,"physics_ns":366550793,"draw_ns":0,"render_ns":0,"ui_ns":0,"commit_ns":0,"profile_ns":8314,"health_ns":364319272,"query_wait_ms":0,"query_map_ms":0,"query_encode_ms":0,"query_copied_bytes":0}
phase-progress {"kind":"phase","phase":"draw","frame":28,"submitted":27,"completed":27,"bodies":940,"joints":840,"physics_ns":366550793,"draw_ns":0,"render_ns":0,"ui_ns":0,"commit_ns":0,"profile_ns":8314,"health_ns":364319272,"query_wait_ms":7.10000022e-05,"query_map_ms":0.00319900014,"query_encode_ms":0.084273003,"query_copied_bytes":64}
phase-progress {"kind":"phase","phase":"render","frame":28,"submitted":28,"completed":28,"bodies":940,"joints":840,"physics_ns":366550793,"draw_ns":170252,"render_ns":0,"ui_ns":0,"commit_ns":0,"profile_ns":8314,"health_ns":364319272,"query_wait_ms":7.10000022e-05,"query_map_ms":0.00319900014,"query_encode_ms":0.084273003,"query_copied_bytes":64}
phase-progress {"kind":"phase","phase":"ui","frame":28,"submitted":28,"completed":28,"bodies":940,"joints":840,"physics_ns":366550793,"draw_ns":170252,"render_ns":250183345,"ui_ns":0,"commit_ns":0,"profile_ns":8314,"health_ns":364319272,"query_wait_ms":7.10000022e-05,"query_map_ms":0.00319900014,"query_encode_ms":0.084273003,"query_copied_bytes":64}
phase-progress {"kind":"phase","phase":"commit","frame":28,"submitted":28,"completed":28,"bodies":940,"joints":840,"physics_ns":366550793,"draw_ns":170252,"render_ns":250183345,"ui_ns":107541,"commit_ns":0,"profile_ns":8314,"health_ns":364319272,"query_wait_ms":7.10000022e-05,"query_map_ms":0.00319900014,"query_encode_ms":0.084273003,"query_copied_bytes":64}
phase-progress {"kind":"phase","phase":"limiter","frame":28,"submitted":28,"completed":28,"bodies":940,"joints":840,"physics_ns":366550793,"draw_ns":170252,"render_ns":250183345,"ui_ns":107541,"commit_ns":20492,"profile_ns":8314,"health_ns":364319272,"query_wait_ms":7.10000022e-05,"query_map_ms":0.00319900014,"query_encode_ms":0.084273003,"query_copied_bytes":64}
phase-progress {"kind":"phase","phase":"end","frame":28,"submitted":28,"completed":28,"bodies":940,"joints":840,"physics_ns":366550793,"draw_ns":170252,"render_ns":250183345,"ui_ns":107541,"commit_ns":20492,"profile_ns":8314,"health_ns":364319272,"query_wait_ms":7.10000022e-05,"query_map_ms":0.00319900014,"query_encode_ms":0.084273003,"query_copied_bytes":64}
phase-progress {"kind":"frame","phase":"end","frame":28,"submitted":28,"completed":28,"bodies":940,"joints":840,"physics_ns":366550793,"draw_ns":170252,"render_ns":250183345,"ui_ns":107541,"commit_ns":20492,"profile_ns":8314,"health_ns":364319272,"query_wait_ms":7.10000022e-05,"query_map_ms":0.00319900014,"query_encode_ms":0.084273003,"query_copied_bytes":64}
phase-progress {"kind":"phase","phase":"setters","frame":29,"submitted":28,"completed":28,"bodies":0,"joints":0,"physics_ns":0,"draw_ns":0,"render_ns":0,"ui_ns":0,"commit_ns":0,"profile_ns":0,"health_ns":0,"query_wait_ms":0,"query_map_ms":0,"query_encode_ms":0,"query_copied_bytes":0}
phase-progress {"kind":"phase","phase":"physics","frame":29,"submitted":28,"completed":28,"bodies":0,"joints":0,"physics_ns":0,"draw_ns":0,"render_ns":0,"ui_ns":0,"commit_ns":0,"profile_ns":0,"health_ns":0,"query_wait_ms":0,"query_map_ms":0,"query_encode_ms":0,"query_copied_bytes":0}
phase-progress {"kind":"health_begin","phase":"health","frame":29,"submitted":28,"completed":28,"bodies":940,"joints":840,"physics_ns":0,"draw_ns":0,"render_ns":0,"ui_ns":0,"commit_ns":0,"profile_ns":0,"health_ns":0,"query_wait_ms":0,"query_map_ms":0,"query_encode_ms":0,"query_copied_bytes":0}
phase-progress {"kind":"health_end","phase":"health","frame":29,"submitted":28,"completed":28,"bodies":940,"joints":840,"physics_ns":0,"draw_ns":0,"render_ns":0,"ui_ns":0,"commit_ns":0,"profile_ns":0,"health_ns":348841457,"query_wait_ms":0,"query_map_ms":0,"query_encode_ms":0,"query_copied_bytes":0}
phase-progress {"kind":"phase","phase":"profile","frame":29,"submitted":28,"completed":28,"bodies":940,"joints":840,"physics_ns":351088522,"draw_ns":0,"render_ns":0,"ui_ns":0,"commit_ns":0,"profile_ns":0,"health_ns":348841457,"query_wait_ms":0,"query_map_ms":0,"query_encode_ms":0,"query_copied_bytes":0}
phase-progress {"kind":"phase","phase":"pick","frame":29,"submitted":28,"completed":28,"bodies":940,"joints":840,"physics_ns":351088522,"draw_ns":0,"render_ns":0,"ui_ns":0,"commit_ns":0,"profile_ns":27805,"health_ns":348841457,"query_wait_ms":0,"query_map_ms":0,"query_encode_ms":0,"query_copied_bytes":0}
phase-progress {"kind":"phase","phase":"draw","frame":29,"submitted":28,"completed":28,"bodies":940,"joints":840,"physics_ns":351088522,"draw_ns":0,"render_ns":0,"ui_ns":0,"commit_ns":0,"profile_ns":27805,"health_ns":348841457,"query_wait_ms":6.90000015e-05,"query_map_ms":0.003119,"query_encode_ms":0.0780269951,"query_copied_bytes":64}
phase-progress {"kind":"phase","phase":"render","frame":29,"submitted":29,"completed":29,"bodies":940,"joints":840,"physics_ns":351088522,"draw_ns":174638,"render_ns":0,"ui_ns":0,"commit_ns":0,"profile_ns":27805,"health_ns":348841457,"query_wait_ms":6.90000015e-05,"query_map_ms":0.003119,"query_encode_ms":0.0780269951,"query_copied_bytes":64}
phase-progress {"kind":"phase","phase":"ui","frame":29,"submitted":29,"completed":29,"bodies":940,"joints":840,"physics_ns":351088522,"draw_ns":174638,"render_ns":248821200,"ui_ns":0,"commit_ns":0,"profile_ns":27805,"health_ns":348841457,"query_wait_ms":6.90000015e-05,"query_map_ms":0.003119,"query_encode_ms":0.0780269951,"query_copied_bytes":64}
phase-progress {"kind":"phase","phase":"commit","frame":29,"submitted":29,"completed":29,"bodies":940,"joints":840,"physics_ns":351088522,"draw_ns":174638,"render_ns":248821200,"ui_ns":87732,"commit_ns":0,"profile_ns":27805,"health_ns":348841457,"query_wait_ms":6.90000015e-05,"query_map_ms":0.003119,"query_encode_ms":0.0780269951,"query_copied_bytes":64}
phase-progress {"kind":"phase","phase":"limiter","frame":29,"submitted":29,"completed":29,"bodies":940,"joints":840,"physics_ns":351088522,"draw_ns":174638,"render_ns":248821200,"ui_ns":87732,"commit_ns":15861,"profile_ns":27805,"health_ns":348841457,"query_wait_ms":6.90000015e-05,"query_map_ms":0.003119,"query_encode_ms":0.0780269951,"query_copied_bytes":64}
phase-progress {"kind":"phase","phase":"end","frame":29,"submitted":29,"completed":29,"bodies":940,"joints":840,"physics_ns":351088522,"draw_ns":174638,"render_ns":248821200,"ui_ns":87732,"commit_ns":15861,"profile_ns":27805,"health_ns":348841457,"query_wait_ms":6.90000015e-05,"query_map_ms":0.003119,"query_encode_ms":0.0780269951,"query_copied_bytes":64}
phase-progress {"kind":"frame","phase":"end","frame":29,"submitted":29,"completed":29,"bodies":940,"joints":840,"physics_ns":351088522,"draw_ns":174638,"render_ns":248821200,"ui_ns":87732,"commit_ns":15861,"profile_ns":27805,"health_ns":348841457,"query_wait_ms":6.90000015e-05,"query_map_ms":0.003119,"query_encode_ms":0.0780269951,"query_copied_bytes":64}
phase-progress {"kind":"phase","phase":"setters","frame":30,"submitted":29,"completed":29,"bodies":0,"joints":0,"physics_ns":0,"draw_ns":0,"render_ns":0,"ui_ns":0,"commit_ns":0,"profile_ns":0,"health_ns":0,"query_wait_ms":0,"query_map_ms":0,"query_encode_ms":0,"query_copied_bytes":0}
phase-progress {"kind":"phase","phase":"physics","frame":30,"submitted":29,"completed":29,"bodies":0,"joints":0,"physics_ns":0,"draw_ns":0,"render_ns":0,"ui_ns":0,"commit_ns":0,"profile_ns":0,"health_ns":0,"query_wait_ms":0,"query_map_ms":0,"query_encode_ms":0,"query_copied_bytes":0}
phase-progress {"kind":"health_begin","phase":"health","frame":30,"submitted":29,"completed":29,"bodies":940,"joints":840,"physics_ns":0,"draw_ns":0,"render_ns":0,"ui_ns":0,"commit_ns":0,"profile_ns":0,"health_ns":0,"query_wait_ms":0,"query_map_ms":0,"query_encode_ms":0,"query_copied_bytes":0}
phase-progress {"kind":"health_end","phase":"health","frame":30,"submitted":29,"completed":29,"bodies":940,"joints":840,"physics_ns":0,"draw_ns":0,"render_ns":0,"ui_ns":0,"commit_ns":0,"profile_ns":0,"health_ns":377964315,"query_wait_ms":0,"query_map_ms":0,"query_encode_ms":0,"query_copied_bytes":0}
phase-progress {"kind":"phase","phase":"profile","frame":30,"submitted":29,"completed":29,"bodies":940,"joints":840,"physics_ns":380216378,"draw_ns":0,"render_ns":0,"ui_ns":0,"commit_ns":0,"profile_ns":0,"health_ns":377964315,"query_wait_ms":0,"query_map_ms":0,"query_encode_ms":0,"query_copied_bytes":0}
phase-progress {"kind":"phase","phase":"pick","frame":30,"submitted":29,"completed":29,"bodies":940,"joints":840,"physics_ns":380216378,"draw_ns":0,"render_ns":0,"ui_ns":0,"commit_ns":0,"profile_ns":14498,"health_ns":377964315,"query_wait_ms":0,"query_map_ms":0,"query_encode_ms":0,"query_copied_bytes":0}
phase-progress {"kind":"phase","phase":"draw","frame":30,"submitted":29,"completed":29,"bodies":940,"joints":840,"physics_ns":380216378,"draw_ns":0,"render_ns":0,"ui_ns":0,"commit_ns":0,"profile_ns":14498,"health_ns":377964315,"query_wait_ms":7.79999973e-05,"query_map_ms":0.0030619998,"query_encode_ms":0.0759299994,"query_copied_bytes":64}
phase-progress {"kind":"phase","phase":"render","frame":30,"submitted":30,"completed":30,"bodies":940,"joints":840,"physics_ns":380216378,"draw_ns":164659,"render_ns":0,"ui_ns":0,"commit_ns":0,"profile_ns":14498,"health_ns":377964315,"query_wait_ms":7.79999973e-05,"query_map_ms":0.0030619998,"query_encode_ms":0.0759299994,"query_copied_bytes":64}
phase-progress {"kind":"phase","phase":"ui","frame":30,"submitted":30,"completed":30,"bodies":940,"joints":840,"physics_ns":380216378,"draw_ns":164659,"render_ns":259672764,"ui_ns":0,"commit_ns":0,"profile_ns":14498,"health_ns":377964315,"query_wait_ms":7.79999973e-05,"query_map_ms":0.0030619998,"query_encode_ms":0.0759299994,"query_copied_bytes":64}
phase-progress {"kind":"phase","phase":"commit","frame":30,"submitted":30,"completed":30,"bodies":940,"joints":840,"physics_ns":380216378,"draw_ns":164659,"render_ns":259672764,"ui_ns":90545,"commit_ns":0,"profile_ns":14498,"health_ns":377964315,"query_wait_ms":7.79999973e-05,"query_map_ms":0.0030619998,"query_encode_ms":0.0759299994,"query_copied_bytes":64}
phase-progress {"kind":"phase","phase":"limiter","frame":30,"submitted":30,"completed":30,"bodies":940,"joints":840,"physics_ns":380216378,"draw_ns":164659,"render_ns":259672764,"ui_ns":90545,"commit_ns":15889,"profile_ns":14498,"health_ns":377964315,"query_wait_ms":7.79999973e-05,"query_map_ms":0.0030619998,"query_encode_ms":0.0759299994,"query_copied_bytes":64}
phase-progress {"kind":"phase","phase":"end","frame":30,"submitted":30,"completed":30,"bodies":940,"joints":840,"physics_ns":380216378,"draw_ns":164659,"render_ns":259672764,"ui_ns":90545,"commit_ns":15889,"profile_ns":14498,"health_ns":377964315,"query_wait_ms":7.79999973e-05,"query_map_ms":0.0030619998,"query_encode_ms":0.0759299994,"query_copied_bytes":64}
phase-progress {"kind":"frame","phase":"end","frame":30,"submitted":30,"completed":30,"bodies":940,"joints":840,"physics_ns":380216378,"draw_ns":164659,"render_ns":259672764,"ui_ns":90545,"commit_ns":15889,"profile_ns":14498,"health_ns":377964315,"query_wait_ms":7.79999973e-05,"query_map_ms":0.0030619998,"query_encode_ms":0.0759299994,"query_copied_bytes":64}
physics-pipeline-cache: save 6461406 bytes, success=true
samples: 30 frames, 0 sokol errors
